"id","qualified_api_name","fivetran_index","durable_id","last_modified_date","last_modified_by_id","namespace_prefix","developer_name","master_label","label","plural_label","default_compact_layout_id","is_customizable","is_apex_triggerable","is_workflow_enabled","is_process_enabled","is_compact_layoutable","deployment_status","key_prefix","is_custom_setting","is_deprecated_and_hidden","is_replicateable","is_retrieveable","is_search_layoutable","is_searchable","is_triggerable","is_id_enabled","is_ever_creatable","is_ever_updatable","is_ever_deletable","is_feed_enabled","is_queryable","is_mru_enabled","detail_url","edit_url","new_url","edit_definition_url","help_setting_page_name","help_setting_page_url","running_user_entity_access_id","publisher_id","is_layoutable","internal_sharing_model","external_sharing_model","has_subtypes","is_subtype","is_auto_activity_capture_enabled","is_interface","implements_interfaces","implemented_by","extends_interfaces","extended_by","default_implementation","_fivetran_deleted","_fivetran_synced"
"000000000000000AAA",PlatformAction,888,PlatformAction,,,,PlatformAction,Platform Action,Platform Action,Platform Actions,,false,false,false,false,false,,"0JV",false,false,false,false,false,false,false,true,true,true,false,false,true,false,/{ID},/{ID}/e,/0JV/e,,,,PlatformAction.005UZ00000BrdXxYAJ,System,false,ReadWrite,ReadWrite,false,false,false,false,,,,,,false,2025-04-14 08:28:36.396 -0700
"000000000000000AAA",PromptVersionLocalization,905,PromptVersionLocalization,,,,PromptVersionLocalization,Translation,Translation,Translation,,false,false,false,false,false,,"01j",false,false,true,true,false,false,false,true,true,true,true,false,true,false,/{ID},/{ID}/e,/01j/e,,,,PromptVersionLocalization.005UZ00000BrdXxYAJ,System,false,ReadWrite,ReadWrite,false,false,false,false,,,,,,false,2025-04-14 08:28:36.435 -0700
"000000000000000AAA",Gong__Note__History,587,"01IUZ0000004zxt.History",,,Gong,Note__History,History: Note,History: Note,History: Note,,false,false,false,false,false,,"017",false,false,true,true,false,false,false,true,true,false,true,false,true,false,/{ID},/{ID}/e,/017/e,,,,"01IUZ0000004zxt.History.005UZ00000BrdXxYAJ",System,false,ReadWrite,Private,false,false,false,false,,,,,,false,2025-04-14 08:28:34.606 -0700
"000000000000000AAA",LightningExperienceTheme,735,LightningExperienceTheme,,,,LightningExperienceTheme,Lightning Experience Theme,Lightning Experience Theme,Lightning Experience Themes,,false,false,false,false,false,,"0S1",false,false,false,true,false,false,false,true,true,true,true,false,true,false,/{ID},/{ID}/e,/0S1/e,,,,LightningExperienceTheme.005UZ00000BrdXxYAJ,System,false,ReadWrite,ReadWrite,false,false,false,false,,,,,,false,2025-04-14 08:28:34.926 -0700
"000000000000000AAA",EntitlementTemplate,464,EntitlementTemplate,,,,EntitlementTemplate,Entitlement Template,Entitlement Template,Entitlement Template,,false,false,false,false,false,,"551",false,false,false,true,false,false,false,true,true,true,true,false,true,false,/{ID},/{ID}/e,/551/e,,,,EntitlementTemplate.005UZ00000BrdXxYAJ,System,false,ReadWrite,ReadWrite,false,false,false,false,,,,,,false,2025-04-14 08:28:34.398 -0700
"000000000000000AAA",ContactPointConsent,273,ContactPointConsent,,,,ContactPointConsent,Contact Point Consent,Contact Point Consent,Contact Point Consents,ContactPointConsent.SYSTEM,true,true,true,true,true,,"0ZX",false,false,true,true,true,true,true,true,true,true,true,false,true,true,/{ID},/{ID}/e,/0ZX/e,,,,ContactPointConsent.005UZ00000BrdXxYAJ,System,true,Private,Private,false,false,false,false,,,,,,false,2025-04-14 08:28:32.685 -0700
"000000000000000AAA",agileed__District_Institution__ChangeEvent,1497,"01I8X0000018SqD.ChangeEvent",,,agileed,District_Institution__ChangeEvent,Change Event: District Institution,Change Event: District Institution,Change Event: District Institution,,false,true,false,false,false,,"1CE",false,false,false,true,false,false,true,false,true,true,true,false,false,false,/{ID},/{ID}/e,/1CE/e,,,,"01I8X0000018SqD.ChangeEvent.005UZ00000BrdXxYAJ",CDC,false,ReadWrite,Private,false,false,false,false,,,,,,false,2025-04-14 08:28:38.025 -0700
"000000000000000AAA",LinkedArticleHistory,745,LinkedArticleHistory,,,,LinkedArticleHistory,Linked Article History,Linked Article History,Linked Article History,,false,false,false,false,false,,"017",false,false,true,true,false,false,false,true,true,false,true,false,true,false,/{ID},/{ID}/e,/017/e,,,,LinkedArticleHistory.005UZ00000BrdXxYAJ,System,false,ReadWrite,ReadWrite,false,false,false,false,,,,,,false,2025-04-14 08:28:34.926 -0700
"000000000000000AAA",ActiveFeatureLicenseMetric,25,ActiveFeatureLicenseMetric,,,,ActiveFeatureLicenseMetric,Active Feature License Metric,Active Feature License Metric,Active Feature License Metrics,,false,false,false,false,false,,"5H2",false,false,false,true,false,false,false,true,true,true,true,false,true,false,/{ID},/{ID}/e,/5H2/e,,,,ActiveFeatureLicenseMetric.005UZ00000BrdXxYAJ,System,false,ReadWrite,ReadWrite,false,false,false,false,,,,,,false,2025-04-14 08:28:32.352 -0700
"000000000000000AAA",ProfileSkillHistory,1174,ProfileSkillHistory,,,,ProfileSkillHistory,Skill History,Skill History,Skill History,,false,false,false,false,false,,"017",false,false,true,true,false,false,false,true,true,false,true,false,true,false,/{ID},/{ID}/e,/017/e,,,,ProfileSkillHistory.005UZ00000BrdXxYAJ,System,false,ReadWrite,ReadWrite,false,false,false,false,,,,,,false,2025-04-14 08:28:36.610 -0700
"000000000000000AAA",Graphics_Pack_Example__ChangeEvent,609,"01IUZ000000Wh0F.ChangeEvent",,,,Graphics_Pack_Example__ChangeEvent,Change Event: Graphics Pack Example,Change Event: Graphics Pack Example,Change Event: Graphics Pack Example,,false,true,false,false,false,,"1CE",false,false,false,true,false,false,true,false,true,true,true,false,false,false,/{ID},/{ID}/e,/1CE/e,,,,"01IUZ000000Wh0F.ChangeEvent.005UZ00000BrdXxYAJ",CDC,false,ReadWrite,Private,false,false,false,false,,,,,,false,2025-04-14 08:28:34.675 -0700
"000000000000000AAA",ActiveProfileMetric,27,ActiveProfileMetric,,,,ActiveProfileMetric,Active Profile Metric,Active Profile Metric,Active Profile Metrics,,false,false,false,false,false,,"5H0",false,false,false,true,false,false,false,true,true,true,true,false,true,false,/{ID},/{ID}/e,/5H0/e,,,,ActiveProfileMetric.005UZ00000BrdXxYAJ,System,false,ReadWrite,ReadWrite,false,false,false,false,,,,,,false,2025-04-14 08:28:32.352 -0700
"000000000000000AAA",Account_Activity_Plan__ChangeEvent,20,"01I1L000002qPtd.ChangeEvent",,,,Account_Activity_Plan__ChangeEvent,Change Event: Account Activity Plan,Change Event: Account Activity Plan,Change Event: Account Activity Plan,,false,true,false,false,false,,"1CE",false,false,false,true,false,false,true,false,true,true,true,false,false,false,/{ID},/{ID}/e,/1CE/e,,,,"01I1L000002qPtd.ChangeEvent.005UZ00000BrdXxYAJ",CDC,false,ReadWrite,ReadWrite,false,false,false,false,,,,,,false,2025-04-14 08:28:32.335 -0700
"000000000000000AAA",Group,612,Group,,,,Group,Group,Group,Group,,false,false,false,false,false,,"00G",false,false,true,true,false,true,false,true,true,true,true,false,true,false,/{ID},/{ID}/e,/00G/e,,,,Group.005UZ00000BrdXxYAJ,System,false,ReadWrite,ReadWrite,false,false,false,false,,,,,,false,2025-04-14 08:28:34.675 -0700
"000000000000000AAA",AuthorizationFormShare,111,AuthorizationFormShare,,,,AuthorizationFormShare,Authorization Form Share,Authorization Form Share,Authorization Form Share,,false,false,false,false,false,,"02c",false,false,false,true,false,false,false,true,true,true,true,false,true,false,/{ID},/{ID}/e,/02c/e,,,,AuthorizationFormShare.005UZ00000BrdXxYAJ,System,false,Private,Private,false,false,false,false,,,,,,false,2025-04-14 08:28:32.420 -0700
"000000000000000AAA",SBQQ__TermCondition__ChangeEvent,1153,"01I41000002c7im.ChangeEvent",,,SBQQ,TermCondition__ChangeEvent,Change Event: Term Condition,Change Event: Term Condition,Change Event: Term Condition,,false,true,false,false,false,,"1CE",false,false,false,true,false,false,true,false,true,true,true,false,false,false,/{ID},/{ID}/e,/1CE/e,,,,"01I41000002c7im.ChangeEvent.005UZ00000BrdXxYAJ",CDC,false,ControlledByParent,ControlledByParent,false,false,false,false,,,,,,false,2025-04-14 08:28:36.608 -0700
"000000000000000AAA",MessagingSessionHistory,1007,MessagingSessionHistory,,,,MessagingSessionHistory,Messaging Session History,Messaging Session History,Messaging Session History,,false,false,false,false,false,,"017",false,false,true,true,false,false,false,true,true,false,true,false,true,false,/{ID},/{ID}/e,/017/e,,,,MessagingSessionHistory.005UZ00000BrdXxYAJ,System,false,ReadWrite,ReadWrite,false,false,false,false,,,,,,false,2025-04-14 08:28:36.601 -0700
"000000000000000AAA",JCFS__AutoSyncJob__c,665,"01IUZ000000U33h",2024-06-18 03:28:31.000 -0700,"005UZ000005J3XBYA0",JCFS,AutoSyncJob,AutoSyncJob,AutoSyncJob,AutoSyncJobs,JCFS__AutoSyncJob__c.SYSTEM,true,true,true,true,true,Deployed,a5n,false,false,true,true,true,true,true,true,true,true,true,false,true,true,/{ID},/{ID}/e,/a5n/e,/01IUZ000000U33h/e,,,"01IUZ000000U33h.005UZ00000BrdXxYAJ",JCFS,true,ReadWrite,Private,false,false,false,false,,,,,,false,2025-04-14 08:28:34.765 -0700
"000000000000000AAA",ServiceContractShare,1241,ServiceContractShare,,,,ServiceContractShare,Service Contract Share,Service Contract Share,Service Contract Share,,false,false,false,false,false,,"02c",false,false,false,true,false,false,false,true,true,true,true,false,true,false,/{ID},/{ID}/e,/02c/e,,,,ServiceContractShare.005UZ00000BrdXxYAJ,System,false,Private,Private,false,false,false,false,,,,,,false,2025-04-14 08:28:37.942 -0700
"000000000000000AAA",Product2ChangeEvent,1112,Product2ChangeEvent,,,,Product2ChangeEvent,Product Change Event,Product Change Event,Product Change Event,,false,true,false,false,false,,"1CE",false,false,false,true,false,false,true,false,true,true,true,false,false,false,/{ID},/{ID}/e,/1CE/e,,,,Product2ChangeEvent.005UZ00000BrdXxYAJ,CDC,false,ReadWrite,ReadWrite,false,false,false,false,,,,,,false,2025-04-14 08:28:36.606 -0700
"000000000000000AAA",Audience,92,Audience,,,,Audience,Audience,Audience,Audiences,,false,false,false,false,false,,"6Au",false,false,false,true,false,false,false,true,true,true,true,false,true,false,/{ID},/{ID}/e,/6Au/e,,,,Audience.005UZ00000BrdXxYAJ,System,false,ReadWrite,ReadWrite,false,false,false,false,,,,,,false,2025-04-14 08:28:32.390 -0700
"000000000000000AAA",SBQQ__OrderItemConsumptionRate__ChangeEvent,1037,"01I1L0000032xz8.ChangeEvent",,,SBQQ,OrderItemConsumptionRate__ChangeEvent,Change Event: Order Product Consumption Rate,Change Event: Order Product Consumption Rate,Change Event: Order Product Consumption Rate,,false,true,false,false,false,,"1CE",false,false,false,true,false,false,true,false,true,true,true,false,false,false,/{ID},/{ID}/e,/1CE/e,,,,"01I1L0000032xz8.ChangeEvent.005UZ00000BrdXxYAJ",CDC,false,ControlledByParent,ControlledByParent,false,false,false,false,,,,,,false,2025-04-14 08:28:36.603 -0700
"000000000000000AAA",PermissionSet,978,PermissionSet,,,,PermissionSet,Permission Set,Permission Set,Permission Sets,,false,false,false,false,false,,"0PS",false,false,false,true,false,true,false,true,true,true,true,false,true,true,/{ID},/{ID}/e,/0PS/e,,,,PermissionSet.005UZ00000BrdXxYAJ,System,false,ReadWrite,ReadWrite,false,false,false,false,,,,,,false,2025-04-14 08:28:36.576 -0700
"000000000000000AAA",OrderShare,932,OrderShare,,,,OrderShare,Order Share,Order Share,Order Share,,false,false,false,false,false,,"0Fy",false,false,false,true,false,false,false,true,true,true,true,false,true,false,/{ID},/{ID}/e,/0Fy/e,,,,OrderShare.005UZ00000BrdXxYAJ,System,false,ReadWrite,ReadWrite,false,false,false,false,,,,,,false,2025-04-14 08:28:36.498 -0700
"000000000000000AAA",Gong__Related_Opportunity__ChangeEvent,599,"01IUZ0000004zxx.ChangeEvent",,,Gong,Related_Opportunity__ChangeEvent,Change Event: Gong Related Opportunities,Change Event: Gong Related Opportunities,Change Event: Gong Related Opportunities,,false,true,false,false,false,,"1CE",false,false,false,true,false,false,true,false,true,true,true,false,false,false,/{ID},/{ID}/e,/1CE/e,,,,"01IUZ0000004zxx.ChangeEvent.005UZ00000BrdXxYAJ",CDC,false,ControlledByParent,ControlledByParent,false,false,false,false,,,,,,false,2025-04-14 08:28:34.607 -0700
"000000000000000AAA",SBQQ__UsageRate__ChangeEvent,1205,"01I41000002zuTe.ChangeEvent",,,SBQQ,UsageRate__ChangeEvent,Change Event: Usage Rate (Reserved),Change Event: Usage Rate (Reserved),Change Event: Usage Rate (Reserved),,false,true,false,false,false,,"1CE",false,false,false,true,false,false,true,false,true,true,true,false,false,false,/{ID},/{ID}/e,/1CE/e,,,,"01I41000002zuTe.ChangeEvent.005UZ00000BrdXxYAJ",CDC,false,ControlledByParent,ControlledByParent,false,false,false,false,,,,,,false,2025-04-14 08:28:37.918 -0700
"000000000000000AAA",CustomHelpMenuItem,338,CustomHelpMenuItem,,,,CustomHelpMenuItem,Custom Help Menu Item,Custom Help Menu Item,Custom Help Menu Items,,false,false,false,false,false,,"2Ca",false,false,false,true,false,false,false,true,true,true,true,false,true,false,/{ID},/{ID}/e,/2Ca/e,,,,CustomHelpMenuItem.005UZ00000BrdXxYAJ,System,false,ReadWrite,ReadWrite,false,false,false,false,,,,,,false,2025-04-14 08:28:32.876 -0700
"000000000000000AAA",SetupEntityAccess,1255,SetupEntityAccess,,,,SetupEntityAccess,Setup Entity Access,Setup Entity Access,Setup Entity Access,,false,false,false,false,false,,"0J0",false,false,false,true,false,false,false,true,true,false,true,false,true,false,/{ID},/{ID}/e,/0J0/e,,,,SetupEntityAccess.005UZ00000BrdXxYAJ,System,false,ReadWrite,ReadWrite,false,false,false,false,,,,,,false,2025-04-14 08:28:37.951 -0700
"000000000000000AAA",Competitor_Transaction__History,254,"01I8X000003Bcwt.History",,,,Competitor_Transaction__History,History: Competitor Transaction,History: Competitor Transaction,History: Competitor Transaction,,false,false,false,false,false,,"017",false,false,true,true,false,false,false,true,true,false,true,false,true,false,/{ID},/{ID}/e,/017/e,,,,"01I8X000003Bcwt.History.005UZ00000BrdXxYAJ",System,false,ControlledByParent,ControlledByParent,false,false,false,false,,,,,,false,2025-04-14 08:28:32.657 -0700
"000000000000000AAA",WorkPlanTemplateEntryFeed,1454,WorkPlanTemplateEntryFeed,,,,WorkPlanTemplateEntryFeed,Work Plan Template Entry Feed,Work Plan Template Entry Feed,Work Plan Template Entry Feed,,false,false,false,false,false,,"0D5",false,false,true,true,false,false,false,true,false,false,true,false,true,false,/{ID},/{ID}/e,/0D5/e,,,,WorkPlanTemplateEntryFeed.005UZ00000BrdXxYAJ,System,false,ControlledByParent,ControlledByParent,false,false,false,false,,,,,,false,2025-04-14 08:28:38.006 -0700
"000000000000000AAA",FlowVersionView,536,FlowVersionView,,,,FlowVersionView,Flow Version,Flow Version,Flow Versions,,false,false,false,false,false,,"3vd",false,false,false,false,false,false,false,false,true,true,true,false,true,false,/{ID},/{ID}/e,/3vd/e,,,,FlowVersionView.005UZ00000BrdXxYAJ,MetadataCatalog,false,ReadWrite,ReadWrite,false,false,false,false,,,,,,false,2025-04-14 08:28:34.533 -0700
"000000000000000AAA",Profile,953,Profile,,,,Profile,Profile,Profile,Profiles,,false,false,false,false,false,,"00e",false,false,true,true,false,true,false,true,true,true,true,false,true,true,/{ID},/{ID}/e,/00e/e,,,,Profile.005UZ00000BrdXxYAJ,System,false,ReadWrite,ReadWrite,false,false,false,false,,,,,,false,2025-04-14 08:28:36.513 -0700
"000000000000000AAA",DataLakeObjectInstanceFeed,373,DataLakeObjectInstanceFeed,,,,DataLakeObjectInstanceFeed,Data Lake Object Feed,Data Lake Object Feed,Data Lake Object Feed,,false,false,false,false,false,,"0D5",false,false,true,true,false,false,false,true,false,false,true,false,true,false,/{ID},/{ID}/e,/0D5/e,,,,DataLakeObjectInstanceFeed.005UZ00000BrdXxYAJ,System,false,ReadWrite,ReadWrite,false,false,false,false,,,,,,false,2025-04-14 08:28:32.878 -0700
"000000000000000AAA",TaskRelation,1332,TaskRelation,,,,TaskRelation,Task Relation,Task Relation,Task Relations,,false,false,false,false,false,,"0RT",false,false,true,true,false,false,false,true,true,false,true,false,true,false,/{ID},/{ID}/e,/0RT/e,,,,TaskRelation.005UZ00000BrdXxYAJ,System,false,ReadWrite,ReadWrite,false,false,false,false,,,,,,false,2025-04-14 08:28:37.977 -0700
"000000000000000AAA",ExternalEventMappingShare,504,ExternalEventMappingShare,,,,ExternalEventMappingShare,External Event Mapping Share,External Event Mapping Share,External Event Mapping Share,,false,false,false,false,false,,"02c",false,false,false,true,false,false,false,true,true,true,true,false,true,false,/{ID},/{ID}/e,/02c/e,,,,ExternalEventMappingShare.005UZ00000BrdXxYAJ,System,false,Private,Private,false,false,false,false,,,,,,false,2025-04-14 08:28:34.508 -0700
"000000000000000AAA",LCOM_Order_Modification__History,696,"01IUZ000000NrQJ.History",,,,LCOM_Order_Modification__History,History: LCOM Order Modification,History: LCOM Order Modification,History: LCOM Order Modification,,false,false,false,false,false,,"017",false,false,true,true,false,false,false,true,true,false,true,false,true,false,/{ID},/{ID}/e,/017/e,,,,"01IUZ000000NrQJ.History.005UZ00000BrdXxYAJ",System,false,ControlledByParent,ControlledByParent,false,false,false,false,,,,,,false,2025-04-14 08:28:34.848 -0700
"000000000000000AAA",CustomBrand,336,CustomBrand,,,,CustomBrand,Custom Brand,Custom Brand,Custom Brand,,false,false,false,false,false,,"07W",false,false,false,true,false,false,false,true,true,true,true,false,true,false,/{ID},/{ID}/e,/07W/e,,,,CustomBrand.005UZ00000BrdXxYAJ,System,false,ReadWrite,ReadWrite,false,false,false,false,,,,,,false,2025-04-14 08:28:32.876 -0700
"000000000000000AAA",TopicLocalization,1348,TopicLocalization,,,,TopicLocalization,Translation,Translation,Translation,,false,false,false,false,false,,"01j",false,false,true,true,false,false,false,true,true,true,true,false,true,false,/{ID},/{ID}/e,/01j/e,,,,TopicLocalization.005UZ00000BrdXxYAJ,System,false,ReadWrite,ReadWrite,false,false,false,false,,,,,,false,2025-04-14 08:28:37.984 -0700
"000000000000000AAA",Implementation_Plan__ChangeEvent,639,"01I8X000003YKhP.ChangeEvent",,,,Implementation_Plan__ChangeEvent,Change Event: Implementation Plan,Change Event: Implementation Plan,Change Event: Implementation Plan,,false,true,false,false,false,,"1CE",false,false,false,true,false,false,true,false,true,true,true,false,false,false,/{ID},/{ID}/e,/1CE/e,,,,"01I8X000003YKhP.ChangeEvent.005UZ00000BrdXxYAJ",CDC,false,ControlledByParent,ControlledByParent,false,false,false,false,,,,,,false,2025-04-14 08:28:34.764 -0700
"000000000000000AAA",ProcessExceptionShare,1155,ProcessExceptionShare,,,,ProcessExceptionShare,Process Exception Share,Process Exception Share,Process Exception Share,,false,false,false,false,false,,"02c",false,false,false,true,false,false,false,true,true,true,true,false,true,false,/{ID},/{ID}/e,/02c/e,,,,ProcessExceptionShare.005UZ00000BrdXxYAJ,System,false,Private,Private,false,false,false,false,,,,,,false,2025-04-14 08:28:36.608 -0700
"000000000000000AAA",ChangeRequestChangeEvent,202,ChangeRequestChangeEvent,,,,ChangeRequestChangeEvent,Change Request Change Event,Change Request Change Event,Change Request Change Event,,false,true,false,false,false,,"1CE",false,false,false,true,false,false,true,false,true,true,true,false,false,false,/{ID},/{ID}/e,/1CE/e,,,,ChangeRequestChangeEvent.005UZ00000BrdXxYAJ,CDC,false,Private,Private,false,false,false,false,,,,,,false,2025-04-14 08:28:32.479 -0700
"000000000000000AAA",EventLogFile,475,EventLogFile,,,,EventLogFile,Event Log File,Event Log File,Event Log Files,,false,false,false,false,false,,"0AT",false,false,false,true,false,false,false,true,true,false,true,false,true,false,/{ID},/{ID}/e,/0AT/e,,,,EventLogFile.005UZ00000BrdXxYAJ,EventLogFiles,false,ReadWrite,ReadWrite,false,false,false,false,,,,,,false,2025-04-14 08:28:34.403 -0700
"000000000000000AAA",CustomHttpHeader,340,CustomHttpHeader,,,,CustomHttpHeader,Custom HTTP Header,Custom HTTP Header,Custom HTTP Headers,,false,false,false,false,false,,"0XH",false,false,false,true,false,false,false,true,true,true,true,false,true,false,/{ID},/{ID}/e,/0XH/e,,,,CustomHttpHeader.005UZ00000BrdXxYAJ,System,true,ReadWrite,ReadWrite,false,false,false,false,,,,,,false,2025-04-14 08:28:32.877 -0700
"000000000000000AAA",EventRelayFeedback,481,EventRelayFeedback,,,,EventRelayFeedback,Event Relay Feedback,Event Relay Feedback,Event Relay Feedbacks,,false,true,false,false,false,,"7k4",false,false,true,true,false,false,true,true,true,true,true,false,true,false,/{ID},/{ID}/e,/7k4/e,,,,EventRelayFeedback.005UZ00000BrdXxYAJ,System,false,ReadWrite,ReadWrite,false,false,false,false,,,,,,false,2025-04-14 08:28:34.410 -0700
"000000000000000AAA",SurveyShare,1312,SurveyShare,,,,SurveyShare,Survey Share,Survey Share,Survey Share,,false,false,false,false,false,,"02c",false,false,false,true,false,false,false,true,true,true,true,false,true,false,/{ID},/{ID}/e,/02c/e,,,,SurveyShare.005UZ00000BrdXxYAJ,System,false,Private,Private,false,false,false,false,,,,,,false,2025-04-14 08:28:37.972 -0700
"000000000000000AAA",DataUseLegalBasisChangeEvent,407,DataUseLegalBasisChangeEvent,,,,DataUseLegalBasisChangeEvent,Data Use Legal Basis Change Event,Data Use Legal Basis Change Event,Data Use Legal Basis Change Event,,false,true,false,false,false,,"1CE",false,false,false,true,false,false,true,false,true,true,true,false,false,false,/{ID},/{ID}/e,/1CE/e,,,,DataUseLegalBasisChangeEvent.005UZ00000BrdXxYAJ,CDC,false,Private,Private,false,false,false,false,,,,,,false,2025-04-14 08:28:34.328 -0700
"000000000000000AAA",ConsumptionSchedule,261,ConsumptionSchedule,,,,ConsumptionSchedule,Consumption Schedule,Consumption Schedule,Consumption Schedules,ConsumptionSchedule.SYSTEM,true,true,true,true,true,,"0Mh",false,false,true,true,true,true,true,true,true,true,true,false,true,true,/{ID},/{ID}/e,/0Mh/e,,,,ConsumptionSchedule.005UZ00000BrdXxYAJ,System,true,Read,Read,false,false,false,false,,,,,,false,2025-04-14 08:28:32.665 -0700
"000000000000000AAA",ServiceResource,1243,ServiceResource,,,,ServiceResource,Service Resource,Service Resource,Service Resources,ServiceResource.SYSTEM,true,true,true,true,true,,"0Hn",false,false,true,true,true,true,true,true,true,true,false,false,true,true,/{ID},/{ID}/e,/0Hn/e,,,,ServiceResource.005UZ00000BrdXxYAJ,System,true,Private,Private,false,false,false,false,,,,,,false,2025-04-14 08:28:37.942 -0700
"000000000000000AAA",DataUsePurposeHistory,412,DataUsePurposeHistory,,,,DataUsePurposeHistory,Data Use Purpose  History,Data Use Purpose  History,Data Use Purpose  History,,false,false,false,false,false,,"017",false,false,true,true,false,false,false,true,true,false,true,false,true,false,/{ID},/{ID}/e,/017/e,,,,DataUsePurposeHistory.005UZ00000BrdXxYAJ,System,false,Private,Private,false,false,false,false,,,,,,false,2025-04-14 08:28:34.329 -0700
"000000000000000AAA",WorkStepTemplate,1464,WorkStepTemplate,,,,WorkStepTemplate,Work Step Template,Work Step Template,Work Step Templates,WorkStepTemplate.SYSTEM,true,true,true,true,true,,"4L0",false,false,true,true,true,true,true,true,true,true,true,false,true,true,/{ID},/{ID}/e,/4L0/e,,,,WorkStepTemplate.005UZ00000BrdXxYAJ,System,true,Private,Private,false,false,false,false,,,,,,false,2025-04-14 08:28:38.014 -0700
"000000000000000AAA",SBQQ__ProductAttributeSet__ChangeEvent,944,"01I41000002TCbj.ChangeEvent",,,SBQQ,ProductAttributeSet__ChangeEvent,Change Event: Product Attribute Set,Change Event: Product Attribute Set,Change Event: Product Attribute Set,,false,true,false,false,false,,"1CE",false,false,false,true,false,false,true,false,true,true,true,false,false,false,/{ID},/{ID}/e,/1CE/e,,,,"01I41000002TCbj.ChangeEvent.005UZ00000BrdXxYAJ",CDC,false,ReadWrite,ReadWrite,false,false,false,false,,,,,,false,2025-04-14 08:28:36.502 -0700
"000000000000000AAA",ExternalEventMapping,503,ExternalEventMapping,,,,ExternalEventMapping,External Event Mapping,External Event Mapping,External Event Mappings,,false,false,true,true,false,,"08N",false,false,true,true,false,false,false,true,true,true,true,false,true,false,/{ID},/{ID}/e,/08N/e,,,,ExternalEventMapping.005UZ00000BrdXxYAJ,System,false,Private,Private,false,false,false,false,,,,,,false,2025-04-14 08:28:34.422 -0700
"000000000000000AAA",PermissionSetAssignment,1111,PermissionSetAssignment,,,,PermissionSetAssignment,Permission Set Assignment,Permission Set Assignment,Permission Set Assignments,,false,false,false,false,false,,"0Pa",false,false,false,true,false,false,false,true,true,true,true,false,true,false,/{ID},/{ID}/e,/0Pa/e,,,,PermissionSetAssignment.005UZ00000BrdXxYAJ,System,false,ReadWrite,ReadWrite,false,false,false,false,,,,,,false,2025-04-14 08:28:36.606 -0700
"000000000000000AAA",AssetTokenEvent,81,AssetTokenEvent,,,,AssetTokenEvent,Asset Token Event,Asset Token Event,Asset Token Events,,false,true,false,false,false,,"0Li",false,false,false,false,false,false,true,false,true,false,false,false,false,false,/{ID},/{ID}/e,/0Li/e,,,,AssetTokenEvent.005UZ00000BrdXxYAJ,System,false,ReadWrite,ReadWrite,false,false,false,false,,,,,,false,2025-04-14 08:28:32.389 -0700
"000000000000000AAA",UserDefinedLabelAssignmentShare,1386,UserDefinedLabelAssignmentShare,,,,UserDefinedLabelAssignmentShare,Label Assignment Share,Label Assignment Share,Label Assignment Share,,false,false,false,false,false,,"02c",false,false,false,true,false,false,false,true,true,true,true,false,true,false,/{ID},/{ID}/e,/02c/e,,,,UserDefinedLabelAssignmentShare.005UZ00000BrdXxYAJ,System,false,Private,Private,false,false,false,false,,,,,,false,2025-04-14 08:28:37.990 -0700
"000000000000000AAA",SurveyQuestion,1303,SurveyQuestion,,,,SurveyQuestion,Survey Question,Survey Question,Survey Questions,SurveyQuestion.SYSTEM,false,true,false,false,true,,"0Ku",false,false,true,true,false,false,true,true,false,false,false,false,true,false,/{ID},/{ID}/e,/0Ku/e,,,,SurveyQuestion.005UZ00000BrdXxYAJ,System,true,ControlledByParent,ControlledByParent,false,false,false,false,,,,,,false,2025-04-14 08:28:37.971 -0700
"000000000000000AAA",QuickTextUsageShare,975,QuickTextUsageShare,,,,QuickTextUsageShare,Quick Text Usage Share,Quick Text Usage Share,Quick Text Usage Share,,false,false,false,false,false,,"02c",false,false,false,true,false,false,false,true,true,true,true,false,true,false,/{ID},/{ID}/e,/02c/e,,,,QuickTextUsageShare.005UZ00000BrdXxYAJ,System,false,Private,Private,false,false,false,false,,,,,,false,2025-04-14 08:28:36.575 -0700
"000000000000000AAA",ContentFolderChangeEvent,303,ContentFolderChangeEvent,,,,ContentFolderChangeEvent,Content Folder Change Event,Content Folder Change Event,Content Folder Change Event,,false,true,false,false,false,,"1CE",false,false,false,true,false,false,true,false,true,true,true,false,false,false,/{ID},/{ID}/e,/1CE/e,,,,ContentFolderChangeEvent.005UZ00000BrdXxYAJ,CDC,false,ReadWrite,ReadWrite,false,false,false,false,,,,,,false,2025-04-14 08:28:32.697 -0700
"000000000000000AAA",CommSubscriptionChannelTypeChangeEvent,232,CommSubscriptionChannelTypeChangeEvent,,,,CommSubscriptionChannelTypeChangeEvent,Communication Subscription Channel Type Change Event,Communication Subscription Channel Type Change Event,Communication Subscription Channel Type Change Event,,false,true,false,false,false,,"1CE",false,false,false,true,false,false,true,false,true,true,true,false,false,false,/{ID},/{ID}/e,/1CE/e,,,,CommSubscriptionChannelTypeChangeEvent.005UZ00000BrdXxYAJ,CDC,false,Private,Private,false,false,false,false,,,,,,false,2025-04-14 08:28:32.574 -0700
"000000000000000AAA",AssetHistory,74,AssetHistory,,,,AssetHistory,Asset History,Asset History,Asset History,,false,false,false,false,false,,"017",false,false,true,true,false,false,false,true,true,false,true,false,true,false,/{ID},/{ID}/e,/017/e,,,,AssetHistory.005UZ00000BrdXxYAJ,System,false,ReadWrite,ReadWrite,false,false,false,false,,,,,,false,2025-04-14 08:28:32.388 -0700
"000000000000000AAA",ConversationContextEntryChangeEvent,327,ConversationContextEntryChangeEvent,,,,ConversationContextEntryChangeEvent,Conversation Context Entry Change Event,Conversation Context Entry Change Event,Conversation Context Entry Change Event,,false,true,false,false,false,,"1CE",false,false,false,true,false,false,true,false,true,true,true,false,false,false,/{ID},/{ID}/e,/1CE/e,,,,ConversationContextEntryChangeEvent.005UZ00000BrdXxYAJ,CDC,false,ReadWrite,ReadWrite,false,false,false,false,,,,,,false,2025-04-14 08:28:32.876 -0700
"000000000000000AAA",Entitlement,459,Entitlement,,,,Entitlement,Entitlement,Entitlement,Entitlements,Entitlement.SYSTEM,true,true,true,true,true,,"550",false,false,true,true,true,true,true,true,true,true,true,false,true,true,/{ID},/{ID}/e,/550/e,,,,Entitlement.005UZ00000BrdXxYAJ,System,true,ControlledByParent,ControlledByParent,false,false,false,false,,,,,,false,2025-04-14 08:28:34.397 -0700
"000000000000000AAA",SBQQ__QuoteDocument__c,877,"01I41000002c7iT",2024-10-12 01:17:42.000 -0700,"00541000003NPmqAAG",SBQQ,QuoteDocument,Quote Document,Quote Document,Quote Documents,SBQQ__QuoteDocument__c.SYSTEM,true,true,true,true,true,Deployed,a0p,false,false,true,true,true,true,true,true,true,true,true,false,true,false,/{ID},/{ID}/e,/a0p/e,/01I41000002c7iT/e,QuoteDocumentHelp,/06641000007WPEd,"01I41000002c7iT.005UZ00000BrdXxYAJ",SBQQ,true,ControlledByParent,ControlledByParent,false,false,false,false,,,,,,false,2025-04-14 08:28:36.395 -0700
"000000000000000AAA",SBQQ__TimingLog__ChangeEvent,925,"01I41000002c7io.ChangeEvent",,,SBQQ,TimingLog__ChangeEvent,Change Event: Timing Log,Change Event: Timing Log,Change Event: Timing Log,,false,true,false,false,false,,"1CE",false,false,false,true,false,false,true,false,true,true,true,false,false,false,/{ID},/{ID}/e,/1CE/e,,,,"01I41000002c7io.ChangeEvent.005UZ00000BrdXxYAJ",CDC,false,ReadWrite,ReadWrite,false,false,false,false,,,,,,false,2025-04-14 08:28:36.468 -0700
"000000000000000AAA",WorkStepTemplateShare,1468,WorkStepTemplateShare,,,,WorkStepTemplateShare,Work Step Template Share,Work Step Template Share,Work Step Template Share,,false,false,false,false,false,,"02c",false,false,false,true,false,false,false,true,true,true,true,false,true,false,/{ID},/{ID}/e,/02c/e,,,,WorkStepTemplateShare.005UZ00000BrdXxYAJ,System,false,Private,Private,false,false,false,false,,,,,,false,2025-04-14 08:28:38.015 -0700
"000000000000000AAA",QuickText,1119,QuickText,,,,QuickText,Quick Text,Quick Text,Quick Text,QuickText.SYSTEM,true,true,true,false,true,,"574",false,false,true,true,true,true,true,true,true,true,true,false,true,true,/{ID},/{ID}/e,/574/e,,,,QuickText.005UZ00000BrdXxYAJ,System,true,Private,Private,false,false,false,false,,,,,,false,2025-04-14 08:28:36.606 -0700
"000000000000000AAA",ChangeRequestFeed,203,ChangeRequestFeed,,,,ChangeRequestFeed,Change Request Feed,Change Request Feed,Change Request Feed,,false,false,false,false,false,,"0D5",false,false,true,true,false,false,false,true,false,false,true,false,true,false,/{ID},/{ID}/e,/0D5/e,,,,ChangeRequestFeed.005UZ00000BrdXxYAJ,System,false,Private,Private,false,false,false,false,,,,,,false,2025-04-14 08:28:32.479 -0700
"000000000000000AAA",SBQQ__CustomAction__ChangeEvent,1120,"01I41000002c7hu.ChangeEvent",,,SBQQ,CustomAction__ChangeEvent,Change Event: Custom Action,Change Event: Custom Action,Change Event: Custom Action,,false,true,false,false,false,,"1CE",false,false,false,true,false,false,true,false,true,true,true,false,false,false,/{ID},/{ID}/e,/1CE/e,,,,"01I41000002c7hu.ChangeEvent.005UZ00000BrdXxYAJ",CDC,false,ReadWrite,ReadWrite,false,false,false,false,,,,,,false,2025-04-14 08:28:36.606 -0700
"000000000000000AAA",DataQueryWorkspaceHistory,388,DataQueryWorkspaceHistory,,,,DataQueryWorkspaceHistory,Query Editor History,Query Editor History,Query Editor History,,false,false,false,false,false,,"017",false,false,true,true,false,false,false,true,true,false,true,false,true,false,/{ID},/{ID}/e,/017/e,,,,DataQueryWorkspaceHistory.005UZ00000BrdXxYAJ,System,false,Private,Private,false,false,false,false,,,,,,false,2025-04-14 08:28:32.879 -0700
"000000000000000AAA",QuoteDocument,1049,QuoteDocument,,,,QuoteDocument,Quote PDF,Quote PDF,Quote PDFs,,false,false,false,false,false,,"0QD",false,false,true,true,false,false,false,true,true,true,true,false,true,false,/{ID},/{ID}/e,/0QD/e,,,,QuoteDocument.005UZ00000BrdXxYAJ,System,false,ReadWrite,ReadWrite,false,false,false,false,,,,,,false,2025-04-14 08:28:36.603 -0700
"000000000000000AAA",SBQQ__LookupData__ChangeEvent,993,"01I41000002c7iD.ChangeEvent",,,SBQQ,LookupData__ChangeEvent,Change Event: Lookup Data,Change Event: Lookup Data,Change Event: Lookup Data,,false,true,false,false,false,,"1CE",false,false,false,true,false,false,true,false,true,true,true,false,false,false,/{ID},/{ID}/e,/1CE/e,,,,"01I41000002c7iD.ChangeEvent.005UZ00000BrdXxYAJ",CDC,false,ReadWrite,ReadWrite,false,false,false,false,,,,,,false,2025-04-14 08:28:36.583 -0700
"000000000000000AAA",MktMLPredictionJobHistory,1063,MktMLPredictionJobHistory,,,,MktMLPredictionJobHistory,Model Prediction Job History,Model Prediction Job History,Model Prediction Job History,,false,false,false,false,false,,"017",false,false,true,true,false,false,false,true,true,false,true,false,true,false,/{ID},/{ID}/e,/017/e,,,,MktMLPredictionJobHistory.005UZ00000BrdXxYAJ,System,false,ReadWrite,ReadWrite,false,false,false,false,,,,,,false,2025-04-14 08:28:36.604 -0700
"000000000000000AAA",Idea,629,Idea,,,,Idea,Idea,Idea,Ideas,Idea.SYSTEM,true,true,true,false,true,,"087",false,false,true,true,true,true,true,true,true,true,true,false,true,true,/{ID},/{ID}/e,/087/e,,,,Idea.005UZ00000BrdXxYAJ,System,true,ControlledByParent,ControlledByParent,false,false,false,false,,,,,,false,2025-04-14 08:28:34.763 -0700
"000000000000000AAA",EmbeddedServiceLabel,449,EmbeddedServiceLabel,,,,EmbeddedServiceLabel,Embedded Service Label,Embedded Service Label,Embedded Service Labels,,false,false,false,false,false,,"0Uu",false,false,false,false,false,false,false,false,true,true,true,false,true,false,/{ID},/{ID}/e,/0Uu/e,,,,EmbeddedServiceLabel.005UZ00000BrdXxYAJ,System,false,ReadWrite,ReadWrite,false,false,false,false,,,,,,false,2025-04-14 08:28:34.396 -0700
"000000000000000AAA",ApexTypeImplementor,58,ApexTypeImplementor,,,,ApexTypeImplementor,Apex Type Implementor,Apex Type Implementor,Apex Type Implementors,,false,false,false,false,false,,"0kt",false,false,false,false,false,false,false,false,true,true,true,false,true,false,/{ID},/{ID}/e,/0kt/e,,,,ApexTypeImplementor.005UZ00000BrdXxYAJ,System,false,ReadWrite,ReadWrite,false,false,false,false,,,,,,false,2025-04-14 08:28:32.386 -0700
"000000000000000AAA",DataStatistics,398,DataStatistics,,,,DataStatistics,Data Statistics,Data Statistics,Data Statistics,,false,false,false,false,false,,"05a",false,false,false,false,false,false,false,false,true,true,false,false,true,false,/{ID},/{ID}/e,/05a/e,,,,DataStatistics.005UZ00000BrdXxYAJ,PerformanceTools,false,ReadWrite,ReadWrite,false,false,false,false,,,,,,false,2025-04-14 08:28:32.963 -0700
"000000000000000AAA",BriefcaseDefinition,126,BriefcaseDefinition,,,,BriefcaseDefinition,Briefcase Definition,Briefcase Definition,Briefcase Definitions,,false,false,false,false,false,,"1rY",false,false,false,true,false,false,false,true,true,true,true,false,true,false,/{ID},/{ID}/e,/1rY/e,,,,BriefcaseDefinition.005UZ00000BrdXxYAJ,System,false,ReadWrite,ReadWrite,false,false,false,false,,,,,,false,2025-04-14 08:28:32.421 -0700
"000000000000000AAA",Implementation_Plan__c,640,"01I8X000003YKhP",2023-05-17 09:18:18.000 -0700,"0051L000007gwhLQAQ",,Implementation_Plan,Implementation Plan,Implementation Plan,Implementation Plans,Implementation_Plan__c.SYSTEM,true,true,true,true,true,Deployed,a2T,false,false,true,true,true,true,true,true,true,true,true,false,true,false,/{ID},/{ID}/e,/a2T/e,/01I8X000003YKhP/e,,,"01I8X000003YKhP.005UZ00000BrdXxYAJ",<local>,true,ControlledByParent,ControlledByParent,false,false,false,false,,,,,,false,2025-04-14 08:28:34.764 -0700
"000000000000000AAA",CaseRelatedIssueFeed,188,CaseRelatedIssueFeed,,,,CaseRelatedIssueFeed,Case Related Issue Feed,Case Related Issue Feed,Case Related Issue Feed,,false,false,false,false,false,,"0D5",false,false,true,true,false,false,false,true,false,false,true,false,true,false,/{ID},/{ID}/e,/0D5/e,,,,CaseRelatedIssueFeed.005UZ00000BrdXxYAJ,System,false,ControlledByParent,ControlledByParent,false,false,false,false,,,,,,false,2025-04-14 08:28:32.478 -0700
"000000000000000AAA",SurveyInvitationChangeEvent,1299,SurveyInvitationChangeEvent,,,,SurveyInvitationChangeEvent,Survey Invitation Change Event,Survey Invitation Change Event,Survey Invitation Change Event,,false,true,false,false,false,,"1CE",false,false,false,true,false,false,true,false,true,true,true,false,false,false,/{ID},/{ID}/e,/1CE/e,,,,SurveyInvitationChangeEvent.005UZ00000BrdXxYAJ,CDC,false,Private,Private,false,false,false,false,,,,,,false,2025-04-14 08:28:37.971 -0700
"000000000000000AAA",MacroUsage,789,MacroUsage,,,,MacroUsage,Macro Usage,Macro Usage,Macro Usages,,false,true,true,true,false,,"5ML",false,false,true,true,false,false,true,true,true,true,true,false,true,false,/{ID},/{ID}/e,/5ML/e,,,,MacroUsage.005UZ00000BrdXxYAJ,System,false,Private,Private,false,false,false,false,,,,,,false,2025-04-14 08:28:34.929 -0700
"000000000000000AAA",DataUseLegalBasis,406,DataUseLegalBasis,,,,DataUseLegalBasis,Data Use Legal Basis,Data Use Legal Basis,Data Use Legal Bases,DataUseLegalBasis.SYSTEM,true,true,true,true,true,,"0ZT",false,false,true,true,true,true,true,true,true,true,true,false,true,true,/{ID},/{ID}/e,/0ZT/e,,,,DataUseLegalBasis.005UZ00000BrdXxYAJ,System,true,Private,Private,false,false,false,false,,,,,,false,2025-04-14 08:28:34.328 -0700
"000000000000000AAA",LCOM_Suite__ChangeEvent,704,"01IUZ000000NrQM.ChangeEvent",,,,LCOM_Suite__ChangeEvent,Change Event: LCOM Suite,Change Event: LCOM Suite,Change Event: LCOM Suite,,false,true,false,false,false,,"1CE",false,false,false,true,false,false,true,false,true,true,true,false,false,false,/{ID},/{ID}/e,/1CE/e,,,,"01IUZ000000NrQM.ChangeEvent.005UZ00000BrdXxYAJ",CDC,false,ReadWrite,Private,false,false,false,false,,,,,,false,2025-04-14 08:28:34.848 -0700
"000000000000000AAA",MessagingSessionMetrics,963,MessagingSessionMetrics,,,,MessagingSessionMetrics,Messaging Session Metrics,Messaging Session Metrics,Messaging Session Metrics,,false,false,false,false,false,,"5Mw",false,false,true,true,false,false,false,true,true,true,true,false,true,false,/{ID},/{ID}/e,/5Mw/e,,,,MessagingSessionMetrics.005UZ00000BrdXxYAJ,System,false,ControlledByParent,ControlledByParent,false,false,false,false,,,,,,false,2025-04-14 08:28:36.540 -0700
"000000000000000AAA",MessagingEndUser,1154,MessagingEndUser,,,,MessagingEndUser,Messaging User,Messaging User,Messaging Users,MessagingEndUser.SYSTEM,true,true,true,true,true,,"0PA",false,false,true,true,true,true,true,true,true,true,true,false,true,true,/{ID},/{ID}/e,/0PA/e,,,,MessagingEndUser.005UZ00000BrdXxYAJ,System,true,ReadWrite,ReadWrite,false,false,false,false,,,,,,false,2025-04-14 08:28:36.608 -0700
"000000000000000AAA",ForecastingFilterCondition,547,ForecastingFilterCondition,,,,ForecastingFilterCondition,Forecasting Filter Condition,Forecasting Filter Condition,Forecasting Filter Conditions,,false,false,false,false,false,,"1ZK",false,false,false,true,false,false,false,true,true,true,true,false,true,false,/{ID},/{ID}/e,/1ZK/e,,,,ForecastingFilterCondition.005UZ00000BrdXxYAJ,System,false,ReadWrite,ReadWrite,false,false,false,false,,,,,,false,2025-04-14 08:28:34.533 -0700
"000000000000000AAA",SBQQ__ErrorCondition__c,879,"01I41000002c7i1",2024-10-12 01:17:42.000 -0700,"00541000003NPmqAAG",SBQQ,ErrorCondition,Error Condition,Error Condition,Error Conditions,SBQQ__ErrorCondition__c.SYSTEM,true,true,true,true,true,Deployed,a0N,false,false,true,true,true,true,true,true,true,true,true,false,true,false,/{ID},/{ID}/e,/a0N/e,/01I41000002c7i1/e,Error Condition Help,/06641000007WPE1,"01I41000002c7i1.005UZ00000BrdXxYAJ",SBQQ,true,ControlledByParent,ControlledByParent,false,false,false,false,,,,,,false,2025-04-14 08:28:36.395 -0700
"000000000000000AAA",SBQQ__TemplateContent__c,863,"01I41000002c7ik",2024-10-12 01:17:42.000 -0700,"00541000003NPmqAAG",SBQQ,TemplateContent,Template Content,Template Content,Template Content,SBQQ__TemplateContent__c.SYSTEM,true,true,true,true,true,Deployed,a16,false,false,true,true,false,false,true,true,true,true,true,false,true,true,/{ID},/{ID}/e,/a16/e,/01I41000002c7ik/e,Template Content Help,/06641000007WPF6,"01I41000002c7ik.005UZ00000BrdXxYAJ",SBQQ,true,ReadWrite,ReadWrite,false,false,false,false,,,,,,false,2025-04-14 08:28:36.380 -0700
"000000000000000AAA",DataConnectorStatusEvent,366,DataConnectorStatusEvent,,,,DataConnectorStatusEvent,Data Connector Status Event,Data Connector Status Event,Data Connector Status Events,,false,true,false,false,false,,"0ue",false,false,false,false,false,false,true,false,true,false,false,false,false,false,/{ID},/{ID}/e,/0ue/e,,,,DataConnectorStatusEvent.005UZ00000BrdXxYAJ,Conduit,false,ReadWrite,ReadWrite,false,false,false,false,,,,,,false,2025-04-14 08:28:32.878 -0700
"000000000000000AAA",AppDefinition,60,AppDefinition,,,,AppDefinition,App Definition,App Definition,App Definitions,,false,false,false,false,false,,"06m",false,false,false,false,false,false,false,false,true,true,true,false,true,false,/{ID},/{ID}/e,/06m/e,,,,AppDefinition.005UZ00000BrdXxYAJ,System,false,ReadWrite,ReadWrite,false,false,false,false,,,,,,false,2025-04-14 08:28:32.386 -0700
"000000000000000AAA",ForecastingOwnerAdjustmentChangeEvent,553,ForecastingOwnerAdjustmentChangeEvent,,,,ForecastingOwnerAdjustmentChangeEvent,Forecasting Owner Adjustment Change Event,Forecasting Owner Adjustment Change Event,Forecasting Owner Adjustment Change Event,,false,true,false,false,false,,"1CE",false,false,false,true,false,false,true,false,true,true,true,false,false,false,/{ID},/{ID}/e,/1CE/e,,,,ForecastingOwnerAdjustmentChangeEvent.005UZ00000BrdXxYAJ,CDC,false,ReadWrite,ReadWrite,false,false,false,false,,,,,,false,2025-04-14 08:28:34.534 -0700
"000000000000000AAA",SBQQ__Subscription__ChangeEvent,1001,"01I41000002c7ii.ChangeEvent",,,SBQQ,Subscription__ChangeEvent,Change Event: Subscription,Change Event: Subscription,Change Event: Subscription,,false,true,false,false,false,,"1CE",false,false,false,true,false,false,true,false,true,true,true,false,false,false,/{ID},/{ID}/e,/1CE/e,,,,"01I41000002c7ii.ChangeEvent.005UZ00000BrdXxYAJ",CDC,false,ReadWrite,ReadWrite,false,false,false,false,,,,,,false,2025-04-14 08:28:36.583 -0700
"000000000000000AAA",LiveChatBlockingRule,753,LiveChatBlockingRule,,,,LiveChatBlockingRule,Chat Blocking Rule,Chat Blocking Rule,Chat Blocking Rules,,false,false,false,false,false,,"0No",false,false,false,true,false,false,false,true,true,true,true,false,true,false,/{ID},/{ID}/e,/0No/e,,,,LiveChatBlockingRule.005UZ00000BrdXxYAJ,System,false,ReadWrite,ReadWrite,false,false,false,false,,,,,,false,2025-04-14 08:28:34.927 -0700
"000000000000000AAA",SBQQ__FieldSetMetadata__ChangeEvent,1027,"01I1L000002ylMM.ChangeEvent",,,SBQQ,FieldSetMetadata__ChangeEvent,Change Event: FieldSet Metadata,Change Event: FieldSet Metadata,Change Event: FieldSet Metadata,,false,true,false,false,false,,"1CE",false,false,false,true,false,false,true,false,true,true,true,false,false,false,/{ID},/{ID}/e,/1CE/e,,,,"01I1L000002ylMM.ChangeEvent.005UZ00000BrdXxYAJ",CDC,false,ReadWrite,Private,false,false,false,false,,,,,,false,2025-04-14 08:28:36.602 -0700
"000000000000000AAA",LiveAgentSession,749,LiveAgentSession,,,,LiveAgentSession,Chat Session,Chat Session,Chat Sessions,LiveAgentSession.SYSTEM,true,true,true,false,true,,"0HK",false,false,true,true,true,true,true,true,true,true,true,false,true,true,/{ID},/{ID}/e,/0HK/e,,,,LiveAgentSession.005UZ00000BrdXxYAJ,System,true,Private,Private,false,false,false,false,,,,,,false,2025-04-14 08:28:34.927 -0700
"000000000000000AAA",Vote,1420,Vote,,,,Vote,Vote,Vote,Votes,,false,false,false,false,false,,"083",false,false,true,true,false,false,false,true,true,true,true,false,true,false,/{ID},/{ID}/e,/083/e,,,,Vote.005UZ00000BrdXxYAJ,System,false,ReadWrite,ReadWrite,false,false,false,false,,,,,,false,2025-04-14 08:28:38.001 -0700
"000000000000000AAA",PresenceConfigDeclineReason,1121,PresenceConfigDeclineReason,,,,PresenceConfigDeclineReason,Presence Configuration Decline Reason,Presence Configuration Decline Reason,Presence Configuration Decline Reasons,,false,false,false,false,false,,"0KP",false,false,false,true,false,false,false,true,true,true,true,false,true,false,/{ID},/{ID}/e,/0KP/e,,,,PresenceConfigDeclineReason.005UZ00000BrdXxYAJ,System,false,ReadWrite,ReadWrite,false,false,false,false,,,,,,false,2025-04-14 08:28:36.606 -0700
"000000000000000AAA",WorkBadgeDefinitionFeed,1431,WorkBadgeDefinitionFeed,,,,WorkBadgeDefinitionFeed,Badge Feed,Badge Feed,Badge Feed,,false,false,false,false,false,,"0D5",false,false,true,true,false,false,false,true,false,false,true,false,true,false,/{ID},/{ID}/e,/0D5/e,,,,WorkBadgeDefinitionFeed.005UZ00000BrdXxYAJ,System,false,Read,Read,false,false,false,false,,,,,,false,2025-04-14 08:28:38.005 -0700
"000000000000000AAA",Sales_Rep__History,1214,"01I410000034byy.History",,,,Sales_Rep__History,History: Sales Rep,History: Sales Rep,History: Sales Rep,,false,false,false,false,false,,"017",false,false,true,true,false,false,false,true,true,false,true,false,true,false,/{ID},/{ID}/e,/017/e,,,,"01I410000034byy.History.005UZ00000BrdXxYAJ",System,false,ReadWrite,ReadWrite,false,false,false,false,,,,,,false,2025-04-14 08:28:37.932 -0700
"000000000000000AAA",UserFeed,1392,UserFeed,,,,UserFeed,User Feed,User Feed,User Feed,,false,false,false,false,false,,"0D5",false,false,true,true,false,false,false,true,false,false,true,false,true,false,/{ID},/{ID}/e,/0D5/e,,,,UserFeed.005UZ00000BrdXxYAJ,System,false,Read,Private,false,false,false,false,,,,,,false,2025-04-14 08:28:37.990 -0700
"000000000000000AAA",ObjectFromEmailDefaultFields__c,880,"01I1L000002ylI0",2020-01-27 11:28:13.000 -0800,"00541000003jeZTAAY",,ObjectFromEmailDefaultFields,Object From Email Default Fields,Object From Email Default Fields,Object From Email Default Fields,,true,false,false,false,false,Deployed,a1T,true,false,true,true,true,true,false,true,true,true,true,false,true,false,/{ID},/{ID}/e,/a1T/e,/01I1L000002ylI0/e,,,"01I1L000002ylI0.005UZ00000BrdXxYAJ",<local>,true,ReadWrite,ReadWrite,false,false,false,false,,,,,,false,2025-04-14 08:28:36.396 -0700
"000000000000000AAA",ContentDistribution,294,ContentDistribution,,,,ContentDistribution,Content Delivery,Content Delivery,Content Deliveries,,false,true,false,false,false,,"05D",false,false,false,true,false,false,true,true,true,true,true,false,true,false,/{ID},/{ID}/e,/05D/e,,,,ContentDistribution.005UZ00000BrdXxYAJ,System,false,ReadWrite,ReadWrite,false,false,false,false,,,,,,false,2025-04-14 08:28:32.696 -0700
"000000000000000AAA",SBQQ__RelatedContent__c,867,"01I41000002c7ic",2024-10-12 01:17:42.000 -0700,"00541000003NPmqAAG",SBQQ,RelatedContent,Additional Document,Additional Document,Additional Documents,SBQQ__RelatedContent__c.SYSTEM,true,true,true,true,true,Deployed,a0y,false,false,true,true,true,true,true,true,true,true,true,false,true,false,/{ID},/{ID}/e,/a0y/e,/01I41000002c7ic/e,,,"01I41000002c7ic.005UZ00000BrdXxYAJ",SBQQ,true,ReadWrite,ReadWrite,false,false,false,false,,,,,,false,2025-04-14 08:28:36.386 -0700
"000000000000000AAA",Opportunity,901,Opportunity,,,,Opportunity,Opportunity,Opportunity,Opportunities,Opportunity.0AH41000000ZaW0,true,true,true,true,true,,"006",false,false,true,true,true,true,true,true,true,true,true,true,true,true,/{ID},/{ID}/e,/006/e,,,,Opportunity.005UZ00000BrdXxYAJ,System,true,ReadWrite,ReadWrite,false,false,true,false,,,,,,false,2025-04-14 08:28:36.435 -0700
"000000000000000AAA",DataQueryWorkspaceFeed,387,DataQueryWorkspaceFeed,,,,DataQueryWorkspaceFeed,Query Editor Feed,Query Editor Feed,Query Editor Feed,,false,false,false,false,false,,"0D5",false,false,true,true,false,false,false,true,false,false,true,false,true,false,/{ID},/{ID}/e,/0D5/e,,,,DataQueryWorkspaceFeed.005UZ00000BrdXxYAJ,System,false,Private,Private,false,false,false,false,,,,,,false,2025-04-14 08:28:32.879 -0700
"000000000000000AAA",DataWeaveResource,414,DataWeaveResource,,,,DataWeaveResource,DataWeave Resource,DataWeave Resource,DataWeave Resources,,false,false,false,false,false,,"7FY",false,false,false,true,false,false,false,true,true,true,true,false,true,false,/{ID},/{ID}/e,/7FY/e,,,,DataWeaveResource.005UZ00000BrdXxYAJ,System,false,ReadWrite,ReadWrite,false,false,false,false,,,,,,false,2025-04-14 08:28:34.329 -0700
"000000000000000AAA",UserAppMenuCustomization,1376,UserAppMenuCustomization,,,,UserAppMenuCustomization,UserAppMenuCustomization,UserAppMenuCustomization,UserAppMenuCustomizations,,false,false,false,false,false,,"0Nw",false,false,true,true,false,false,false,true,true,true,true,false,true,false,/{ID},/{ID}/e,/0Nw/e,,,,UserAppMenuCustomization.005UZ00000BrdXxYAJ,System,false,Private,Private,false,false,false,false,,,,,,false,2025-04-14 08:28:37.989 -0700
"000000000000000AAA",PersonalizationTargetInfo,954,PersonalizationTargetInfo,,,,PersonalizationTargetInfo,Personalization Target Info,Personalization Target Info,Personalization Target Info,,false,false,false,false,false,,"6At",false,false,false,true,false,false,false,true,true,true,true,false,true,false,/{ID},/{ID}/e,/6At/e,,,,PersonalizationTargetInfo.005UZ00000BrdXxYAJ,System,false,ReadWrite,ReadWrite,false,false,false,false,,,,,,false,2025-04-14 08:28:36.513 -0700
"000000000000000AAA",ContactPointAddressChangeEvent,270,ContactPointAddressChangeEvent,,,,ContactPointAddressChangeEvent,Contact Point Address Change Event,Contact Point Address Change Event,Contact Point Address Change Event,,false,true,false,false,false,,"1CE",false,false,false,true,false,false,true,false,true,true,true,false,false,false,/{ID},/{ID}/e,/1CE/e,,,,ContactPointAddressChangeEvent.005UZ00000BrdXxYAJ,CDC,false,ControlledByParent,ControlledByParent,false,false,false,false,,,,,,false,2025-04-14 08:28:32.671 -0700
"000000000000000AAA",SBQQ__FavoriteShare__ChangeEvent,1152,"01I41000002c7i3.ChangeEvent",,,SBQQ,FavoriteShare__ChangeEvent,Change Event: Favorite Share,Change Event: Favorite Share,Change Event: Favorite Share,,false,true,false,false,false,,"1CE",false,false,false,true,false,false,true,false,true,true,true,false,false,false,/{ID},/{ID}/e,/1CE/e,,,,"01I41000002c7i3.ChangeEvent.005UZ00000BrdXxYAJ",CDC,false,ControlledByParent,ControlledByParent,false,false,false,false,,,,,,false,2025-04-14 08:28:36.608 -0700
"000000000000000AAA",EmailServicesAddress,443,EmailServicesAddress,,,,EmailServicesAddress,Email Services Address,Email Services Address,Email Services Address,,false,false,false,false,false,,"093",false,false,true,true,false,false,false,true,true,true,true,false,true,false,/{ID},/{ID}/e,/093/e,,,,EmailServicesAddress.005UZ00000BrdXxYAJ,System,false,ReadWrite,ReadWrite,false,false,false,false,,,,,,false,2025-04-14 08:28:34.343 -0700
"000000000000000AAA",OrderFeed,1158,OrderFeed,,,,OrderFeed,Order Feed,Order Feed,Order Feed,,false,false,false,false,false,,"0D5",false,false,true,true,false,false,false,true,false,false,true,false,true,false,/{ID},/{ID}/e,/0D5/e,,,,OrderFeed.005UZ00000BrdXxYAJ,System,false,ReadWrite,ReadWrite,false,false,false,false,,,,,,false,2025-04-14 08:28:36.610 -0700
"000000000000000AAA",DataLakeObjectInstance,372,DataLakeObjectInstance,,,,DataLakeObjectInstance,Data Lake Object,Data Lake Object,Data Lake Objects,DataLakeObjectInstance.SYSTEM,false,true,true,true,true,,"1dl",false,false,true,true,true,true,true,true,true,true,true,true,true,true,/{ID},/{ID}/e,/1dl/e,,,,DataLakeObjectInstance.005UZ00000BrdXxYAJ,System,true,ReadWrite,ReadWrite,false,false,false,false,,,,,,false,2025-04-14 08:28:32.878 -0700
"000000000000000AAA",RecordTypeLocalization,1134,RecordTypeLocalization,,,,RecordTypeLocalization,Translation,Translation,Translation,,false,false,false,false,false,,"01j",false,false,true,true,false,false,false,true,true,true,true,false,true,false,/{ID},/{ID}/e,/01j/e,,,,RecordTypeLocalization.005UZ00000BrdXxYAJ,System,false,ReadWrite,ReadWrite,false,false,false,false,,,,,,false,2025-04-14 08:28:36.607 -0700
"000000000000000AAA",AnalyticsDashboardViewSpec,42,AnalyticsDashboardViewSpec,,,,AnalyticsDashboardViewSpec,Analytics Dashboard Custom View Spec,Analytics Dashboard Custom View Spec,Analytics Dashboard Custom View Specs,,false,false,false,false,false,,"1OK",false,false,false,true,false,false,false,true,true,true,true,false,true,false,/{ID},/{ID}/e,/1OK/e,,,,AnalyticsDashboardViewSpec.005UZ00000BrdXxYAJ,System,false,ReadWrite,ReadWrite,false,false,false,false,,,,,,false,2025-04-14 08:28:32.360 -0700
"000000000000000AAA",BroadcastTopicNetworkChangeEvent,142,BroadcastTopicNetworkChangeEvent,,,,BroadcastTopicNetworkChangeEvent,Broadcast Topic Network Change Event,Broadcast Topic Network Change Event,Broadcast Topic Network Change Event,,false,true,false,false,false,,"1CE",false,false,false,true,false,false,true,false,true,true,true,false,false,false,/{ID},/{ID}/e,/1CE/e,,,,BroadcastTopicNetworkChangeEvent.005UZ00000BrdXxYAJ,CDC,false,ControlledByParent,ControlledByParent,false,false,false,false,,,,,,false,2025-04-14 08:28:32.461 -0700
"000000000000000AAA",LightningUsageByFlexiPageMetrics,740,LightningUsageByFlexiPageMetrics,,,,LightningUsageByFlexiPageMetrics,Lightning Usage By FlexiPage Metrics,Lightning Usage By FlexiPage Metrics,Lightning Usage By FlexiPage Metrics,,false,false,false,false,false,,"7pV",false,false,false,true,false,false,false,true,true,true,true,false,true,false,/{ID},/{ID}/e,/7pV/e,,,,LightningUsageByFlexiPageMetrics.005UZ00000BrdXxYAJ,System,false,ReadWrite,ReadWrite,false,false,false,false,,,,,,false,2025-04-14 08:28:34.926 -0700
"000000000000000AAA",ConversationDefinitionSessionEngagement,331,ConversationDefinitionSessionEngagement,,,,ConversationDefinitionSessionEngagement,Conversation Definition Session Engagement,Conversation Definition Session Engagement,Conversation Definition Session Engagements,,false,false,false,false,false,,"5SE",false,false,true,true,false,false,false,true,true,true,true,false,true,false,/{ID},/{ID}/e,/5SE/e,,,,ConversationDefinitionSessionEngagement.005UZ00000BrdXxYAJ,System,false,ControlledByParent,ControlledByParent,false,false,false,false,,,,,,false,2025-04-14 08:28:32.876 -0700
"000000000000000AAA",WorkOrderHistory,1437,WorkOrderHistory,,,,WorkOrderHistory,Work Order History,Work Order History,Work Order History,,false,false,false,false,false,,"017",false,false,true,true,false,false,false,true,true,false,true,false,true,false,/{ID},/{ID}/e,/017/e,,,,WorkOrderHistory.005UZ00000BrdXxYAJ,System,false,ReadWrite,ReadWrite,false,false,false,false,,,,,,false,2025-04-14 08:28:38.005 -0700
"000000000000000AAA",MutingPermissionSet,1081,MutingPermissionSet,,,,MutingPermissionSet,Muting Permission Set,Muting Permission Set,Muting Permission Sets,,false,false,false,false,false,,"0QM",false,false,false,true,false,false,false,true,true,true,true,false,true,false,/{ID},/{ID}/e,/0QM/e,,,,MutingPermissionSet.005UZ00000BrdXxYAJ,System,false,ReadWrite,ReadWrite,false,false,false,false,,,,,,false,2025-04-14 08:28:36.605 -0700
"000000000000000AAA",Gong__Related_Lead__c,598,"01IUZ0000004zxw",2025-02-10 14:23:43.000 -0800,"005UZ00000B4tsPYAR",Gong,Related_Lead,Gong Related Leads,Gong Related Leads,Gong Related Leads,Gong__Related_Lead__c.SYSTEM,true,true,true,true,true,Deployed,a2v,false,false,true,true,true,true,true,true,true,true,true,false,true,false,/{ID},/{ID}/e,/a2v/e,/01IUZ0000004zxw/e,,,"01IUZ0000004zxw.005UZ00000BrdXxYAJ",Gong,true,ControlledByParent,ControlledByParent,false,false,false,false,,,,,,false,2025-04-14 08:28:34.607 -0700
"000000000000000AAA",TableauHostMappingShare,1326,TableauHostMappingShare,,,,TableauHostMappingShare,Tableau Host Mapping Share,Tableau Host Mapping Share,Tableau Host Mapping Share,,false,false,false,false,false,,"02c",false,false,false,true,false,false,false,true,true,true,true,false,true,false,/{ID},/{ID}/e,/02c/e,,,,TableauHostMappingShare.005UZ00000BrdXxYAJ,System,false,Read,Read,false,false,false,false,,,,,,false,2025-04-14 08:28:37.976 -0700
"000000000000000AAA",WorkStepTemplateHistory,1467,WorkStepTemplateHistory,,,,WorkStepTemplateHistory,Work Step Template History,Work Step Template History,Work Step Template History,,false,false,false,false,false,,"017",false,false,true,true,false,false,false,true,true,false,true,false,true,false,/{ID},/{ID}/e,/017/e,,,,WorkStepTemplateHistory.005UZ00000BrdXxYAJ,System,false,Private,Private,false,false,false,false,,,,,,false,2025-04-14 08:28:38.015 -0700
"000000000000000AAA",AssetChangeEvent,72,AssetChangeEvent,,,,AssetChangeEvent,Asset Change Event,Asset Change Event,Asset Change Event,,false,true,false,false,false,,"1CE",false,false,false,true,false,false,true,false,true,true,true,false,false,false,/{ID},/{ID}/e,/1CE/e,,,,AssetChangeEvent.005UZ00000BrdXxYAJ,CDC,false,ReadWrite,ReadWrite,false,false,false,false,,,,,,false,2025-04-14 08:28:32.388 -0700
"000000000000000AAA",eval_usage__ChangeEvent,1536,"01I1L0000032zaU.ChangeEvent",,,,eval_usage__ChangeEvent,Change Event: Eval Usage,Change Event: Eval Usage,Change Event: Eval Usage,,false,true,false,false,false,,"1CE",false,false,false,true,false,false,true,false,true,true,true,false,false,false,/{ID},/{ID}/e,/1CE/e,,,,"01I1L0000032zaU.ChangeEvent.005UZ00000BrdXxYAJ",CDC,false,ReadWrite,Private,false,false,false,false,,,,,,false,2025-04-14 08:28:38.032 -0700
"000000000000000AAA",TopicFeed,1347,TopicFeed,,,,TopicFeed,Topic Feed,Topic Feed,Topic Feed,,false,false,false,false,false,,"0D5",false,false,true,true,false,false,false,true,false,false,true,false,true,false,/{ID},/{ID}/e,/0D5/e,,,,TopicFeed.005UZ00000BrdXxYAJ,System,false,ReadWrite,ReadWrite,false,false,false,false,,,,,,false,2025-04-14 08:28:37.984 -0700
"000000000000000AAA",ContactPointPhoneChangeEvent,282,ContactPointPhoneChangeEvent,,,,ContactPointPhoneChangeEvent,Contact Point Phone Change Event,Contact Point Phone Change Event,Contact Point Phone Change Event,,false,true,false,false,false,,"1CE",false,false,false,true,false,false,true,false,true,true,true,false,false,false,/{ID},/{ID}/e,/1CE/e,,,,ContactPointPhoneChangeEvent.005UZ00000BrdXxYAJ,CDC,false,ControlledByParent,ControlledByParent,false,false,false,false,,,,,,false,2025-04-14 08:28:32.688 -0700
"000000000000000AAA",EventRelayConfigChangeEvent,480,EventRelayConfigChangeEvent,,,,EventRelayConfigChangeEvent,Event Relay Config Change Event,Event Relay Config Change Event,Event Relay Config Change Event,,false,true,false,false,false,,"1CE",false,false,false,true,false,false,true,false,true,true,true,false,false,false,/{ID},/{ID}/e,/1CE/e,,,,EventRelayConfigChangeEvent.005UZ00000BrdXxYAJ,CDC,false,ReadWrite,ReadWrite,false,false,false,false,,,,,,false,2025-04-14 08:28:34.410 -0700
"000000000000000AAA",BroadcastCommunicationShare,138,BroadcastCommunicationShare,,,,BroadcastCommunicationShare,Broadcast Communication Share,Broadcast Communication Share,Broadcast Communication Share,,false,false,false,false,false,,"02c",false,false,false,true,false,false,false,true,true,true,true,false,true,false,/{ID},/{ID}/e,/02c/e,,,,BroadcastCommunicationShare.005UZ00000BrdXxYAJ,System,false,Read,Read,false,false,false,false,,,,,,false,2025-04-14 08:28:32.460 -0700
"000000000000000AAA",WorkOrderLineItemFeed,1440,WorkOrderLineItemFeed,,,,WorkOrderLineItemFeed,Work Order Line Item Feed,Work Order Line Item Feed,Work Order Line Item Feed,,false,false,false,false,false,,"0D5",false,false,true,true,false,false,false,true,false,false,true,false,true,false,/{ID},/{ID}/e,/0D5/e,,,,WorkOrderLineItemFeed.005UZ00000BrdXxYAJ,System,false,ControlledByParent,ControlledByParent,false,false,false,false,,,,,,false,2025-04-14 08:28:38.005 -0700
"000000000000000AAA",MLPredictionDefinition,781,MLPredictionDefinition,,,,MLPredictionDefinition,ML Prediction Definition,ML Prediction Definition,ML Prediction Definitions,,false,false,false,false,false,,"6gt",false,false,false,true,false,false,false,true,false,false,true,false,true,false,/{ID},/{ID}/e,/6gt/e,,,,MLPredictionDefinition.005UZ00000BrdXxYAJ,System,false,ReadWrite,ReadWrite,false,false,false,false,,,,,,false,2025-04-14 08:28:34.928 -0700
"000000000000000AAA",AssetRelationship,75,AssetRelationship,,,,AssetRelationship,Asset Relationship,Asset Relationship,Asset Relationships,AssetRelationship.SYSTEM,true,true,true,true,true,,"1AR",false,false,true,true,true,true,true,true,true,true,true,false,true,true,/{ID},/{ID}/e,/1AR/e,,,,AssetRelationship.005UZ00000BrdXxYAJ,System,true,ControlledByParent,ControlledByParent,false,false,false,false,,,,,,false,2025-04-14 08:28:32.389 -0700
"000000000000000AAA",ForecastingSourceDefinition,556,ForecastingSourceDefinition,,,,ForecastingSourceDefinition,Forecasting Source Definition,Forecasting Source Definition,Forecasting Source Definitions,,false,false,false,false,false,,"7sy",false,false,false,true,false,false,false,true,true,true,true,false,true,false,/{ID},/{ID}/e,/7sy/e,,,,ForecastingSourceDefinition.005UZ00000BrdXxYAJ,System,false,ReadWrite,ReadWrite,false,false,false,false,,,,,,false,2025-04-14 08:28:34.534 -0700
"000000000000000AAA",DataMultiOrgObjectRef,380,DataMultiOrgObjectRef,,,,DataMultiOrgObjectRef,Multi Org Object Reference,Multi Org Object Reference,Multi Org Object References,,false,false,false,false,false,,"265",false,false,false,true,false,false,false,true,true,true,true,false,true,false,/{ID},/{ID}/e,/265/e,,,,DataMultiOrgObjectRef.005UZ00000BrdXxYAJ,System,false,ReadWrite,ReadWrite,false,false,false,false,,,,,,false,2025-04-14 08:28:32.879 -0700
"000000000000000AAA",DashboardFeed,349,DashboardFeed,,,,DashboardFeed,Dashboard Feed,Dashboard Feed,Dashboard Feed,,false,false,false,false,false,,"0D5",false,false,true,true,false,false,false,true,false,false,true,false,true,false,/{ID},/{ID}/e,/0D5/e,,,,DashboardFeed.005UZ00000BrdXxYAJ,System,false,ReadWrite,ReadWrite,false,false,false,false,,,,,,false,2025-04-14 08:28:32.877 -0700
"000000000000000AAA",Lead_Status__History,719,"01I1L000002ylKZ.History",,,,Lead_Status__History,History: Lead Status,History: Lead Status,History: Lead Status,,false,false,false,false,false,,"017",false,false,true,true,false,false,false,true,true,false,true,false,true,false,/{ID},/{ID}/e,/017/e,,,,"01I1L000002ylKZ.History.005UZ00000BrdXxYAJ",System,false,ReadWrite,Private,false,false,false,false,,,,,,false,2025-04-14 08:28:34.849 -0700
"000000000000000AAA",SBQQ__SubscriptionConsumptionSchedule__ChangeEvent,1117,"01I1L0000032xzI.ChangeEvent",,,SBQQ,SubscriptionConsumptionSchedule__ChangeEvent,Change Event: Subscription Consumption Schedule,Change Event: Subscription Consumption Schedule,Change Event: Subscription Consumption Schedule,,false,true,false,false,false,,"1CE",false,false,false,true,false,false,true,false,true,true,true,false,false,false,/{ID},/{ID}/e,/1CE/e,,,,"01I1L0000032xzI.ChangeEvent.005UZ00000BrdXxYAJ",CDC,false,ControlledByParent,ControlledByParent,false,false,false,false,,,,,,false,2025-04-14 08:28:36.606 -0700
"000000000000000AAA",Graphics_Pack_Example__c,611,"01IUZ000000Wh0F",2024-06-26 11:02:54.000 -0700,"0058X00000Fi8mPQAR",,Graphics_Pack_Example,Graphics Pack Example,Graphics Pack Example,Graphics Pack Examples,Graphics_Pack_Example__c.SYSTEM,true,true,true,true,true,Deployed,a5r,false,false,true,true,true,true,true,true,true,true,true,false,true,false,/{ID},/{ID}/e,/a5r/e,/01IUZ000000Wh0F/e,,,"01IUZ000000Wh0F.005UZ00000BrdXxYAJ",<local>,true,ReadWrite,Private,false,false,false,false,,,,,,false,2025-04-14 08:28:34.675 -0700
"000000000000000AAA",Training_Session__History,1350,"01I41000002T6LK.History",,,,Training_Session__History,History: Training Session,History: Training Session,History: Training Session,,false,false,false,false,false,,"017",false,false,true,true,false,false,false,true,true,false,true,false,true,false,/{ID},/{ID}/e,/017/e,,,,"01I41000002T6LK.History.005UZ00000BrdXxYAJ",System,false,ReadWrite,ReadWrite,false,false,false,false,,,,,,false,2025-04-14 08:28:37.984 -0700
"000000000000000AAA",LCOM_Term__c,711,"01IUZ000000NrQN",2024-05-16 23:24:22.000 -0700,"005UZ000002t937YAA",,LCOM_Term,LCOM Term,LCOM Term,LCOM Terms,LCOM_Term__c.SYSTEM,true,true,true,true,true,Deployed,a5m,false,false,true,true,true,true,true,true,true,true,true,false,true,true,/{ID},/{ID}/e,/a5m/e,/01IUZ000000NrQN/e,,,"01IUZ000000NrQN.005UZ00000BrdXxYAJ",<local>,true,ReadWrite,Private,false,false,false,false,,,,,,false,2025-04-14 08:28:34.849 -0700
"000000000000000AAA",SBQQ__LineColumn__c,808,"01I41000002c7iB",2024-10-12 01:17:42.000 -0700,"00541000003NPmqAAG",SBQQ,LineColumn,Line Column,Line Column,Line Columns,SBQQ__LineColumn__c.SYSTEM,true,true,true,true,true,Deployed,a0X,false,false,true,true,false,false,true,true,true,true,true,false,true,false,/{ID},/{ID}/e,/a0X/e,/01I41000002c7iB/e,LineColumnHelp,/06641000007WPEA,"01I41000002c7iB.005UZ00000BrdXxYAJ",SBQQ,true,ControlledByParent,ControlledByParent,false,false,false,false,,,,,,false,2025-04-14 08:28:36.333 -0700
"000000000000000AAA",SBQQ__LookupQuery__ChangeEvent,1041,"01I41000002c7iE.ChangeEvent",,,SBQQ,LookupQuery__ChangeEvent,Change Event: Lookup Query,Change Event: Lookup Query,Change Event: Lookup Query,,false,true,false,false,false,,"1CE",false,false,false,true,false,false,true,false,true,true,true,false,false,false,/{ID},/{ID}/e,/1CE/e,,,,"01I41000002c7iE.ChangeEvent.005UZ00000BrdXxYAJ",CDC,false,ReadWrite,ReadWrite,false,false,false,false,,,,,,false,2025-04-14 08:28:36.603 -0700
"000000000000000AAA",ActionLinkTemplate,24,ActionLinkTemplate,,,,ActionLinkTemplate,Action Link Template,Action Link Template,Action Link Templates,,false,false,false,false,false,,"07l",false,false,false,true,false,false,false,true,true,true,true,false,true,false,/{ID},/{ID}/e,/07l/e,,,,ActionLinkTemplate.005UZ00000BrdXxYAJ,System,true,ReadWrite,ReadWrite,false,false,false,false,,,,,,false,2025-04-14 08:28:32.352 -0700
"000000000000000AAA",ConvDefDialogHourlyMetric,322,ConvDefDialogHourlyMetric,,,,ConvDefDialogHourlyMetric,Conversation Definition Dialog Hourly Metric,Conversation Definition Dialog Hourly Metric,Conversation Definition Dialog Hourly Metrics,,false,false,false,false,false,,"0lq",false,false,true,true,false,false,false,true,true,true,true,false,true,false,/{ID},/{ID}/e,/0lq/e,,,,ConvDefDialogHourlyMetric.005UZ00000BrdXxYAJ,System,false,ControlledByParent,ControlledByParent,false,false,false,false,,,,,,false,2025-04-14 08:28:32.722 -0700
"000000000000000AAA",AIApplication,1,AIApplication,,,,AIApplication,AI Application,AI Application,AI Applications,,false,false,false,false,false,,"0Pp",false,false,false,true,false,false,false,true,false,false,true,false,true,false,/{ID},/{ID}/e,/0Pp/e,,,,AIApplication.005UZ00000BrdXxYAJ,System,false,ReadWrite,ReadWrite,false,false,false,false,,,,,,false,2025-04-14 08:28:32.280 -0700
"000000000000000AAA",Competitor_Transaction__c,255,"01I8X000003Bcwt",2023-11-02 16:19:01.000 -0700,"0051L000007gwhLQAQ",,Competitor_Transaction,Competitor Transaction,Competitor Transaction,Competitor Transactions,Competitor_Transaction__c.0AH8X000000t2iZ,true,true,true,true,true,Deployed,a2Z,false,false,true,true,true,true,true,true,true,true,true,false,true,true,/{ID},/{ID}/e,/a2Z/e,/01I8X000003Bcwt/e,,,"01I8X000003Bcwt.005UZ00000BrdXxYAJ",<local>,true,ControlledByParent,ControlledByParent,false,false,false,false,,,,,,false,2025-04-14 08:28:32.657 -0700
"000000000000000AAA",SBQQ__QuoteLinePricingGuidance__ChangeEvent,995,"01I1L0000032yvs.ChangeEvent",,,SBQQ,QuoteLinePricingGuidance__ChangeEvent,Change Event: Quote Line Pricing Guidance,Change Event: Quote Line Pricing Guidance,Change Event: Quote Line Pricing Guidance,,false,true,false,false,false,,"1CE",false,false,false,true,false,false,true,false,true,true,true,false,false,false,/{ID},/{ID}/e,/1CE/e,,,,"01I1L0000032yvs.ChangeEvent.005UZ00000BrdXxYAJ",CDC,false,ControlledByParent,ControlledByParent,false,false,false,false,,,,,,false,2025-04-14 08:28:36.583 -0700
"000000000000000AAA",AccountFeed,15,AccountFeed,,,,AccountFeed,Account Feed,Account Feed,Account Feed,,false,false,false,false,false,,"0D5",false,false,true,true,false,false,false,true,false,false,true,false,true,false,/{ID},/{ID}/e,/0D5/e,,,,AccountFeed.005UZ00000BrdXxYAJ,System,false,ReadWrite,ReadWrite,false,false,false,false,,,,,,false,2025-04-14 08:28:32.335 -0700
"000000000000000AAA",LiveChatVisitor,770,LiveChatVisitor,,,,LiveChatVisitor,Chat Visitor,Chat Visitor,Chat Visitors,LiveChatVisitor.SYSTEM,true,true,false,false,true,,"571",false,false,true,true,false,false,true,true,true,true,true,false,true,true,/{ID},/{ID}/e,/571/e,,,,LiveChatVisitor.005UZ00000BrdXxYAJ,System,true,ReadWrite,ReadWrite,false,false,false,false,,,,,,false,2025-04-14 08:28:34.928 -0700
"000000000000000AAA",ProfileSkillEndorsementChangeEvent,1076,ProfileSkillEndorsementChangeEvent,,,,ProfileSkillEndorsementChangeEvent,Endorsement Change Event,Endorsement Change Event,Endorsement Change Event,,false,true,false,false,false,,"1CE",false,false,false,true,false,false,true,false,true,true,true,false,false,false,/{ID},/{ID}/e,/1CE/e,,,,ProfileSkillEndorsementChangeEvent.005UZ00000BrdXxYAJ,CDC,false,ControlledByParent,ControlledByParent,false,false,false,false,,,,,,false,2025-04-14 08:28:36.604 -0700
"000000000000000AAA",QuoteFeed,1015,QuoteFeed,,,,QuoteFeed,Quote Feed,Quote Feed,Quote Feed,,false,false,false,false,false,,"0D5",false,false,true,true,false,false,false,true,false,false,true,false,true,false,/{ID},/{ID}/e,/0D5/e,,,,QuoteFeed.005UZ00000BrdXxYAJ,System,false,ControlledByParent,ControlledByParent,false,false,false,false,,,,,,false,2025-04-14 08:28:36.602 -0700
"000000000000000AAA",DataSourceBundleShare,397,DataSourceBundleShare,,,,DataSourceBundleShare,Data Source Bundle Share,Data Source Bundle Share,Data Source Bundle Share,,false,false,false,false,false,,"02c",false,false,false,true,false,false,false,true,true,true,true,false,true,false,/{ID},/{ID}/e,/02c/e,,,,DataSourceBundleShare.005UZ00000BrdXxYAJ,System,false,Private,Private,false,false,false,false,,,,,,false,2025-04-14 08:28:32.963 -0700
"000000000000000AAA",ProcessInstanceStep,998,ProcessInstanceStep,,,,ProcessInstanceStep,Process Instance Step,Process Instance Step,Process Instance Step,,false,false,false,false,false,,"04h",false,false,false,true,false,false,false,true,true,false,false,false,true,false,/{ID},/{ID}/e,/04h/e,,,,ProcessInstanceStep.005UZ00000BrdXxYAJ,System,false,ReadWrite,ReadWrite,false,false,false,false,,,,,,false,2025-04-14 08:28:36.583 -0700
"000000000000000AAA",QueueSobject,904,QueueSobject,,,,QueueSobject,Queue sObject,Queue sObject,Queue sObjects,,false,false,false,false,false,,"03g",false,false,true,true,false,false,false,true,true,false,true,false,true,false,/{ID},/{ID}/e,/03g/e,,,,QueueSobject.005UZ00000BrdXxYAJ,System,false,ReadWrite,ReadWrite,false,false,false,false,,,,,,false,2025-04-14 08:28:36.435 -0700
"000000000000000AAA",IS2_TGH__ISPHStageList__ChangeEvent,620,"01I1L000002ykdz.ChangeEvent",,,IS2_TGH,ISPHStageList__ChangeEvent,Change Event: ISPHStageList,Change Event: ISPHStageList,Change Event: ISPHStageList,,false,true,false,false,false,,"1CE",false,false,false,true,false,false,true,false,true,true,true,false,false,false,/{ID},/{ID}/e,/1CE/e,,,,"01I1L000002ykdz.ChangeEvent.005UZ00000BrdXxYAJ",CDC,false,ReadWrite,Private,false,false,false,false,,,,,,false,2025-04-14 08:28:34.763 -0700
"000000000000000AAA",Gong__Related_Lead__History,597,"01IUZ0000004zxw.History",,,Gong,Related_Lead__History,History: Gong Related Leads,History: Gong Related Leads,History: Gong Related Leads,,false,false,false,false,false,,"017",false,false,true,true,false,false,false,true,true,false,true,false,true,false,/{ID},/{ID}/e,/017/e,,,,"01IUZ0000004zxw.History.005UZ00000BrdXxYAJ",System,false,ControlledByParent,ControlledByParent,false,false,false,false,,,,,,false,2025-04-14 08:28:34.607 -0700
"000000000000000AAA",PromptLocalization,881,PromptLocalization,,,,PromptLocalization,Translation,Translation,Translation,,false,false,false,false,false,,"01j",false,false,true,true,false,false,false,true,true,true,true,false,true,false,/{ID},/{ID}/e,/01j/e,,,,PromptLocalization.005UZ00000BrdXxYAJ,System,false,ReadWrite,ReadWrite,false,false,false,false,,,,,,false,2025-04-14 08:28:36.396 -0700
"000000000000000AAA",ContractLineItemChangeEvent,317,ContractLineItemChangeEvent,,,,ContractLineItemChangeEvent,Contract Line Item Change Event,Contract Line Item Change Event,Contract Line Item Change Event,,false,true,false,false,false,,"1CE",false,false,false,true,false,false,true,false,true,true,true,false,false,false,/{ID},/{ID}/e,/1CE/e,,,,ContractLineItemChangeEvent.005UZ00000BrdXxYAJ,CDC,false,ControlledByParent,ControlledByParent,false,false,false,false,,,,,,false,2025-04-14 08:28:32.722 -0700
"000000000000000AAA",ProcessExceptionEvent,1013,ProcessExceptionEvent,,,,ProcessExceptionEvent,Process Exception Event,Process Exception Event,Process Exception Events,,false,true,false,false,false,,"4v2",false,false,false,false,false,false,true,false,true,false,false,false,false,false,/{ID},/{ID}/e,/4v2/e,,,,ProcessExceptionEvent.005UZ00000BrdXxYAJ,System,false,ReadWrite,ReadWrite,false,false,false,false,,,,,,false,2025-04-14 08:28:36.602 -0700
"000000000000000AAA",DelegatedAccountShare,425,DelegatedAccountShare,,,,DelegatedAccountShare,External Managed Account Share,External Managed Account Share,External Managed Account Share,,false,false,false,false,false,,"02c",false,false,false,true,false,false,false,true,true,true,true,false,true,false,/{ID},/{ID}/e,/02c/e,,,,DelegatedAccountShare.005UZ00000BrdXxYAJ,System,false,Private,Private,false,false,false,false,,,,,,false,2025-04-14 08:28:34.336 -0700
"000000000000000AAA",LookedUpFromActivity,779,LookedUpFromActivity,,,,LookedUpFromActivity,Lookups from Activity,Lookups from Activity,Lookups from Activities,,false,false,false,false,false,,,false,false,false,false,false,false,false,true,false,false,false,false,false,false,/{ID},/{ID}/e,/null/e,,,,LookedUpFromActivity.005UZ00000BrdXxYAJ,System,false,ReadWrite,ReadWrite,false,false,false,false,,,,,,false,2025-04-14 08:28:34.928 -0700
"000000000000000AAA",Gong__Gong_Scorecard__ChangeEvent,583,"01IUZ0000004zxr.ChangeEvent",,,Gong,Gong_Scorecard__ChangeEvent,Change Event: Gong Scorecard,Change Event: Gong Scorecard,Change Event: Gong Scorecard,,false,true,false,false,false,,"1CE",false,false,false,true,false,false,true,false,true,true,true,false,false,false,/{ID},/{ID}/e,/1CE/e,,,,"01IUZ0000004zxr.ChangeEvent.005UZ00000BrdXxYAJ",CDC,false,ControlledByParent,ControlledByParent,false,false,false,false,,,,,,false,2025-04-14 08:28:34.606 -0700
"000000000000000AAA",SkillType,1273,SkillType,,,,SkillType,Skill Type,Skill Type,Skill Types,,false,false,false,false,false,,"13B",false,false,false,true,false,false,false,true,true,true,true,false,true,false,/{ID},/{ID}/e,/13B/e,,,,SkillType.005UZ00000BrdXxYAJ,System,false,ReadWrite,ReadWrite,false,false,false,false,,,,,,false,2025-04-14 08:28:37.959 -0700
"000000000000000AAA",Account_Activity_Plan__c,22,"01I1L000002qPtd",2019-01-09 12:06:30.000 -0800,"00541000003jeZTAAY",,Account_Activity_Plan,Account Activity Plan,Account Activity Plan,Account Activity Plans,Account_Activity_Plan__c.SYSTEM,true,true,true,true,true,Deployed,a2P,false,false,true,true,true,true,true,true,true,true,true,false,true,true,/{ID},/{ID}/e,/a2P/e,/01I1L000002qPtd/e,,,"01I1L000002qPtd.005UZ00000BrdXxYAJ",<local>,true,ReadWrite,ReadWrite,false,false,false,false,,,,,,false,2025-04-14 08:28:32.335 -0700
"000000000000000AAA",BroadcastTopic,139,BroadcastTopic,,,,BroadcastTopic,Broadcast Topic,Broadcast Topic,Broadcast Topics,BroadcastTopic.SYSTEM,true,true,true,true,true,,"0uK",false,false,true,true,true,true,true,true,true,true,true,false,true,true,/{ID},/{ID}/e,/0uK/e,,,,BroadcastTopic.005UZ00000BrdXxYAJ,System,true,Private,Private,false,false,false,false,,,,,,false,2025-04-14 08:28:32.461 -0700
"000000000000000AAA",ObjectFromEmailAcceptedFields__c,822,"01I1L000002ylHz",2020-01-27 11:28:12.000 -0800,"00541000003jeZTAAY",,ObjectFromEmailAcceptedFields,Object From Email Accepted Fields,Object From Email Accepted Fields,Object From Email Accepted Fields,,true,false,false,false,false,Deployed,a1S,true,false,true,true,true,true,false,true,true,true,true,false,true,false,/{ID},/{ID}/e,/a1S/e,/01I1L000002ylHz/e,,,"01I1L000002ylHz.005UZ00000BrdXxYAJ",<local>,true,ReadWrite,ReadWrite,false,false,false,false,,,,,,false,2025-04-14 08:28:36.356 -0700
"000000000000000AAA",School_License__ChangeEvent,1219,"01I41000002T2bi.ChangeEvent",,,,School_License__ChangeEvent,Change Event: School License,Change Event: School License,Change Event: School License,,false,true,false,false,false,,"1CE",false,false,false,true,false,false,true,false,true,true,true,false,false,false,/{ID},/{ID}/e,/1CE/e,,,,"01I41000002T2bi.ChangeEvent.005UZ00000BrdXxYAJ",CDC,false,ReadWrite,ReadWrite,false,false,false,false,,,,,,false,2025-04-14 08:28:37.933 -0700
"000000000000000AAA",Conversation,325,Conversation,,,,Conversation,Conversation,Conversation,Conversations,Conversation.SYSTEM,false,false,false,false,true,,"0dw",false,false,false,true,false,false,false,true,true,true,true,false,true,false,/{ID},/{ID}/e,/0dw/e,,,,Conversation.005UZ00000BrdXxYAJ,System,true,ReadWrite,ReadWrite,false,false,false,false,,,,,,false,2025-04-14 08:28:32.876 -0700
"000000000000000AAA",BriefcaseRuleFilter,129,BriefcaseRuleFilter,,,,BriefcaseRuleFilter,Briefcase Rule Filter,Briefcase Rule Filter,Briefcase Rule Filters,,false,false,false,false,false,,"1rZ",false,false,false,true,false,false,false,true,true,true,true,false,true,false,/{ID},/{ID}/e,/1rZ/e,,,,BriefcaseRuleFilter.005UZ00000BrdXxYAJ,System,false,ReadWrite,ReadWrite,false,false,false,false,,,,,,false,2025-04-14 08:28:32.421 -0700
"000000000000000AAA",SBQQ__SubscriptionConsumptionSchedule__c,870,"01I1L0000032xzI",2024-10-12 01:17:42.000 -0700,"00541000003NPmqAAG",SBQQ,SubscriptionConsumptionSchedule,Subscription Consumption Schedule,Subscription Consumption Schedule,Subscription Consumption Schedules,SBQQ__SubscriptionConsumptionSchedule__c.SYSTEM,true,true,true,true,true,Deployed,a2m,false,false,true,true,true,true,true,true,true,true,true,false,true,false,/{ID},/{ID}/e,/a2m/e,/01I1L0000032xzI/e,,,"01I1L0000032xzI.005UZ00000BrdXxYAJ",SBQQ,true,ControlledByParent,ControlledByParent,false,false,false,false,,,,,,false,2025-04-14 08:28:36.388 -0700
"000000000000000AAA",MacroHistory,785,MacroHistory,,,,MacroHistory,Macro History,Macro History,Macro History,,false,false,false,false,false,,"017",false,false,true,true,false,false,false,true,true,false,true,false,true,false,/{ID},/{ID}/e,/017/e,,,,MacroHistory.005UZ00000BrdXxYAJ,System,false,Private,Private,false,false,false,false,,,,,,false,2025-04-14 08:28:34.928 -0700
"000000000000000AAA",Individual,657,Individual,,,,Individual,Individual,Individual,Individuals,Individual.SYSTEM,true,true,true,false,true,,"0PK",false,false,true,true,true,true,true,true,true,true,true,false,true,true,/{ID},/{ID}/e,/0PK/e,,,,Individual.005UZ00000BrdXxYAJ,System,true,ReadWrite,Private,false,false,false,false,,,,,,false,2025-04-14 08:28:34.765 -0700
"000000000000000AAA",SiteIframeWhiteListUrl,1264,SiteIframeWhiteListUrl,,,,SiteIframeWhiteListUrl,Trusted Domains for Inline Frames,Trusted Domains for Inline Frames,Trusted Domains for Inline Frames,,false,false,false,false,false,,"0Xs",false,false,false,true,false,false,false,true,true,true,true,false,true,false,/{ID},/{ID}/e,/0Xs/e,,,,SiteIframeWhiteListUrl.005UZ00000BrdXxYAJ,System,false,ReadWrite,ReadWrite,false,false,false,false,,,,,,false,2025-04-14 08:28:37.951 -0700
"000000000000000AAA",SBQQ__SolutionGroup__c,858,"01I41000002c7ig",2024-10-12 01:17:42.000 -0700,"00541000003NPmqAAG",SBQQ,SolutionGroup,Solution Group,Solution Group,Solution Groups,SBQQ__SolutionGroup__c.SYSTEM,true,true,true,true,true,Deployed,a12,false,false,true,true,true,true,true,true,true,true,true,false,true,true,/{ID},/{ID}/e,/a12/e,/01I41000002c7ig/e,SolutionGroupHelp,/06641000007WPF2,"01I41000002c7ig.005UZ00000BrdXxYAJ",SBQQ,true,ReadWrite,ReadWrite,false,false,false,false,,,,,,false,2025-04-14 08:28:36.379 -0700
"000000000000000AAA",ApexTestQueueItem,52,ApexTestQueueItem,,,,ApexTestQueueItem,Apex Test Queue Item,Apex Test Queue Item,Apex Test Queue Items,,false,false,false,false,false,,"709",false,false,false,true,false,false,false,true,true,true,false,false,true,false,/{ID},/{ID}/e,/709/e,,,,ApexTestQueueItem.005UZ00000BrdXxYAJ,System,false,ReadWrite,ReadWrite,false,false,false,false,,,,,,false,2025-04-14 08:28:32.361 -0700
"000000000000000AAA",UnifiedActivityRelation,1360,UnifiedActivityRelation,,,,UnifiedActivityRelation,Unified Activity Relation,Unified Activity Relation,Unified Activity Relations,,false,false,false,false,false,,"1a1",false,false,false,true,false,false,false,false,true,true,true,false,true,false,/{ID},/{ID}/e,/1a1/e,,,,UnifiedActivityRelation.005UZ00000BrdXxYAJ,System,false,ReadWrite,ReadWrite,false,false,false,false,,,,,,false,2025-04-14 08:28:37.989 -0700
"000000000000000AAA",SBQQ__Quote__c,838,"01I41000002c7iZ",2025-04-10 14:29:05.000 -0700,"005UZ00000B4tsPYAR",SBQQ,Quote,Quote,Quote,Quotes,SBQQ__Quote__c.0AHUZ0000000QiT,true,true,true,true,true,Deployed,a0v,false,false,true,true,true,true,true,true,true,true,true,false,true,true,/{ID},/{ID}/e,/a0v/e,/01I41000002c7iZ/e,QuoteHelp,/06641000007WPEe,"01I41000002c7iZ.005UZ00000BrdXxYAJ",SBQQ,true,ReadWrite,ReadWrite,false,false,false,false,,,,,,false,2025-04-14 08:28:36.365 -0700
"000000000000000AAA",DataStreamStatusEvent,403,DataStreamStatusEvent,,,,DataStreamStatusEvent,Data Stream Status Event,Data Stream Status Event,Data Stream Status Events,,false,true,false,false,false,,"1e0",false,false,false,false,false,false,true,false,true,false,false,false,false,false,/{ID},/{ID}/e,/1e0/e,,,,DataStreamStatusEvent.005UZ00000BrdXxYAJ,Conduit,false,ReadWrite,ReadWrite,false,false,false,false,,,,,,false,2025-04-14 08:28:34.328 -0700
"000000000000000AAA",codesters__Codesters_Member__ChangeEvent,1513,"01I8X000003YKaz.ChangeEvent",,,codesters,Codesters_Member__ChangeEvent,Change Event: Codesters Member,Change Event: Codesters Member,Change Event: Codesters Member,,false,true,false,false,false,,"1CE",false,false,false,true,false,false,true,false,true,true,true,false,false,false,/{ID},/{ID}/e,/1CE/e,,,,"01I8X000003YKaz.ChangeEvent.005UZ00000BrdXxYAJ",CDC,false,ControlledByParent,ControlledByParent,false,false,false,false,,,,,,false,2025-04-14 08:28:38.030 -0700
"000000000000000AAA",SBQQ__Dimension__ChangeEvent,1150,"01I41000002c7hx.ChangeEvent",,,SBQQ,Dimension__ChangeEvent,Change Event: Price Dimension,Change Event: Price Dimension,Change Event: Price Dimension,,false,true,false,false,false,,"1CE",false,false,false,true,false,false,true,false,true,true,true,false,false,false,/{ID},/{ID}/e,/1CE/e,,,,"01I41000002c7hx.ChangeEvent.005UZ00000BrdXxYAJ",CDC,false,ReadWrite,ReadWrite,false,false,false,false,,,,,,false,2025-04-14 08:28:36.607 -0700
"000000000000000AAA",Folder,537,Folder,,,,Folder,Folder,Folder,Folders,,false,false,false,false,false,,"00l",false,false,true,true,false,true,false,true,true,true,true,false,true,false,/{ID},/{ID}/e,/00l/e,,,,Folder.005UZ00000BrdXxYAJ,System,false,ReadWrite,ReadWrite,false,false,false,false,,,,,,false,2025-04-14 08:28:34.533 -0700
"000000000000000AAA",Product2,889,Product2,,,,Product2,Product,Product,Products,Product2.SYSTEM,true,true,true,true,true,,"01t",false,false,true,true,true,true,true,true,true,true,true,false,true,true,/{ID},/{ID}/e,/01t/e,,,,Product2.005UZ00000BrdXxYAJ,System,true,ReadWrite,ReadWrite,false,false,false,false,,,,,,false,2025-04-14 08:28:36.396 -0700
"000000000000000AAA",SBQQ__QuoteLinePricingGuidance__c,811,"01I1L0000032yvs",2024-10-12 01:17:42.000 -0700,"00541000003NPmqAAG",SBQQ,QuoteLinePricingGuidance,Quote Line Pricing Guidance,Quote Line Pricing Guidance,Quote Line Pricing Guidance,SBQQ__QuoteLinePricingGuidance__c.SYSTEM,true,true,true,true,true,Deployed,a3g,false,false,true,true,false,false,true,true,true,true,true,false,true,false,/{ID},/{ID}/e,/a3g/e,/01I1L0000032yvs/e,,,"01I1L0000032yvs.005UZ00000BrdXxYAJ",SBQQ,true,ControlledByParent,ControlledByParent,false,false,false,false,,,,,,false,2025-04-14 08:28:36.334 -0700
"000000000000000AAA",DataActionJobSummary,354,DataActionJobSummary,,,,DataActionJobSummary,Data Action Job Summary,Data Action Job Summary,Data Action Job Summary,,false,true,true,true,false,,"1A5",false,false,true,true,false,false,true,true,true,true,true,false,true,true,/{ID},/{ID}/e,/1A5/e,,,,DataActionJobSummary.005UZ00000BrdXxYAJ,System,false,Private,Private,false,false,false,false,,,,,,false,2025-04-14 08:28:32.877 -0700
"000000000000000AAA",Learning_com_Sales_Console__c,727,"01I41000002yhKw",2017-09-12 11:11:08.000 -0700,"00541000003jYZXAA2",,Learning_com_Sales_Console,Learning.com Sales Console,Learning.com Sales Console,Learning.com Sales Console,Learning_com_Sales_Console__c.SYSTEM,true,true,true,true,true,Deployed,a1G,false,false,true,true,true,true,true,true,true,true,true,true,true,true,/{ID},/{ID}/e,/a1G/e,/01I41000002yhKw/e,,,"01I41000002yhKw.005UZ00000BrdXxYAJ",<local>,true,ReadWrite,ReadWrite,false,false,false,false,,,,,,false,2025-04-14 08:28:34.866 -0700
"000000000000000AAA",Gong__Call_Invitee__ChangeEvent,567,"01IUZ0000004zxm.ChangeEvent",,,Gong,Call_Invitee__ChangeEvent,Change Event: Invitee,Change Event: Invitee,Change Event: Invitee,,false,true,false,false,false,,"1CE",false,false,false,true,false,false,true,false,true,true,true,false,false,false,/{ID},/{ID}/e,/1CE/e,,,,"01IUZ0000004zxm.ChangeEvent.005UZ00000BrdXxYAJ",CDC,false,ControlledByParent,ControlledByParent,false,false,false,false,,,,,,false,2025-04-14 08:28:34.605 -0700
"000000000000000AAA",PipelineInspectionListView,1157,PipelineInspectionListView,,,,PipelineInspectionListView,Pipeline Inspection List View,Pipeline Inspection List View,Pipeline Inspection List Views,,false,false,false,false,false,,"4c2",false,false,false,true,false,false,false,true,true,true,true,false,true,false,/{ID},/{ID}/e,/4c2/e,,,,PipelineInspectionListView.005UZ00000BrdXxYAJ,System,false,ReadWrite,ReadWrite,false,false,false,false,,,,,,false,2025-04-14 08:28:36.608 -0700
"000000000000000AAA",TopicAssignment,1346,TopicAssignment,,,,TopicAssignment,Topic Assignment,Topic Assignment,Topic Assignments,,false,true,true,false,false,,"0FT",false,false,true,true,false,false,true,true,true,false,true,false,true,false,/{ID},/{ID}/e,/0FT/e,,,,TopicAssignment.005UZ00000BrdXxYAJ,System,false,ReadWrite,ReadWrite,false,false,false,false,,,,,,false,2025-04-14 08:28:37.984 -0700
"000000000000000AAA",Learning_com_Order__ChangeEvent,722,"01IUZ0000003dmQ.ChangeEvent",,,,Learning_com_Order__ChangeEvent,Change Event: Learning.com Order,Change Event: Learning.com Order,Change Event: Learning.com Order,,false,true,false,false,false,,"1CE",false,false,false,true,false,false,true,false,true,true,true,false,false,false,/{ID},/{ID}/e,/1CE/e,,,,"01IUZ0000003dmQ.ChangeEvent.005UZ00000BrdXxYAJ",CDC,false,ControlledByParent,ControlledByParent,false,false,false,false,,,,,,false,2025-04-14 08:28:34.849 -0700
"000000000000000AAA",ForecastingGroup,548,ForecastingGroup,,,,ForecastingGroup,Forecasting Group,Forecasting Group,Forecasting Groups,,false,false,false,false,false,,"9xx",false,false,false,true,false,false,false,true,true,true,true,false,true,false,/{ID},/{ID}/e,/9xx/e,,,,ForecastingGroup.005UZ00000BrdXxYAJ,System,false,ReadWrite,ReadWrite,false,false,false,false,,,,,,false,2025-04-14 08:28:34.533 -0700
"000000000000000AAA",NetworkSelfRegistration,967,NetworkSelfRegistration,,,,NetworkSelfRegistration,Experience Self Registration,Experience Self Registration,Experience Self Registrations,,false,false,false,false,false,,"0Dm",false,false,true,true,false,false,false,true,true,true,true,false,true,false,/{ID},/{ID}/e,/0Dm/e,,,,NetworkSelfRegistration.005UZ00000BrdXxYAJ,System,false,ReadWrite,ReadWrite,false,false,false,false,,,,,,false,2025-04-14 08:28:36.540 -0700
"000000000000000AAA",AuthSession,99,AuthSession,,,,AuthSession,Auth Session,Auth Session,Auth Sessions,,false,false,false,false,false,,"0Ak",false,false,false,true,false,false,false,true,false,false,true,false,true,false,/{ID},/{ID}/e,/0Ak/e,,,,AuthSession.005UZ00000BrdXxYAJ,System,false,ReadWrite,ReadWrite,false,false,false,false,,,,,,false,2025-04-14 08:28:32.419 -0700
"000000000000000AAA",CommSubscriptionConsentFeed,238,CommSubscriptionConsentFeed,,,,CommSubscriptionConsentFeed,Communication Subscription Consent Feed,Communication Subscription Consent Feed,Communication Subscription Consent Feed,,false,false,false,false,false,,"0D5",false,false,true,true,false,false,false,true,false,false,true,false,true,false,/{ID},/{ID}/e,/0D5/e,,,,CommSubscriptionConsentFeed.005UZ00000BrdXxYAJ,System,false,Private,Private,false,false,false,false,,,,,,false,2025-04-14 08:28:32.574 -0700
"000000000000000AAA",UserAppInfoChangeEvent,1375,UserAppInfoChangeEvent,,,,UserAppInfoChangeEvent,Last Used App Change Event,Last Used App Change Event,Last Used App Change Event,,false,true,false,false,false,,"1CE",false,false,false,true,false,false,true,false,true,true,true,false,false,false,/{ID},/{ID}/e,/1CE/e,,,,UserAppInfoChangeEvent.005UZ00000BrdXxYAJ,CDC,false,ReadWrite,ReadWrite,false,false,false,false,,,,,,false,2025-04-14 08:28:37.989 -0700
"000000000000000AAA",FolderedContentDocument,538,FolderedContentDocument,,,,FolderedContentDocument,Foldered Content Document,Foldered Content Document,Foldered Content Documents,,false,false,false,false,false,,,false,false,false,false,false,false,false,true,false,false,false,false,false,false,/{ID},/{ID}/e,/null/e,,,,FolderedContentDocument.005UZ00000BrdXxYAJ,System,false,ReadWrite,ReadWrite,false,false,false,false,,,,,,false,2025-04-14 08:28:34.533 -0700
"000000000000000AAA",SBQQ__ContractedPrice__ChangeEvent,1187,"01I41000002c7hr.ChangeEvent",,,SBQQ,ContractedPrice__ChangeEvent,Change Event: Contracted Price,Change Event: Contracted Price,Change Event: Contracted Price,,false,true,false,false,false,,"1CE",false,false,false,true,false,false,true,false,true,true,true,false,false,false,/{ID},/{ID}/e,/1CE/e,,,,"01I41000002c7hr.ChangeEvent.005UZ00000BrdXxYAJ",CDC,false,ControlledByParent,ControlledByParent,false,false,false,false,,,,,,false,2025-04-14 08:28:36.617 -0700
"000000000000000AAA",WorkOrderShare,1443,WorkOrderShare,,,,WorkOrderShare,Work Order Share,Work Order Share,Work Order Share,,false,false,false,false,false,,"02c",false,false,false,true,false,false,false,true,true,true,true,false,true,false,/{ID},/{ID}/e,/02c/e,,,,WorkOrderShare.005UZ00000BrdXxYAJ,System,false,ReadWrite,ReadWrite,false,false,false,false,,,,,,false,2025-04-14 08:28:38.005 -0700
"000000000000000AAA",PermissionSetLicense,906,PermissionSetLicense,,,,PermissionSetLicense,Permission Set License,Permission Set License,Permission Set Licenses,,false,false,false,false,false,,"0PL",false,false,false,true,false,false,false,true,true,true,true,false,true,false,/{ID},/{ID}/e,/0PL/e,,,,PermissionSetLicense.005UZ00000BrdXxYAJ,System,true,ReadWrite,ReadWrite,false,false,false,false,,,,,,false,2025-04-14 08:28:36.435 -0700
"000000000000000AAA",ContactPointTypeConsentChangeEvent,286,ContactPointTypeConsentChangeEvent,,,,ContactPointTypeConsentChangeEvent,Contact Point Type Consent Change Event,Contact Point Type Consent Change Event,Contact Point Type Consent Change Event,,false,true,false,false,false,,"1CE",false,false,false,true,false,false,true,false,true,true,true,false,false,false,/{ID},/{ID}/e,/1CE/e,,,,ContactPointTypeConsentChangeEvent.005UZ00000BrdXxYAJ,CDC,false,Private,Private,false,false,false,false,,,,,,false,2025-04-14 08:28:32.688 -0700
"000000000000000AAA",MessagingSession,1165,MessagingSession,,,,MessagingSession,Messaging Session,Messaging Session,Messaging Sessions,MessagingSession.0AHUZ0000000RQ1,true,true,true,true,true,,"0Mw",false,false,true,true,true,true,true,true,true,true,true,false,true,true,/{ID},/{ID}/e,/0Mw/e,,,,MessagingSession.005UZ00000BrdXxYAJ,System,true,ReadWrite,ReadWrite,false,false,false,false,EngagementInterface,,,,,false,2025-04-14 08:28:36.610 -0700
"000000000000000AAA",SBQQ__FavoriteShare__c,827,"01I41000002c7i3",2024-10-12 01:17:42.000 -0700,"00541000003NPmqAAG",SBQQ,FavoriteShare,Favorite Share,Favorite Share,Favorite Shares,SBQQ__FavoriteShare__c.SYSTEM,true,true,true,true,true,Deployed,a0P,false,false,true,true,false,false,true,true,true,true,true,false,true,false,/{ID},/{ID}/e,/a0P/e,/01I41000002c7i3/e,FavoritesHelp,/06641000007WPE2,"01I41000002c7i3.005UZ00000BrdXxYAJ",SBQQ,true,ControlledByParent,ControlledByParent,false,false,false,false,,,,,,false,2025-04-14 08:28:36.357 -0700
"000000000000000AAA",EventRelation,477,EventRelation,,,,EventRelation,Event Relation,Event Relation,Event Relations,,false,false,false,false,false,,"0RE",false,false,true,true,false,false,false,true,true,true,true,false,true,false,/{ID},/{ID}/e,/0RE/e,,,,EventRelation.005UZ00000BrdXxYAJ,System,false,ReadWrite,ReadWrite,false,false,false,false,,,,,,false,2025-04-14 08:28:34.403 -0700
"000000000000000AAA",BroadcastCommunicationChangeEvent,135,BroadcastCommunicationChangeEvent,,,,BroadcastCommunicationChangeEvent,Broadcast Communication Change Event,Broadcast Communication Change Event,Broadcast Communication Change Event,,false,true,false,false,false,,"1CE",false,false,false,true,false,false,true,false,true,true,true,false,false,false,/{ID},/{ID}/e,/1CE/e,,,,BroadcastCommunicationChangeEvent.005UZ00000BrdXxYAJ,CDC,false,Read,Read,false,false,false,false,,,,,,false,2025-04-14 08:28:32.460 -0700
"000000000000000AAA",EntitlementHistory,463,EntitlementHistory,,,,EntitlementHistory,Entitlement History,Entitlement History,Entitlement History,,false,false,false,false,false,,"017",false,false,true,true,false,false,false,true,true,false,true,false,true,false,/{ID},/{ID}/e,/017/e,,,,EntitlementHistory.005UZ00000BrdXxYAJ,System,false,ControlledByParent,ControlledByParent,false,false,false,false,,,,,,false,2025-04-14 08:28:34.397 -0700
"000000000000000AAA",SBQQ__FieldSetMetadata__Share,950,"01I1L000002ylMM.Share",,,SBQQ,FieldSetMetadata__Share,Share: FieldSet Metadata,Share: FieldSet Metadata,Share: FieldSet Metadata,,false,false,false,false,false,,"02c",false,false,false,true,false,false,false,true,true,true,true,false,true,false,/{ID},/{ID}/e,/02c/e,,,,"01I1L000002ylMM.Share.005UZ00000BrdXxYAJ",System,false,ReadWrite,Private,false,false,false,false,,,,,,false,2025-04-14 08:28:36.502 -0700
"000000000000000AAA",SamlSsoConfig,1216,SamlSsoConfig,,,,SamlSsoConfig,SAML Single Sign-On Setting,SAML Single Sign-On Setting,SAML Single Sign-On Settings,,false,false,false,false,false,,"0LE",false,false,false,true,false,false,false,true,false,false,false,false,true,false,/{ID},/{ID}/e,/0LE/e,,,,SamlSsoConfig.005UZ00000BrdXxYAJ,System,false,ReadWrite,ReadWrite,false,false,false,false,,,,,,false,2025-04-14 08:28:37.932 -0700
"000000000000000AAA",ApprovalSubmissionShare,67,ApprovalSubmissionShare,,,,ApprovalSubmissionShare,Approval Submission Share,Approval Submission Share,Approval Submission Share,,false,false,false,false,false,,"02c",false,false,false,true,false,false,false,true,true,true,true,false,true,false,/{ID},/{ID}/e,/02c/e,,,,ApprovalSubmissionShare.005UZ00000BrdXxYAJ,System,false,Private,Private,false,false,false,false,,,,,,false,2025-04-14 08:28:32.388 -0700
"000000000000000AAA",DecisionTableDatasetLink,417,DecisionTableDatasetLink,,,,DecisionTableDatasetLink,Decision Table Dataset Link,Decision Table Dataset Link,Decision Table Dataset Links,,false,false,false,false,false,,"0lX",false,false,false,true,false,false,false,true,true,true,true,false,true,false,/{ID},/{ID}/e,/0lX/e,,,,DecisionTableDatasetLink.005UZ00000BrdXxYAJ,System,false,ReadWrite,ReadWrite,false,false,false,false,,,,,,false,2025-04-14 08:28:34.336 -0700
"000000000000000AAA",CommSubscriptionChannelTypeShare,235,CommSubscriptionChannelTypeShare,,,,CommSubscriptionChannelTypeShare,Communication Subscription Channel Type Share,Communication Subscription Channel Type Share,Communication Subscription Channel Type Share,,false,false,false,false,false,,"02c",false,false,false,true,false,false,false,true,true,true,true,false,true,false,/{ID},/{ID}/e,/02c/e,,,,CommSubscriptionChannelTypeShare.005UZ00000BrdXxYAJ,System,false,Private,Private,false,false,false,false,,,,,,false,2025-04-14 08:28:32.574 -0700
"000000000000000AAA",SurveySubject,1313,SurveySubject,,,,SurveySubject,Survey Subject,Survey Subject,Survey Subjects,SurveySubject.SYSTEM,true,true,true,true,true,,"0Vk",false,false,true,true,false,false,true,true,true,true,true,false,true,true,/{ID},/{ID}/e,/0Vk/e,,,,SurveySubject.005UZ00000BrdXxYAJ,System,true,ControlledByParent,ControlledByParent,false,false,false,false,,,,,,false,2025-04-14 08:28:37.972 -0700
"000000000000000AAA",OrderItemFeed,882,OrderItemFeed,,,,OrderItemFeed,Order Product Feed,Order Product Feed,Order Product Feed,,false,false,false,false,false,,"0D5",false,false,true,true,false,false,false,true,false,false,true,false,true,false,/{ID},/{ID}/e,/0D5/e,,,,OrderItemFeed.005UZ00000BrdXxYAJ,System,false,ReadWrite,ReadWrite,false,false,false,false,,,,,,false,2025-04-14 08:28:36.396 -0700
"000000000000000AAA",ContractLineItemFeed,318,ContractLineItemFeed,,,,ContractLineItemFeed,Contract Line Item Feed,Contract Line Item Feed,Contract Line Item Feed,,false,false,false,false,false,,"0D5",false,false,true,true,false,false,false,true,false,false,true,false,true,false,/{ID},/{ID}/e,/0D5/e,,,,ContractLineItemFeed.005UZ00000BrdXxYAJ,System,false,ControlledByParent,ControlledByParent,false,false,false,false,,,,,,false,2025-04-14 08:28:32.722 -0700
"000000000000000AAA",codesters__Codesters_Settings__c,1521,"01I8X000003YKb1",2023-05-12 13:22:09.000 -0700,"0051L000007gwhLQAQ",codesters,Codesters_Settings,Codesters Settings,Codesters Settings,Codesters Settings,,true,false,false,false,false,Deployed,a2L,true,false,true,true,true,true,false,true,true,true,true,false,true,false,/{ID},/{ID}/e,/a2L/e,/01I8X000003YKb1/e,,,"01I8X000003YKb1.005UZ00000BrdXxYAJ",codesters,true,ReadWrite,ReadWrite,false,false,false,false,,,,,,false,2025-04-14 08:28:38.031 -0700
"000000000000000AAA",X2020_Upsell_Pipeline_Snapshot__ChangeEvent,1476,"01I1L000002uaA4.ChangeEvent",,,,X2020_Upsell_Pipeline_Snapshot__ChangeEvent,Change Event: 2020 Upsell Pipeline Snapshot,Change Event: 2020 Upsell Pipeline Snapshot,Change Event: 2020 Upsell Pipeline Snapshot,,false,true,false,false,false,,"1CE",false,false,false,true,false,false,true,false,true,true,true,false,false,false,/{ID},/{ID}/e,/1CE/e,,,,"01I1L000002uaA4.ChangeEvent.005UZ00000BrdXxYAJ",CDC,false,ReadWrite,Private,false,false,false,false,,,,,,false,2025-04-14 08:28:38.015 -0700
"000000000000000AAA",UserFieldAccess,1393,UserFieldAccess,,,,UserFieldAccess,User Field Access,User Field Access,User Field Access,,false,false,false,false,false,,"4fp",false,false,false,false,false,false,false,false,true,true,true,false,true,false,/{ID},/{ID}/e,/4fp/e,,,,UserFieldAccess.005UZ00000BrdXxYAJ,MetadataCatalog,false,ReadWrite,ReadWrite,false,false,false,false,,,,,,false,2025-04-14 08:28:37.990 -0700
"000000000000000AAA",AuthorizationFormConsentHistory,104,AuthorizationFormConsentHistory,,,,AuthorizationFormConsentHistory,Authorization Form Consent History,Authorization Form Consent History,Authorization Form Consent History,,false,false,false,false,false,,"017",false,false,true,true,false,false,false,true,true,false,true,false,true,false,/{ID},/{ID}/e,/017/e,,,,AuthorizationFormConsentHistory.005UZ00000BrdXxYAJ,System,false,Private,Private,false,false,false,false,,,,,,false,2025-04-14 08:28:32.419 -0700
"000000000000000AAA",MacroChangeEvent,784,MacroChangeEvent,,,,MacroChangeEvent,Macro Change Event,Macro Change Event,Macro Change Event,,false,true,false,false,false,,"1CE",false,false,false,true,false,false,true,false,true,true,true,false,false,false,/{ID},/{ID}/e,/1CE/e,,,,MacroChangeEvent.005UZ00000BrdXxYAJ,CDC,false,Private,Private,false,false,false,false,,,,,,false,2025-04-14 08:28:34.928 -0700
"000000000000000AAA",SurveyInvitationShare,1300,SurveyInvitationShare,,,,SurveyInvitationShare,Survey Invitation Share,Survey Invitation Share,Survey Invitation Share,,false,false,false,false,false,,"02c",false,false,false,true,false,false,false,true,true,true,true,false,true,false,/{ID},/{ID}/e,/02c/e,,,,SurveyInvitationShare.005UZ00000BrdXxYAJ,System,false,Private,Private,false,false,false,false,,,,,,false,2025-04-14 08:28:37.971 -0700
"000000000000000AAA",ExternalEvent,501,ExternalEvent,,,,ExternalEvent,External Event,External Event,External Events,,false,false,false,false,false,,"0AY",false,false,true,true,false,false,false,true,true,true,true,false,true,false,/{ID},/{ID}/e,/0AY/e,,,,ExternalEvent.005UZ00000BrdXxYAJ,System,true,ReadWrite,ReadWrite,false,false,false,false,,,,,,false,2025-04-14 08:28:34.417 -0700
"000000000000000AAA",AssetShare,79,AssetShare,,,,AssetShare,Asset Share,Asset Share,Asset Share,,false,false,false,false,false,,"70a",false,false,false,true,false,false,false,true,true,true,true,false,true,false,/{ID},/{ID}/e,/70a/e,,,,AssetShare.005UZ00000BrdXxYAJ,System,false,ReadWrite,ReadWrite,false,false,false,false,,,,,,false,2025-04-14 08:28:32.389 -0700
"000000000000000AAA",NetworkDiscoverableLogin,939,NetworkDiscoverableLogin,,,,NetworkDiscoverableLogin,Experience Discoverable Login,Experience Discoverable Login,Experience Discoverable Logins,,false,false,false,false,false,,"7ov",false,false,true,true,false,false,false,true,true,true,false,false,true,false,/{ID},/{ID}/e,/7ov/e,,,,NetworkDiscoverableLogin.005UZ00000BrdXxYAJ,System,false,ReadWrite,ReadWrite,false,false,false,false,,,,,,false,2025-04-14 08:28:36.501 -0700
"000000000000000AAA",UnifiedActivityInsight,1358,UnifiedActivityInsight,,,,UnifiedActivityInsight,Unified Activity Insight,Unified Activity Insight,Unified Activity Insights,,false,false,false,false,false,,"1aq",false,false,false,false,false,false,false,true,true,true,true,false,true,false,/{ID},/{ID}/e,/1aq/e,,,,UnifiedActivityInsight.005UZ00000BrdXxYAJ,System,false,ReadWrite,ReadWrite,false,false,false,false,,,,,,false,2025-04-14 08:28:37.984 -0700
"000000000000000AAA",ConferenceNumberChangeEvent,257,ConferenceNumberChangeEvent,,,,ConferenceNumberChangeEvent,Conference Number Change Event,Conference Number Change Event,Conference Number Change Event,,false,true,false,false,false,,"1CE",false,false,false,true,false,false,true,false,true,true,true,false,false,false,/{ID},/{ID}/e,/1CE/e,,,,ConferenceNumberChangeEvent.005UZ00000BrdXxYAJ,CDC,false,ReadWrite,ReadWrite,false,false,false,false,,,,,,false,2025-04-14 08:28:32.657 -0700
"000000000000000AAA",CustomBrandAsset,337,CustomBrandAsset,,,,CustomBrandAsset,Custom Brand Asset,Custom Brand Asset,Custom Brand Asset,,false,false,false,false,false,,"07X",false,false,false,true,false,false,false,true,true,true,true,false,true,false,/{ID},/{ID}/e,/07X/e,,,,CustomBrandAsset.005UZ00000BrdXxYAJ,System,false,ReadWrite,ReadWrite,false,false,false,false,,,,,,false,2025-04-14 08:28:32.876 -0700
"000000000000000AAA",ContactPointAddressShare,272,ContactPointAddressShare,,,,ContactPointAddressShare,Contact Point Address Share,Contact Point Address Share,Contact Point Address Share,,false,false,false,false,false,,"02c",false,false,false,true,false,false,false,true,true,true,true,false,true,false,/{ID},/{ID}/e,/02c/e,,,,ContactPointAddressShare.005UZ00000BrdXxYAJ,System,false,ControlledByParent,ControlledByParent,false,false,false,false,,,,,,false,2025-04-14 08:28:32.682 -0700
"000000000000000AAA",SBQQ__FieldMetadata__c,857,"01I41000002c7i5",2017-07-13 09:40:57.000 -0700,"00541000000K0azAAC",SBQQ,FieldMetadata,Field Metadata,Field Metadata,Field Metadata,,true,false,false,false,false,Deployed,a0R,true,false,true,true,true,true,false,true,true,true,true,false,true,false,/{ID},/{ID}/e,/a0R/e,/01I41000002c7i5/e,,,"01I41000002c7i5.005UZ00000BrdXxYAJ",SBQQ,true,ReadWrite,ReadWrite,false,false,false,false,,,,,,false,2025-04-14 08:28:36.379 -0700
"000000000000000AAA",ExpressionFilterCriteria,488,ExpressionFilterCriteria,,,,ExpressionFilterCriteria,ExpressionFilterCriteria,ExpressionFilterCriteria,ExpressionFilterCriteria,,false,false,true,false,false,,"8BM",false,false,true,true,false,false,false,true,true,true,true,false,true,false,/{ID},/{ID}/e,/8BM/e,,,,ExpressionFilterCriteria.005UZ00000BrdXxYAJ,System,false,ControlledByParent,ControlledByParent,false,false,false,false,,,,,,false,2025-04-14 08:28:34.417 -0700
"000000000000000AAA",DomainSite,430,DomainSite,,,,DomainSite,Custom URL,Custom URL,Custom URLs,,false,false,false,false,false,,"0Jf",false,false,false,true,false,false,false,true,true,true,true,false,true,false,/{ID},/{ID}/e,/0Jf/e,,,,DomainSite.005UZ00000BrdXxYAJ,System,false,ReadWrite,ReadWrite,false,false,false,false,,,,,,false,2025-04-14 08:28:34.342 -0700
"000000000000000AAA",MobileApplicationDetail,890,MobileApplicationDetail,,,,MobileApplicationDetail,Mobile Application Detail,Mobile Application Detail,Mobile Application Details,,false,false,false,false,false,,"0IW",false,false,false,true,false,false,false,true,true,true,false,false,true,false,/{ID},/{ID}/e,/0IW/e,,,,MobileApplicationDetail.005UZ00000BrdXxYAJ,System,false,ReadWrite,ReadWrite,false,false,false,false,,,,,,false,2025-04-14 08:28:36.396 -0700
"000000000000000AAA",ExtDataShareHistory,492,ExtDataShareHistory,,,,ExtDataShareHistory,Data Share History,Data Share History,Data Share History,,false,false,false,false,false,,"017",false,false,true,true,false,false,false,true,true,false,true,false,true,false,/{ID},/{ID}/e,/017/e,,,,ExtDataShareHistory.005UZ00000BrdXxYAJ,System,false,ReadWrite,ReadWrite,false,false,false,false,,,,,,false,2025-04-14 08:28:34.417 -0700
"000000000000000AAA",FlowRecordRelation,533,FlowRecordRelation,,,,FlowRecordRelation,Flow Record Relation,Flow Record Relation,Flow Record Relations,,false,false,false,false,false,,"31z",false,false,true,true,false,false,false,true,true,true,true,false,true,false,/{ID},/{ID}/e,/31z/e,,,,FlowRecordRelation.005UZ00000BrdXxYAJ,System,false,ControlledByParent,ControlledByParent,false,false,false,false,,,,,,false,2025-04-14 08:28:34.533 -0700
"000000000000000AAA",AuraDefinition,93,AuraDefinition,,,,AuraDefinition,Lightning Component Definition,Lightning Component Definition,Lightning Component Definitions,,false,false,false,false,false,,"0Ad",false,false,false,true,false,false,false,true,true,true,true,false,true,false,/{ID},/{ID}/e,/0Ad/e,,,,AuraDefinition.005UZ00000BrdXxYAJ,System,false,ReadWrite,ReadWrite,false,false,false,false,,,,,,false,2025-04-14 08:28:32.390 -0700
"000000000000000AAA",VoiceCallChangeEvent,1416,VoiceCallChangeEvent,,,,VoiceCallChangeEvent,Voice Call Change Event,Voice Call Change Event,Voice Call Change Event,,false,true,false,false,false,,"1CE",false,false,false,true,false,false,true,false,true,true,true,false,false,false,/{ID},/{ID}/e,/1CE/e,,,,VoiceCallChangeEvent.005UZ00000BrdXxYAJ,CDC,false,Private,Private,false,false,false,false,,,,,,false,2025-04-14 08:28:38.001 -0700
"000000000000000AAA",DeleteEvent,426,DeleteEvent,,,,DeleteEvent,Recycle Bin Item,Recycle Bin Item,Recycle Bin,,false,false,false,false,false,,"00C",false,false,false,true,false,false,false,true,true,true,true,false,true,false,/{ID},/{ID}/e,/00C/e,,,,DeleteEvent.005UZ00000BrdXxYAJ,System,false,ReadWrite,ReadWrite,false,false,false,false,,,,,,false,2025-04-14 08:28:34.336 -0700
"000000000000000AAA",AppMenuItem,61,AppMenuItem,,,,AppMenuItem,AppMenuItem,AppMenuItem,AppMenuItems,,false,false,false,false,false,,"0DS",false,false,false,true,false,false,false,true,false,true,true,false,true,false,/{ID},/{ID}/e,/0DS/e,,,,AppMenuItem.005UZ00000BrdXxYAJ,System,false,ReadWrite,ReadWrite,false,false,false,false,,,,,,false,2025-04-14 08:28:32.386 -0700
"000000000000000AAA",SBQQ__Quote__ChangeEvent,924,"01I41000002c7iZ.ChangeEvent",,,SBQQ,Quote__ChangeEvent,Change Event: Quote,Change Event: Quote,Change Event: Quote,,false,true,false,false,false,,"1CE",false,false,false,true,false,false,true,false,true,true,true,false,false,false,/{ID},/{ID}/e,/1CE/e,,,,"01I41000002c7iZ.ChangeEvent.005UZ00000BrdXxYAJ",CDC,false,ReadWrite,ReadWrite,false,false,false,false,,,,,,false,2025-04-14 08:28:36.468 -0700
"000000000000000AAA",SBQQ__ProductAttribute__c,837,"01I41000002c7iP",2024-10-12 01:17:42.000 -0700,"00541000003NPmqAAG",SBQQ,ProductAttribute,Attribute Item,Attribute Item,Attribute Items,SBQQ__ProductAttribute__c.SYSTEM,true,true,true,true,true,Deployed,a0l,false,false,true,true,false,false,true,true,true,true,true,false,true,false,/{ID},/{ID}/e,/a0l/e,/01I41000002c7iP/e,,,"01I41000002c7iP.005UZ00000BrdXxYAJ",SBQQ,true,ControlledByParent,ControlledByParent,false,false,false,false,,,,,,false,2025-04-14 08:28:36.365 -0700
"000000000000000AAA",Business_Ops_Request__Feed,153,"01I1L000002ykzv.Feed",,,,Business_Ops_Request__Feed,Feed: Business Ops Request,Feed: Business Ops Request,Feed: Business Ops Request,,false,false,false,false,false,,"0D5",false,false,true,true,false,false,false,true,false,false,true,false,true,false,/{ID},/{ID}/e,/0D5/e,,,,"01I1L000002ykzv.Feed.005UZ00000BrdXxYAJ",System,false,ReadWrite,Private,false,false,false,false,,,,,,false,2025-04-14 08:28:32.462 -0700
"000000000000000AAA",DataUsePurpose,410,DataUsePurpose,,,,DataUsePurpose,Data Use Purpose,Data Use Purpose,Data Use Purposes,DataUsePurpose.SYSTEM,true,true,true,true,true,,"0ZW",false,false,true,true,true,true,true,true,true,true,true,false,true,true,/{ID},/{ID}/e,/0ZW/e,,,,DataUsePurpose.005UZ00000BrdXxYAJ,System,true,Private,Private,false,false,false,false,,,,,,false,2025-04-14 08:28:34.329 -0700
"000000000000000AAA",ARR_Snapshot__c,7,"01I1L000002ylfD",2020-08-12 13:01:41.000 -0700,"0051L000007gwhLQAQ",,ARR_Snapshot,ARR Snapshot,ARR Snapshot,ARR Snapshots,ARR_Snapshot__c.SYSTEM,true,true,true,true,true,Deployed,a5R,false,false,true,true,false,false,true,true,true,true,true,false,true,false,/{ID},/{ID}/e,/a5R/e,/01I1L000002ylfD/e,,,"01I1L000002ylfD.005UZ00000BrdXxYAJ",<local>,true,ReadWrite,Private,false,false,false,false,,,,,,false,2025-04-14 08:28:32.318 -0700
"000000000000000AAA",Sales_Rep__c,1215,"01I410000034byy",2018-06-13 14:02:52.000 -0700,"00541000003jeZTAAY",,Sales_Rep,Sales Rep,Sales Rep,Sales Reps,Sales_Rep__c.SYSTEM,true,true,true,true,true,Deployed,a2J,false,false,true,true,false,false,true,true,true,true,true,false,true,false,/{ID},/{ID}/e,/a2J/e,/01I410000034byy/e,,,"01I410000034byy.005UZ00000BrdXxYAJ",<local>,true,ReadWrite,ReadWrite,false,false,false,false,,,,,,false,2025-04-14 08:28:37.932 -0700
"000000000000000AAA",UndecidedEventRelation,1355,UndecidedEventRelation,,,,UndecidedEventRelation,Undecided Event Relation,Undecided Event Relation,Undecided Event Relations,,false,false,false,false,false,,,false,false,false,true,false,false,false,true,false,false,false,false,true,false,/{ID},/{ID}/e,/null/e,,,,UndecidedEventRelation.005UZ00000BrdXxYAJ,System,false,ReadWrite,ReadWrite,false,false,false,false,,,,,,false,2025-04-14 08:28:37.984 -0700
"000000000000000AAA",ExternalDataSource,498,ExternalDataSource,,,,ExternalDataSource,External Data Source,External Data Source,External Data Sources,,false,false,false,false,false,,"0XC",false,false,false,true,false,false,false,true,true,true,true,false,true,true,/{ID},/{ID}/e,/0XC/e,,,,ExternalDataSource.005UZ00000BrdXxYAJ,System,false,ReadWrite,ReadWrite,false,false,false,false,,,,,,false,2025-04-14 08:28:34.417 -0700
"000000000000000AAA",UserTeamMember,1411,UserTeamMember,,,,UserTeamMember,User Team Member,User Team Member,User Team Member,,false,false,false,false,false,,"00p",false,false,true,true,false,false,false,true,true,true,true,false,true,false,/{ID},/{ID}/e,/00p/e,,,,UserTeamMember.005UZ00000BrdXxYAJ,System,false,ReadWrite,ReadWrite,false,false,false,false,,,,,,false,2025-04-14 08:28:38.001 -0700
"000000000000000AAA",codesters__Codesters_Settings__ChangeEvent,1520,"01I8X000003YKb1.ChangeEvent",,,codesters,Codesters_Settings__ChangeEvent,Change Event: Codesters Settings,Change Event: Codesters Settings,Change Event: Codesters Settings,,false,true,false,false,false,,"1CE",false,false,false,true,false,false,true,false,true,true,true,false,false,false,/{ID},/{ID}/e,/1CE/e,,,,"01I8X000003YKb1.ChangeEvent.005UZ00000BrdXxYAJ",CDC,false,ReadWrite,ReadWrite,false,false,false,false,,,,,,false,2025-04-14 08:28:38.031 -0700
"000000000000000AAA",BrandingSet,122,BrandingSet,,,,BrandingSet,Branding Set,Branding Set,Branding Sets,,false,false,false,false,false,,"0Lw",false,false,false,true,false,false,false,true,true,true,true,false,true,false,/{ID},/{ID}/e,/0Lw/e,,,,BrandingSet.005UZ00000BrdXxYAJ,System,false,ReadWrite,ReadWrite,false,false,false,false,,,,,,false,2025-04-14 08:28:32.421 -0700
"000000000000000AAA",OmniSupervisorConfig,1124,OmniSupervisorConfig,,,,OmniSupervisorConfig,Omni Supervisor Configuration,Omni Supervisor Configuration,Omni Supervisor Configurations,,false,false,false,false,false,,"0Q2",false,false,false,true,false,false,false,true,true,true,true,false,true,false,/{ID},/{ID}/e,/0Q2/e,,,,OmniSupervisorConfig.005UZ00000BrdXxYAJ,System,false,ReadWrite,ReadWrite,false,false,false,false,,,,,,false,2025-04-14 08:28:36.606 -0700
"000000000000000AAA",AssociatedLocationHistory,85,AssociatedLocationHistory,,,,AssociatedLocationHistory,Associated Location History,Associated Location History,Associated Location History,,false,false,false,false,false,,"017",false,false,true,true,false,false,false,true,true,false,true,false,true,false,/{ID},/{ID}/e,/017/e,,,,AssociatedLocationHistory.005UZ00000BrdXxYAJ,System,false,ControlledByParent,ControlledByParent,false,false,false,false,,,,,,false,2025-04-14 08:28:32.389 -0700
"000000000000000AAA",SBQQ__PriceTier__ChangeEvent,936,"01I41000002c7iK.ChangeEvent",,,SBQQ,PriceTier__ChangeEvent,Change Event: Price Tier,Change Event: Price Tier,Change Event: Price Tier,,false,true,false,false,false,,"1CE",false,false,false,true,false,false,true,false,true,true,true,false,false,false,/{ID},/{ID}/e,/1CE/e,,,,"01I41000002c7iK.ChangeEvent.005UZ00000BrdXxYAJ",CDC,false,ControlledByParent,ControlledByParent,false,false,false,false,,,,,,false,2025-04-14 08:28:36.498 -0700
"000000000000000AAA",IncidentRelatedItemFeed,650,IncidentRelatedItemFeed,,,,IncidentRelatedItemFeed,Incident Related Item Feed,Incident Related Item Feed,Incident Related Item Feed,,false,false,false,false,false,,"0D5",false,false,true,true,false,false,false,true,false,false,true,false,true,false,/{ID},/{ID}/e,/0D5/e,,,,IncidentRelatedItemFeed.005UZ00000BrdXxYAJ,System,false,ControlledByParent,ControlledByParent,false,false,false,false,,,,,,false,2025-04-14 08:28:34.764 -0700
"000000000000000AAA",ServiceContractHistory,1240,ServiceContractHistory,,,,ServiceContractHistory,Service Contract History,Service Contract History,Service Contract History,,false,false,false,false,false,,"017",false,false,true,true,false,false,false,true,true,false,true,false,true,false,/{ID},/{ID}/e,/017/e,,,,ServiceContractHistory.005UZ00000BrdXxYAJ,System,false,Private,Private,false,false,false,false,,,,,,false,2025-04-14 08:28:37.942 -0700
"000000000000000AAA",AssignmentRule,82,AssignmentRule,,,,AssignmentRule,Assignment Rule,Assignment Rule,Assignment Rules,,false,false,false,false,false,,"01Q",false,false,false,true,false,true,false,true,false,false,false,false,true,false,/{ID},/{ID}/e,/01Q/e,,,,AssignmentRule.005UZ00000BrdXxYAJ,System,false,ReadWrite,ReadWrite,false,false,false,false,,,,,,false,2025-04-14 08:28:32.389 -0700
"000000000000000AAA",MktMLModelHistory,989,MktMLModelHistory,,,,MktMLModelHistory,Model History,Model History,Model History,,false,false,false,false,false,,"017",false,false,true,true,false,false,false,true,true,false,true,false,true,false,/{ID},/{ID}/e,/017/e,,,,MktMLModelHistory.005UZ00000BrdXxYAJ,System,false,Private,Private,false,false,false,false,,,,,,false,2025-04-14 08:28:36.576 -0700
"000000000000000AAA",SwarmShare,1321,SwarmShare,,,,SwarmShare,Swarm Share,Swarm Share,Swarm Share,,false,false,false,false,false,,"02c",false,false,false,true,false,false,false,true,true,true,true,false,true,false,/{ID},/{ID}/e,/02c/e,,,,SwarmShare.005UZ00000BrdXxYAJ,System,false,ReadWrite,Private,false,false,false,false,,,,,,false,2025-04-14 08:28:37.973 -0700
"000000000000000AAA",ForecastingGroupItem,549,ForecastingGroupItem,,,,ForecastingGroupItem,Forecasting Group Item,Forecasting Group Item,Forecasting Group Items,,false,false,false,false,false,,"9zs",false,false,false,true,false,false,false,true,true,true,true,false,true,false,/{ID},/{ID}/e,/9zs/e,,,,ForecastingGroupItem.005UZ00000BrdXxYAJ,System,false,ReadWrite,ReadWrite,false,false,false,false,,,,,,false,2025-04-14 08:28:34.533 -0700
"000000000000000AAA",BrandTemplate,121,BrandTemplate,,,,BrandTemplate,Letterhead,Letterhead,Letterheads,,false,false,false,false,false,,"016",false,false,true,true,false,false,false,true,true,true,true,false,true,false,/{ID},/{ID}/e,/016/e,,,,BrandTemplate.005UZ00000BrdXxYAJ,System,false,ReadWrite,ReadWrite,false,false,false,false,,,,,,false,2025-04-14 08:28:32.421 -0700
"000000000000000AAA",ExternalAIModel,497,ExternalAIModel,,,,ExternalAIModel,External AI Model,External AI Model,External AI Models,,false,false,false,false,false,,"0b4",false,false,false,true,false,false,false,true,true,true,true,false,true,false,/{ID},/{ID}/e,/0b4/e,,,,ExternalAIModel.005UZ00000BrdXxYAJ,System,false,ReadWrite,ReadWrite,false,false,false,false,,,,,,false,2025-04-14 08:28:34.417 -0700
"000000000000000AAA",UserChangeEvent,1379,UserChangeEvent,,,,UserChangeEvent,User Change Event,User Change Event,User Change Event,,false,true,false,false,false,,"1CE",false,false,false,true,false,false,true,false,true,true,true,false,false,false,/{ID},/{ID}/e,/1CE/e,,,,UserChangeEvent.005UZ00000BrdXxYAJ,CDC,false,Read,Private,false,false,false,false,,,,,,false,2025-04-14 08:28:37.990 -0700
"000000000000000AAA",SBQQ__SubscriptionConsumptionRate__ChangeEvent,1031,"01I1L0000032xzC.ChangeEvent",,,SBQQ,SubscriptionConsumptionRate__ChangeEvent,Change Event: Subscription Consumption Rate,Change Event: Subscription Consumption Rate,Change Event: Subscription Consumption Rate,,false,true,false,false,false,,"1CE",false,false,false,true,false,false,true,false,true,true,true,false,false,false,/{ID},/{ID}/e,/1CE/e,,,,"01I1L0000032xzC.ChangeEvent.005UZ00000BrdXxYAJ",CDC,false,ControlledByParent,ControlledByParent,false,false,false,false,,,,,,false,2025-04-14 08:28:36.602 -0700
"000000000000000AAA",JCFS__AutoSyncJob__ChangeEvent,663,"01IUZ000000U33h.ChangeEvent",,,JCFS,AutoSyncJob__ChangeEvent,Change Event: AutoSyncJob,Change Event: AutoSyncJob,Change Event: AutoSyncJob,,false,true,false,false,false,,"1CE",false,false,false,true,false,false,true,false,true,true,true,false,false,false,/{ID},/{ID}/e,/1CE/e,,,,"01IUZ000000U33h.ChangeEvent.005UZ00000BrdXxYAJ",CDC,false,ReadWrite,Private,false,false,false,false,,,,,,false,2025-04-14 08:28:34.765 -0700
"000000000000000AAA",ColorDefinition,227,ColorDefinition,,,,ColorDefinition,Color Definition,Color Definition,Color Definitions,,false,false,false,false,false,,"05k",false,false,false,false,false,false,false,false,true,true,true,false,true,false,/{ID},/{ID}/e,/05k/e,,,,ColorDefinition.005UZ00000BrdXxYAJ,System,false,ReadWrite,ReadWrite,false,false,false,false,,,,,,false,2025-04-14 08:28:32.562 -0700
"000000000000000AAA",SBQQ__AttributeValue__c,802,"01I41000002c7hm",2024-10-12 01:17:42.000 -0700,"00541000003NPmqAAG",SBQQ,AttributeValue,Attribute Value,Attribute Value,Attribute Values,SBQQ__AttributeValue__c.SYSTEM,true,true,true,true,true,Deployed,a00,false,false,true,true,false,false,true,true,true,true,true,false,true,false,/{ID},/{ID}/e,/a00/e,/01I41000002c7hm/e,,,"01I41000002c7hm.005UZ00000BrdXxYAJ",SBQQ,true,ControlledByParent,ControlledByParent,false,false,false,false,,,,,,false,2025-04-14 08:28:36.329 -0700
"000000000000000AAA",ARR_Snapshot__ChangeEvent,4,"01I1L000002ylfD.ChangeEvent",,,,ARR_Snapshot__ChangeEvent,Change Event: ARR Snapshot,Change Event: ARR Snapshot,Change Event: ARR Snapshot,,false,true,false,false,false,,"1CE",false,false,false,true,false,false,true,false,true,true,true,false,false,false,/{ID},/{ID}/e,/1CE/e,,,,"01I1L000002ylfD.ChangeEvent.005UZ00000BrdXxYAJ",CDC,false,ReadWrite,Private,false,false,false,false,,,,,,false,2025-04-14 08:28:32.318 -0700
"000000000000000AAA",Account_Activity_Plan__History,21,"01I1L000002qPtd.History",,,,Account_Activity_Plan__History,History: Account Activity Plan,History: Account Activity Plan,History: Account Activity Plan,,false,false,false,false,false,,"017",false,false,true,true,false,false,false,true,true,false,true,false,true,false,/{ID},/{ID}/e,/017/e,,,,"01I1L000002qPtd.History.005UZ00000BrdXxYAJ",System,false,ReadWrite,ReadWrite,false,false,false,false,,,,,,false,2025-04-14 08:28:32.335 -0700
"000000000000000AAA",ProfileSkillFeed,1035,ProfileSkillFeed,,,,ProfileSkillFeed,Skill Feed,Skill Feed,Skill Feed,,false,false,false,false,false,,"0D5",false,false,true,true,false,false,false,true,false,false,true,false,true,false,/{ID},/{ID}/e,/0D5/e,,,,ProfileSkillFeed.005UZ00000BrdXxYAJ,System,false,ReadWrite,ReadWrite,false,false,false,false,,,,,,false,2025-04-14 08:28:36.603 -0700
"000000000000000AAA",ProblemChangeEvent,1079,ProblemChangeEvent,,,,ProblemChangeEvent,Problem Change Event,Problem Change Event,Problem Change Event,,false,true,false,false,false,,"1CE",false,false,false,true,false,false,true,false,true,true,true,false,false,false,/{ID},/{ID}/e,/1CE/e,,,,ProblemChangeEvent.005UZ00000BrdXxYAJ,CDC,false,Private,Private,false,false,false,false,,,,,,false,2025-04-14 08:28:36.604 -0700
"000000000000000AAA",FlowOrchestrationEvent,523,FlowOrchestrationEvent,,,,FlowOrchestrationEvent,Orchestration Event,Orchestration Event,Orchestration Events,,false,false,false,false,false,,"0jo",false,false,false,false,false,false,false,false,true,false,false,false,false,false,/{ID},/{ID}/e,/0jo/e,,,,FlowOrchestrationEvent.005UZ00000BrdXxYAJ,System,false,ReadWrite,ReadWrite,false,false,false,false,,,,,,false,2025-04-14 08:28:34.532 -0700
"000000000000000AAA",SBQQ__SubscribedAsset__ChangeEvent,941,"01I41000002c7ih.ChangeEvent",,,SBQQ,SubscribedAsset__ChangeEvent,Change Event: Subscribed Asset,Change Event: Subscribed Asset,Change Event: Subscribed Asset,,false,true,false,false,false,,"1CE",false,false,false,true,false,false,true,false,true,true,true,false,false,false,/{ID},/{ID}/e,/1CE/e,,,,"01I41000002c7ih.ChangeEvent.005UZ00000BrdXxYAJ",CDC,false,ControlledByParent,ControlledByParent,false,false,false,false,,,,,,false,2025-04-14 08:28:36.502 -0700
"000000000000000AAA",SBQQ__FieldMetadata__ChangeEvent,915,"01I41000002c7i5.ChangeEvent",,,SBQQ,FieldMetadata__ChangeEvent,Change Event: Field Metadata,Change Event: Field Metadata,Change Event: Field Metadata,,false,true,false,false,false,,"1CE",false,false,false,true,false,false,true,false,true,true,true,false,false,false,/{ID},/{ID}/e,/1CE/e,,,,"01I41000002c7i5.ChangeEvent.005UZ00000BrdXxYAJ",CDC,false,ReadWrite,ReadWrite,false,false,false,false,,,,,,false,2025-04-14 08:28:36.436 -0700
"000000000000000AAA",AccountContactRelationChangeEvent,12,AccountContactRelationChangeEvent,,,,AccountContactRelationChangeEvent,Account Contact Relationship Change Event,Account Contact Relationship Change Event,Account Contact Relationship Change Event,,false,true,false,false,false,,"1CE",false,false,false,true,false,false,true,false,true,true,true,false,false,false,/{ID},/{ID}/e,/1CE/e,,,,AccountContactRelationChangeEvent.005UZ00000BrdXxYAJ,CDC,false,ControlledByParent,ControlledByParent,false,false,false,false,,,,,,false,2025-04-14 08:28:32.331 -0700
"000000000000000AAA",EngagementChannelType,450,EngagementChannelType,,,,EngagementChannelType,Engagement Channel Type,Engagement Channel Type,Engagement Channel Types,EngagementChannelType.SYSTEM,true,true,true,true,true,,"0eF",false,false,true,true,true,true,true,true,true,true,true,false,true,true,/{ID},/{ID}/e,/0eF/e,,,,EngagementChannelType.005UZ00000BrdXxYAJ,System,true,Private,Private,false,false,false,false,,,,,,false,2025-04-14 08:28:34.396 -0700
"000000000000000AAA",DuplicateRecordSet,436,DuplicateRecordSet,,,,DuplicateRecordSet,Duplicate Record Set,Duplicate Record Set,Duplicate Record Sets,DuplicateRecordSet.SYSTEM,true,true,true,true,true,,"0GK",false,false,true,true,false,false,true,true,true,true,true,false,true,true,/{ID},/{ID}/e,/0GK/e,,,,DuplicateRecordSet.005UZ00000BrdXxYAJ,System,true,ReadWrite,ReadWrite,false,false,false,false,,,,,,false,2025-04-14 08:28:34.343 -0700
"000000000000000AAA",CaseRelatedIssueChangeEvent,187,CaseRelatedIssueChangeEvent,,,,CaseRelatedIssueChangeEvent,Case Related Issue Change Event,Case Related Issue Change Event,Case Related Issue Change Event,,false,true,false,false,false,,"1CE",false,false,false,true,false,false,true,false,true,true,true,false,false,false,/{ID},/{ID}/e,/1CE/e,,,,CaseRelatedIssueChangeEvent.005UZ00000BrdXxYAJ,CDC,false,ControlledByParent,ControlledByParent,false,false,false,false,,,,,,false,2025-04-14 08:28:32.477 -0700
"000000000000000AAA",SurveyFeed,1297,SurveyFeed,,,,SurveyFeed,Survey Feed,Survey Feed,Survey Feed,,false,false,false,false,false,,"0D5",false,false,true,true,false,false,false,true,false,false,true,false,true,false,/{ID},/{ID}/e,/0D5/e,,,,SurveyFeed.005UZ00000BrdXxYAJ,System,false,Private,Private,false,false,false,false,,,,,,false,2025-04-14 08:28:37.971 -0700
"000000000000000AAA",SBQQ__PriceAction__c,840,"01I41000002c7iG",2024-10-12 01:17:42.000 -0700,"00541000003NPmqAAG",SBQQ,PriceAction,Price Action,Price Action,Price Actions,SBQQ__PriceAction__c.SYSTEM,true,true,true,true,true,Deployed,a0c,false,false,true,true,false,false,true,true,true,true,true,false,true,false,/{ID},/{ID}/e,/a0c/e,/01I41000002c7iG/e,Price Action Help,/06641000007WPEQ,"01I41000002c7iG.005UZ00000BrdXxYAJ",SBQQ,true,ControlledByParent,ControlledByParent,false,false,false,false,,,,,,false,2025-04-14 08:28:36.365 -0700
"000000000000000AAA",ProfileSkillEndorsement,1123,ProfileSkillEndorsement,,,,ProfileSkillEndorsement,Endorsement,Endorsement,Endorsements,ProfileSkillEndorsement.SYSTEM,true,true,true,true,true,,"0SE",false,false,true,true,true,true,true,true,true,true,true,true,true,false,/{ID},/{ID}/e,/0SE/e,,,,ProfileSkillEndorsement.005UZ00000BrdXxYAJ,System,true,ControlledByParent,ControlledByParent,false,false,false,false,,,,,,false,2025-04-14 08:28:36.606 -0700
"000000000000000AAA",DataSemanticSearchFeed,392,DataSemanticSearchFeed,,,,DataSemanticSearchFeed,__MISSING LABEL__ PropertyFile - val DataSemanticSearch not found in section StandardFeedLabel,__MISSING LABEL__ PropertyFile - val DataSemanticSearch not found in section StandardFeedLabel,__MISSING LABEL__ PropertyFile - val DataSemanticSearch not found in section StandardFeedLabel,,false,false,false,false,false,,"0D5",false,false,true,true,false,false,false,true,false,false,true,false,true,false,/{ID},/{ID}/e,/0D5/e,,,,DataSemanticSearchFeed.005UZ00000BrdXxYAJ,System,false,ReadWrite,ReadWrite,false,false,false,false,,,,,,false,2025-04-14 08:28:32.879 -0700
"000000000000000AAA",DuplicateRule,437,DuplicateRule,,,,DuplicateRule,Duplicate Rule,Duplicate Rule,Duplicate Rules,,false,false,false,false,false,,"0Bm",false,false,false,true,false,true,false,true,false,false,false,false,true,true,/{ID},/{ID}/e,/0Bm/e,,,,DuplicateRule.005UZ00000BrdXxYAJ,System,true,ReadWrite,ReadWrite,false,false,false,false,,,,,,false,2025-04-14 08:28:34.343 -0700
"000000000000000AAA",DataStream,399,DataStream,,,,DataStream,Data Stream,Data Stream,Data Streams,DataStream.SYSTEM,false,true,true,true,true,,"1ds",false,false,true,true,true,true,true,true,true,true,true,true,true,true,/{ID},/{ID}/e,/1ds/e,,,,DataStream.005UZ00000BrdXxYAJ,System,true,ReadWrite,ReadWrite,false,false,false,false,,,,,,false,2025-04-14 08:28:32.963 -0700
"000000000000000AAA",CaseChangeEvent,179,CaseChangeEvent,,,,CaseChangeEvent,Case Change Event,Case Change Event,Case Change Event,,false,true,false,false,false,,"1CE",false,false,false,true,false,false,true,false,true,true,true,false,false,false,/{ID},/{ID}/e,/1CE/e,,,,CaseChangeEvent.005UZ00000BrdXxYAJ,CDC,false,Read,Read,false,false,false,false,,,,,,false,2025-04-14 08:28:32.477 -0700
"000000000000000AAA",ServiceChannel,1234,ServiceChannel,,,,ServiceChannel,Service Channel,Service Channel,Service Channels,,false,false,false,false,false,,"0N9",false,false,false,true,false,false,false,true,true,true,true,false,true,false,/{ID},/{ID}/e,/0N9/e,,,,ServiceChannel.005UZ00000BrdXxYAJ,System,false,ReadWrite,ReadWrite,false,false,false,false,,,,,,false,2025-04-14 08:28:37.942 -0700
"000000000000000AAA",Learning_com_Sales__Feed,729,"01I41000002ygra.Feed",,,,Learning_com_Sales__Feed,Feed: Learning.com Sales,Feed: Learning.com Sales,Feed: Learning.com Sales,,false,false,false,false,false,,"0D5",false,false,true,true,false,false,false,true,false,false,true,false,true,false,/{ID},/{ID}/e,/0D5/e,,,,"01I41000002ygra.Feed.005UZ00000BrdXxYAJ",System,false,ReadWrite,ReadWrite,false,false,false,false,,,,,,false,2025-04-14 08:28:34.866 -0700
"000000000000000AAA",SBQQ__DiscountTier__History,1065,"01I41000002c7i0.History",,,SBQQ,DiscountTier__History,History: Discount Tier,History: Discount Tier,History: Discount Tier,,false,false,false,false,false,,"017",false,false,true,true,false,false,false,true,true,false,true,false,true,false,/{ID},/{ID}/e,/017/e,,,,"01I41000002c7i0.History.005UZ00000BrdXxYAJ",System,false,ControlledByParent,ControlledByParent,false,false,false,false,,,,,,false,2025-04-14 08:28:36.604 -0700
"000000000000000AAA",Domain,429,Domain,,,,Domain,Domain,Domain,Domains,,false,false,false,false,false,,"0I4",false,false,false,true,false,false,false,true,true,true,true,false,true,false,/{ID},/{ID}/e,/0I4/e,,,,Domain.005UZ00000BrdXxYAJ,System,false,ReadWrite,ReadWrite,false,false,false,false,,,,,,false,2025-04-14 08:28:34.342 -0700
"000000000000000AAA",CommSubscriptionChannelTypeFeed,233,CommSubscriptionChannelTypeFeed,,,,CommSubscriptionChannelTypeFeed,Communication Subscription Channel Type Feed,Communication Subscription Channel Type Feed,Communication Subscription Channel Type Feed,,false,false,false,false,false,,"0D5",false,false,true,true,false,false,false,true,false,false,true,false,true,false,/{ID},/{ID}/e,/0D5/e,,,,CommSubscriptionChannelTypeFeed.005UZ00000BrdXxYAJ,System,false,Private,Private,false,false,false,false,,,,,,false,2025-04-14 08:28:32.574 -0700
"000000000000000AAA",ServiceResourceSkillHistory,1251,ServiceResourceSkillHistory,,,,ServiceResourceSkillHistory,Service Resource Skill History,Service Resource Skill History,Service Resource Skill History,,false,false,false,false,false,,"017",false,false,true,true,false,false,false,true,true,false,true,false,true,false,/{ID},/{ID}/e,/017/e,,,,ServiceResourceSkillHistory.005UZ00000BrdXxYAJ,System,false,ControlledByParent,ControlledByParent,false,false,false,false,,,,,,false,2025-04-14 08:28:37.950 -0700
"000000000000000AAA",PlatformCachePartitionType,1004,PlatformCachePartitionType,,,,PlatformCachePartitionType,Platform Cache Partition Type,Platform Cache Partition Type,Platform Cache Partition Types,,false,false,false,false,false,,"0Ev",false,false,false,true,false,false,false,true,true,true,true,false,true,false,/{ID},/{ID}/e,/0Ev/e,,,,PlatformCachePartitionType.005UZ00000BrdXxYAJ,System,false,ReadWrite,ReadWrite,false,false,false,false,,,,,,false,2025-04-14 08:28:36.584 -0700
"000000000000000AAA",Competitor_Profile__History,250,"01I8X000003Bcws.History",,,,Competitor_Profile__History,History: Competitor Profile,History: Competitor Profile,History: Competitor Profile,,false,false,false,false,false,,"017",false,false,true,true,false,false,false,true,true,false,true,false,true,false,/{ID},/{ID}/e,/017/e,,,,"01I8X000003Bcws.History.005UZ00000BrdXxYAJ",System,false,ReadWrite,Private,false,false,false,false,,,,,,false,2025-04-14 08:28:32.650 -0700
"000000000000000AAA",CampaignHistory,170,CampaignHistory,,,,CampaignHistory,Campaign Field History,Campaign Field History,Campaign Field History,,false,false,false,false,false,,"017",false,false,true,true,false,false,false,true,true,false,true,false,true,false,/{ID},/{ID}/e,/017/e,,,,CampaignHistory.005UZ00000BrdXxYAJ,System,false,FullAccess,FullAccess,false,false,false,false,,,,,,false,2025-04-14 08:28:32.463 -0700
"000000000000000AAA",LCOM_Organization__c,703,"01IUZ000000NrQL",2024-05-16 23:24:22.000 -0700,"005UZ000002t937YAA",,LCOM_Organization,LCOM Organization,LCOM Organization,LCOM Organizations,LCOM_Organization__c.SYSTEM,true,true,true,true,true,Deployed,a5S,false,false,true,true,true,true,true,true,true,true,true,false,true,true,/{ID},/{ID}/e,/a5S/e,/01IUZ000000NrQL/e,,,"01IUZ000000NrQL.005UZ00000BrdXxYAJ",<local>,true,ControlledByParent,ControlledByParent,false,false,false,false,,,,,,false,2025-04-14 08:28:34.848 -0700
"000000000000000AAA",SBQQ__SubscribedQuoteLine__ChangeEvent,927,"01I41000002zuTb.ChangeEvent",,,SBQQ,SubscribedQuoteLine__ChangeEvent,Change Event: Subscribed Quote Line,Change Event: Subscribed Quote Line,Change Event: Subscribed Quote Line,,false,true,false,false,false,,"1CE",false,false,false,true,false,false,true,false,true,true,true,false,false,false,/{ID},/{ID}/e,/1CE/e,,,,"01I41000002zuTb.ChangeEvent.005UZ00000BrdXxYAJ",CDC,false,ReadWrite,ReadWrite,false,false,false,false,,,,,,false,2025-04-14 08:28:36.468 -0700
"000000000000000AAA",ProblemRelatedItemHistory,960,ProblemRelatedItemHistory,,,,ProblemRelatedItemHistory,Problem Related Item History,Problem Related Item History,Problem Related Item History,,false,false,false,false,false,,"017",false,false,true,true,false,false,false,true,true,false,true,false,true,false,/{ID},/{ID}/e,/017/e,,,,ProblemRelatedItemHistory.005UZ00000BrdXxYAJ,System,false,ControlledByParent,ControlledByParent,false,false,false,false,,,,,,false,2025-04-14 08:28:36.540 -0700
"000000000000000AAA",agileed__Course_Account__ChangeEvent,1488,"01I8X0000018Sq9.ChangeEvent",,,agileed,Course_Account__ChangeEvent,Change Event: Course/Account,Change Event: Course/Account,Change Event: Course/Account,,false,true,false,false,false,,"1CE",false,false,false,true,false,false,true,false,true,true,true,false,false,false,/{ID},/{ID}/e,/1CE/e,,,,"01I8X0000018Sq9.ChangeEvent.005UZ00000BrdXxYAJ",CDC,false,ControlledByParent,ControlledByParent,false,false,false,false,,,,,,false,2025-04-14 08:28:38.016 -0700
"000000000000000AAA",Vendor_Contract__Share,1413,"01I8X0000018WV4.Share",,,,Vendor_Contract__Share,Share: Vendor Contract,Share: Vendor Contract,Share: Vendor Contract,,false,false,false,false,false,,"02c",false,false,false,true,false,false,false,true,true,true,true,false,true,false,/{ID},/{ID}/e,/02c/e,,,,"01I8X0000018WV4.Share.005UZ00000BrdXxYAJ",System,false,ReadWrite,Private,false,false,false,false,,,,,,false,2025-04-14 08:28:38.001 -0700
"000000000000000AAA",LiveChatTranscript,759,LiveChatTranscript,,,,LiveChatTranscript,Chat Transcript,Chat Transcript,Chat Transcripts,LiveChatTranscript.SYSTEM,true,true,true,false,true,,"570",false,false,true,true,true,true,true,true,true,true,true,false,true,true,/{ID},/{ID}/e,/570/e,,,,LiveChatTranscript.005UZ00000BrdXxYAJ,System,true,Private,Private,false,false,false,false,,,,,,false,2025-04-14 08:28:34.927 -0700
"000000000000000AAA",DataUseLegalBasisShare,409,DataUseLegalBasisShare,,,,DataUseLegalBasisShare,Data Use Legal Basis Share,Data Use Legal Basis Share,Data Use Legal Basis Share,,false,false,false,false,false,,"02c",false,false,false,true,false,false,false,true,true,true,true,false,true,false,/{ID},/{ID}/e,/02c/e,,,,DataUseLegalBasisShare.005UZ00000BrdXxYAJ,System,false,Private,Private,false,false,false,false,,,,,,false,2025-04-14 08:28:34.328 -0700
"000000000000000AAA",DataSemanticSearchHistory,393,DataSemanticSearchHistory,,,,DataSemanticSearchHistory,__MISSING LABEL__ PropertyFile - val DataSemanticSearch not found in section StandardHistoryLabel,__MISSING LABEL__ PropertyFile - val DataSemanticSearch not found in section StandardHistoryLabel,__MISSING LABEL__ PropertyFile - val DataSemanticSearch not found in section StandardHistoryLabel,,false,false,false,false,false,,"017",false,false,true,true,false,false,false,true,true,false,true,false,true,false,/{ID},/{ID}/e,/017/e,,,,DataSemanticSearchHistory.005UZ00000BrdXxYAJ,System,false,ReadWrite,ReadWrite,false,false,false,false,,,,,,false,2025-04-14 08:28:32.879 -0700
"000000000000000AAA",BriefcaseAssignment,124,BriefcaseAssignment,,,,BriefcaseAssignment,Briefcase Assignment,Briefcase Assignment,Briefcase Assignments,,false,false,false,false,false,,"5LH",false,false,true,true,false,false,false,true,true,false,true,false,true,false,/{ID},/{ID}/e,/5LH/e,,,,BriefcaseAssignment.005UZ00000BrdXxYAJ,System,false,ReadWrite,ReadWrite,false,false,false,false,,,,,,false,2025-04-14 08:28:32.421 -0700
"000000000000000AAA",IntegrationProviderDef,662,IntegrationProviderDef,,,,IntegrationProviderDef,Integration Provider Definition,Integration Provider Definition,Integration Provider Definitions,IntegrationProviderDef.SYSTEM,false,false,false,false,true,,"0z2",false,false,false,true,false,false,false,true,true,true,true,false,true,true,/{ID},/{ID}/e,/0z2/e,,,,IntegrationProviderDef.005UZ00000BrdXxYAJ,System,true,ReadWrite,ReadWrite,false,false,false,false,,,,,,false,2025-04-14 08:28:34.765 -0700
"000000000000000AAA",ContactChangeEvent,266,ContactChangeEvent,,,,ContactChangeEvent,Contact Change Event,Contact Change Event,Contact Change Event,,false,true,false,false,false,,"1CE",false,false,false,true,false,false,true,false,true,true,true,false,false,false,/{ID},/{ID}/e,/1CE/e,,,,ContactChangeEvent.005UZ00000BrdXxYAJ,CDC,false,Read,Read,false,false,false,false,,,,,,false,2025-04-14 08:28:32.665 -0700
"000000000000000AAA",SiteHistory,1263,SiteHistory,,,,SiteHistory,Site History,Site History,Site History,,false,false,false,false,false,,"017",false,false,true,true,false,false,false,true,true,false,true,false,true,false,/{ID},/{ID}/e,/017/e,,,,SiteHistory.005UZ00000BrdXxYAJ,System,false,ReadWrite,ReadWrite,false,false,false,false,,,,,,false,2025-04-14 08:28:37.951 -0700
"000000000000000AAA",ContractStatus,320,ContractStatus,,,,ContractStatus,Contract Status Value,Contract Status Value,Contract Status Value,,false,false,false,false,false,,,false,false,false,true,false,false,false,true,false,false,false,false,true,false,/{ID},/{ID}/e,/null/e,,,,ContractStatus.005UZ00000BrdXxYAJ,System,false,ReadWrite,ReadWrite,false,false,false,false,,,,,,false,2025-04-14 08:28:32.722 -0700
"000000000000000AAA",DataAssetPromotionRequest,362,DataAssetPromotionRequest,,,,DataAssetPromotionRequest,Data Asset Promotion Request,Data Asset Promotion Request,Data Asset Promotion Requests,,false,false,false,false,false,,"1NE",false,false,false,true,false,false,false,true,true,true,true,false,true,true,/{ID},/{ID}/e,/1NE/e,,,,DataAssetPromotionRequest.005UZ00000BrdXxYAJ,System,false,ReadWrite,ReadWrite,false,false,false,false,,,,,,false,2025-04-14 08:28:32.878 -0700
"000000000000000AAA",UserConfigTransferButton,1380,UserConfigTransferButton,,,,UserConfigTransferButton,UserConfigTransferButton,UserConfigTransferButton,UserConfigTransferButtons,,false,false,false,false,false,,"0KB",false,false,false,true,false,false,false,true,true,true,true,false,true,false,/{ID},/{ID}/e,/0KB/e,,,,UserConfigTransferButton.005UZ00000BrdXxYAJ,System,false,ReadWrite,ReadWrite,false,false,false,false,,,,,,false,2025-04-14 08:28:37.990 -0700
"000000000000000AAA",School_License__c,1221,"01I41000002T2bi",2018-04-23 12:19:08.000 -0700,"00541000003jYZXAA2",,School_License,School License,School License,School Licenses,School_License__c.SYSTEM,true,true,true,true,true,Deployed,a1e,false,false,true,true,true,true,true,true,true,true,true,false,true,true,/{ID},/{ID}/e,/a1e/e,/01I41000002T2bi/e,,,"01I41000002T2bi.005UZ00000BrdXxYAJ",<local>,true,ReadWrite,ReadWrite,false,false,false,false,,,,,,false,2025-04-14 08:28:37.933 -0700
"000000000000000AAA",SBQQ__QuoteLineConsumptionSchedule__ChangeEvent,1198,"01I1L0000032xzB.ChangeEvent",,,SBQQ,QuoteLineConsumptionSchedule__ChangeEvent,Change Event: Quote Line Consumption Schedule,Change Event: Quote Line Consumption Schedule,Change Event: Quote Line Consumption Schedule,,false,true,false,false,false,,"1CE",false,false,false,true,false,false,true,false,true,true,true,false,false,false,/{ID},/{ID}/e,/1CE/e,,,,"01I1L0000032xzB.ChangeEvent.005UZ00000BrdXxYAJ",CDC,false,ControlledByParent,ControlledByParent,false,false,false,false,,,,,,false,2025-04-14 08:28:36.618 -0700
"000000000000000AAA",SBQQ__WebQuoteLine__c,1208,"01I41000002c7iq",2024-10-12 01:17:42.000 -0700,"00541000003NPmqAAG",SBQQ,WebQuoteLine,Web Quote Line,Web Quote Line,Web Quote Lines,SBQQ__WebQuoteLine__c.SYSTEM,true,true,true,true,true,Deployed,a1C,false,false,true,true,false,false,true,true,true,true,true,false,true,false,/{ID},/{ID}/e,/a1C/e,/01I41000002c7iq/e,,,"01I41000002c7iq.005UZ00000BrdXxYAJ",SBQQ,true,ControlledByParent,ControlledByParent,false,false,false,false,,,,,,false,2025-04-14 08:28:37.918 -0700
"000000000000000AAA",UnifiedActivityEvent,1357,UnifiedActivityEvent,,,,UnifiedActivityEvent,Unified Activity Event,Unified Activity Event,Unified Activity Events,,false,true,false,false,false,,"1a0",false,false,false,false,false,false,true,false,true,false,false,false,false,false,/{ID},/{ID}/e,/1a0/e,,,,UnifiedActivityEvent.005UZ00000BrdXxYAJ,System,false,ReadWrite,ReadWrite,false,false,false,false,,,,,,false,2025-04-14 08:28:37.984 -0700
"000000000000000AAA",CampaignInfluenceModel,171,CampaignInfluenceModel,,,,CampaignInfluenceModel,Campaign Influence Model,Campaign Influence Model,Campaign Influence Models,,false,false,false,false,false,,"03V",false,false,false,true,false,false,false,true,false,false,false,false,true,false,/{ID},/{ID}/e,/03V/e,,,,CampaignInfluenceModel.005UZ00000BrdXxYAJ,System,false,ReadWrite,ReadWrite,false,false,false,false,,,,,,false,2025-04-14 08:28:32.463 -0700
"000000000000000AAA",Gong__Gong_Scorecard__c,585,"01IUZ0000004zxr",2025-02-10 14:23:43.000 -0800,"005UZ00000B4tsPYAR",Gong,Gong_Scorecard,Gong Scorecard,Gong Scorecard,Gong Scorecards,Gong__Gong_Scorecard__c.SYSTEM,true,true,true,true,true,Deployed,a2p,false,false,true,true,true,true,true,true,true,true,true,false,true,false,/{ID},/{ID}/e,/a2p/e,/01IUZ0000004zxr/e,,,"01IUZ0000004zxr.005UZ00000BrdXxYAJ",Gong,true,ControlledByParent,ControlledByParent,false,false,false,false,,,,,,false,2025-04-14 08:28:34.606 -0700
"000000000000000AAA",SBQQ__SearchIndex__c,819,"01I41000002c7if",2024-10-12 01:17:42.000 -0700,"00541000003NPmqAAG",SBQQ,SearchIndex,Search Index,Search Index,Search Index,SBQQ__SearchIndex__c.SYSTEM,true,true,true,true,true,Deployed,a11,false,false,true,true,true,true,true,true,true,true,true,false,true,false,/{ID},/{ID}/e,/a11/e,/01I41000002c7if/e,,,"01I41000002c7if.005UZ00000BrdXxYAJ",SBQQ,true,ReadWrite,ReadWrite,false,false,false,false,,,,,,false,2025-04-14 08:28:36.356 -0700
"000000000000000AAA",DelegatedAccount,422,DelegatedAccount,,,,DelegatedAccount,External Managed Account,External Managed Account,External Managed Accounts,DelegatedAccount.SYSTEM,true,true,true,true,true,,"0du",false,false,true,true,true,true,true,true,true,true,true,false,true,true,/{ID},/{ID}/e,/0du/e,,,,DelegatedAccount.005UZ00000BrdXxYAJ,System,true,Private,Private,false,false,false,false,,,,,,false,2025-04-14 08:28:34.336 -0700
"000000000000000AAA",DataActionTargetFeed,359,DataActionTargetFeed,,,,DataActionTargetFeed,Data Action Target Feed,Data Action Target Feed,Data Action Target Feed,,false,false,false,false,false,,"0D5",false,false,true,true,false,false,false,true,false,false,true,false,true,false,/{ID},/{ID}/e,/0D5/e,,,,DataActionTargetFeed.005UZ00000BrdXxYAJ,System,false,Private,Private,false,false,false,false,,,,,,false,2025-04-14 08:28:32.878 -0700
"000000000000000AAA",ContentDocumentFeed,298,ContentDocumentFeed,,,,ContentDocumentFeed,ContentDocument Feed,ContentDocument Feed,ContentDocument Feed,,false,false,false,false,false,,"0D5",false,false,true,true,false,false,false,true,false,false,true,false,true,false,/{ID},/{ID}/e,/0D5/e,,,,ContentDocumentFeed.005UZ00000BrdXxYAJ,System,false,Private,Private,false,false,false,false,,,,,,false,2025-04-14 08:28:32.697 -0700
"000000000000000AAA",CallCoachConfigModifyEvent,163,CallCoachConfigModifyEvent,,,,CallCoachConfigModifyEvent,Call Coaching Configuration Modified Event,Call Coaching Configuration Modified Event,Call Coaching Configuration Modified Events,,false,true,false,false,false,,"0hy",false,false,false,false,false,false,true,false,true,false,false,false,false,false,/{ID},/{ID}/e,/0hy/e,,,,CallCoachConfigModifyEvent.005UZ00000BrdXxYAJ,Conduit,false,ReadWrite,ReadWrite,false,false,false,false,,,,,,false,2025-04-14 08:28:32.463 -0700
"000000000000000AAA",AttachedContentNote,90,AttachedContentNote,,,,AttachedContentNote,Note,Note,Notes,,false,false,false,false,false,,,false,false,false,false,false,false,false,true,false,false,false,false,false,false,/{ID},/{ID}/e,/null/e,,,,AttachedContentNote.005UZ00000BrdXxYAJ,System,false,Private,Private,false,false,false,false,,,,,,false,2025-04-14 08:28:32.390 -0700
"000000000000000AAA",Address,33,Address,,,,Address,Address,Address,Addresses,Address.SYSTEM,true,true,true,true,true,,"130",false,false,true,true,true,true,true,true,true,true,true,false,true,true,/{ID},/{ID}/e,/130/e,,,,Address.005UZ00000BrdXxYAJ,System,true,ControlledByParent,ControlledByParent,false,false,false,false,,,,,,false,2025-04-14 08:28:32.353 -0700
"000000000000000AAA",Case__hd,198,"01IUZ000000aYSz",2024-07-16 15:47:52.000 -0700,"0058X00000Fi8mPQAR",,Case,Case,Case (Historical),Cases (Historical),,true,false,false,false,false,Deployed,h02,false,false,true,true,false,false,false,true,false,false,false,false,true,false,/{ID},/{ID}/e,/h02/e,/01IUZ000000aYSz/e,,,"01IUZ000000aYSz.005UZ00000BrdXxYAJ",<local>,false,ReadWrite,Private,false,false,false,false,,,,,,false,2025-04-14 08:28:32.478 -0700
"000000000000000AAA",snr__sr_Mapping_Articles__ChangeEvent,1555,"01IUZ000000GKHL.ChangeEvent",,,snr,sr_Mapping_Articles__ChangeEvent,Change Event: Mapping Articles,Change Event: Mapping Articles,Change Event: Mapping Articles,,false,true,false,false,false,,"1CE",false,false,false,true,false,false,true,false,true,true,true,false,false,false,/{ID},/{ID}/e,/1CE/e,,,,"01IUZ000000GKHL.ChangeEvent.005UZ00000BrdXxYAJ",CDC,false,ReadWrite,Private,false,false,false,false,,,,,,false,2025-04-14 08:28:38.041 -0700
"000000000000000AAA",ContractContactRole,313,ContractContactRole,,,,ContractContactRole,Contract Contact Role,Contract Contact Role,Contract Contact Role,,false,false,false,false,false,,"02a",false,false,true,true,false,false,false,true,true,true,true,false,true,false,/{ID},/{ID}/e,/02a/e,,,,ContractContactRole.005UZ00000BrdXxYAJ,System,true,ReadWrite,ReadWrite,false,false,false,false,,,,,,false,2025-04-14 08:28:32.722 -0700
"000000000000000AAA",ContentFolder,302,ContentFolder,,,,ContentFolder,Content Folder,Content Folder,Content Folders,,false,false,false,false,false,,"07H",false,false,true,true,false,false,false,true,true,true,true,false,true,false,/{ID},/{ID}/e,/07H/e,,,,ContentFolder.005UZ00000BrdXxYAJ,System,false,ReadWrite,ReadWrite,false,false,false,false,,,,,,false,2025-04-14 08:28:32.697 -0700
"000000000000000AAA",AuthorizationFormDataUseChangeEvent,107,AuthorizationFormDataUseChangeEvent,,,,AuthorizationFormDataUseChangeEvent,Authorization Form Data Use Change Event,Authorization Form Data Use Change Event,Authorization Form Data Use Change Event,,false,true,false,false,false,,"1CE",false,false,false,true,false,false,true,false,true,true,true,false,false,false,/{ID},/{ID}/e,/1CE/e,,,,AuthorizationFormDataUseChangeEvent.005UZ00000BrdXxYAJ,CDC,false,Private,Private,false,false,false,false,,,,,,false,2025-04-14 08:28:32.419 -0700
"000000000000000AAA",ScorecardAssociation,1225,ScorecardAssociation,,,,ScorecardAssociation,Scorecard Association,Scorecard Association,Scorecard Associations,ScorecardAssociation.SYSTEM,true,false,false,false,true,,"0Qn",false,false,true,false,false,false,false,true,true,true,true,false,true,true,/{ID},/{ID}/e,/0Qn/e,,,,ScorecardAssociation.005UZ00000BrdXxYAJ,System,true,ControlledByParent,ControlledByParent,false,false,false,false,,,,,,false,2025-04-14 08:28:37.933 -0700
"000000000000000AAA",GrantedByLicense,608,GrantedByLicense,,,,GrantedByLicense,Setting Granted By License,Setting Granted By License,Settings Granted By Licenses,,false,false,false,false,false,,"06d",false,false,false,true,false,false,false,true,true,false,true,false,true,false,/{ID},/{ID}/e,/06d/e,,,,GrantedByLicense.005UZ00000BrdXxYAJ,System,false,ReadWrite,ReadWrite,false,false,false,false,,,,,,false,2025-04-14 08:28:34.675 -0700
"000000000000000AAA",UserSetupEntityAccess,1409,UserSetupEntityAccess,,,,UserSetupEntityAccess,User Setup Entity Access,User Setup Entity Access,User Permission Access,,false,false,false,false,false,,"0g2",false,false,false,false,false,false,false,false,true,true,false,false,true,false,/{ID},/{ID}/e,/0g2/e,,,,UserSetupEntityAccess.005UZ00000BrdXxYAJ,MetadataCatalog,false,ReadWrite,ReadWrite,false,false,false,false,,,,,,false,2025-04-14 08:28:37.999 -0700
"000000000000000AAA",MktMLPredictionJob,1060,MktMLPredictionJob,,,,MktMLPredictionJob,Model Prediction Job,Model Prediction Job,Model Prediction Jobs,,false,true,true,true,false,,"0yq",false,false,true,true,false,false,true,true,true,true,true,false,true,true,/{ID},/{ID}/e,/0yq/e,,,,MktMLPredictionJob.005UZ00000BrdXxYAJ,System,false,ReadWrite,ReadWrite,false,false,false,false,,,,,,false,2025-04-14 08:28:36.604 -0700
"000000000000000AAA",Gong__Note__ChangeEvent,586,"01IUZ0000004zxt.ChangeEvent",,,Gong,Note__ChangeEvent,Change Event: Note,Change Event: Note,Change Event: Note,,false,true,false,false,false,,"1CE",false,false,false,true,false,false,true,false,true,true,true,false,false,false,/{ID},/{ID}/e,/1CE/e,,,,"01IUZ0000004zxt.ChangeEvent.005UZ00000BrdXxYAJ",CDC,false,ReadWrite,Private,false,false,false,false,,,,,,false,2025-04-14 08:28:34.606 -0700
"000000000000000AAA",CommSubscriptionChannelTypeHistory,234,CommSubscriptionChannelTypeHistory,,,,CommSubscriptionChannelTypeHistory,Communication Subscription Channel Type  History,Communication Subscription Channel Type  History,Communication Subscription Channel Type  History,,false,false,false,false,false,,"017",false,false,true,true,false,false,false,true,true,false,true,false,true,false,/{ID},/{ID}/e,/017/e,,,,CommSubscriptionChannelTypeHistory.005UZ00000BrdXxYAJ,System,false,Private,Private,false,false,false,false,,,,,,false,2025-04-14 08:28:32.574 -0700
"000000000000000AAA",ContactPointTypeConsent,285,ContactPointTypeConsent,,,,ContactPointTypeConsent,Contact Point Type Consent,Contact Point Type Consent,Contact Point Type Consents,ContactPointTypeConsent.SYSTEM,true,true,true,true,true,,"0ZY",false,false,true,true,true,true,true,true,true,true,true,false,true,true,/{ID},/{ID}/e,/0ZY/e,,,,ContactPointTypeConsent.005UZ00000BrdXxYAJ,System,true,Private,Private,false,false,false,false,,,,,,false,2025-04-14 08:28:32.688 -0700
"000000000000000AAA",codesters__Campaign_Link__c,1509,"01I8X000003YKax",2023-11-15 17:05:29.000 -0800,"0051L000007gwhLQAQ",codesters,Campaign_Link,Campaign Link,Campaign Link,Campaign Links,codesters__Campaign_Link__c.SYSTEM,true,true,true,true,true,Deployed,a2F,false,false,true,true,false,false,true,true,true,true,true,false,true,false,/{ID},/{ID}/e,/a2F/e,/01I8X000003YKax/e,,,"01I8X000003YKax.005UZ00000BrdXxYAJ",codesters,true,ControlledByParent,ControlledByParent,false,false,false,false,,,,,,false,2025-04-14 08:28:38.030 -0700
"000000000000000AAA",AuthorizationFormConsentShare,105,AuthorizationFormConsentShare,,,,AuthorizationFormConsentShare,Authorization Form Consent Share,Authorization Form Consent Share,Authorization Form Consent Share,,false,false,false,false,false,,"02c",false,false,false,true,false,false,false,true,true,true,true,false,true,false,/{ID},/{ID}/e,/02c/e,,,,AuthorizationFormConsentShare.005UZ00000BrdXxYAJ,System,false,Private,Private,false,false,false,false,,,,,,false,2025-04-14 08:28:32.419 -0700
"000000000000000AAA",SharingRecordCollection,1256,SharingRecordCollection,,,,SharingRecordCollection,Record Collection,Record Collection,Record Collections,SharingRecordCollection.SYSTEM,true,true,true,true,true,,"0iB",false,false,true,true,true,true,true,true,true,true,true,false,true,true,/{ID},/{ID}/e,/0iB/e,,,,SharingRecordCollection.005UZ00000BrdXxYAJ,System,true,Private,Private,false,false,false,false,,,,,,false,2025-04-14 08:28:37.951 -0700
"000000000000000AAA",ManagedContentChannel,794,ManagedContentChannel,,,,ManagedContentChannel,Managed Content Channel,Managed Content Channel,Managed Content Channels,,false,false,false,false,false,,"0ap",false,false,true,true,false,false,false,true,true,true,true,false,true,false,/{ID},/{ID}/e,/0ap/e,,,,ManagedContentChannel.005UZ00000BrdXxYAJ,System,false,ReadWrite,ReadWrite,false,false,false,false,,,,,,false,2025-04-14 08:28:34.929 -0700
"000000000000000AAA",AccountHistory,16,AccountHistory,,,,AccountHistory,Account History,Account History,Account History,,false,false,false,false,false,,"017",false,false,true,true,false,false,false,true,true,false,true,false,true,false,/{ID},/{ID}/e,/017/e,,,,AccountHistory.005UZ00000BrdXxYAJ,System,false,ReadWrite,ReadWrite,false,false,false,false,,,,,,false,2025-04-14 08:28:32.335 -0700
"000000000000000AAA",ActivityFieldHistory,28,ActivityFieldHistory,,,,ActivityFieldHistory,Activity Field History,Activity Field History,Activity Field Histories,,false,false,false,false,false,,"2fp",false,false,false,true,false,false,false,false,true,true,true,false,true,false,/{ID},/{ID}/e,/2fp/e,,,,ActivityFieldHistory.005UZ00000BrdXxYAJ,System,false,ReadWrite,ReadWrite,false,false,false,false,,,,,,false,2025-04-14 08:28:32.352 -0700
"000000000000000AAA",LightningExitByPageMetrics,734,LightningExitByPageMetrics,,,,LightningExitByPageMetrics,Lightning Exit By Page Metrics,Lightning Exit By Page Metrics,Lightning Exit By Page Metrics,,false,false,false,false,false,,"0V9",false,false,false,true,false,false,false,true,true,true,true,false,true,false,/{ID},/{ID}/e,/0V9/e,,,,LightningExitByPageMetrics.005UZ00000BrdXxYAJ,System,false,ReadWrite,ReadWrite,false,false,false,false,,,,,,false,2025-04-14 08:28:34.866 -0700
"000000000000000AAA",User,1372,User,,,,User,User,User,Users,User.0AHUZ0000000R6f,true,true,true,false,true,,"005",false,false,true,true,true,true,true,true,true,true,false,true,true,true,/{ID},/{ID}/e,/005/e,,,,User.005UZ00000BrdXxYAJ,System,true,Read,Private,false,false,false,false,,,,,,false,2025-04-14 08:28:37.989 -0700
"000000000000000AAA",IndividualShare,660,IndividualShare,,,,IndividualShare,Individual Share,Individual Share,Individual Share,,false,false,false,false,false,,"0T5",false,false,false,true,false,false,false,true,true,true,true,false,true,false,/{ID},/{ID}/e,/0T5/e,,,,IndividualShare.005UZ00000BrdXxYAJ,System,false,ReadWrite,ReadWrite,false,false,false,false,,,,,,false,2025-04-14 08:28:34.765 -0700
"000000000000000AAA",ListView,746,ListView,,,,ListView,List View,List View,List Views,,false,false,false,false,false,,"00B",false,false,false,true,false,true,false,true,true,true,true,false,true,true,/{ID},/{ID}/e,/00B/e,,,,ListView.005UZ00000BrdXxYAJ,System,false,Private,Private,false,false,false,false,,,,,,false,2025-04-14 08:28:34.926 -0700
"000000000000000AAA",AcceptedEventRelation,8,AcceptedEventRelation,,,,AcceptedEventRelation,Accepted Event Relation,Accepted Event Relation,Accepted Event Relations,,false,false,false,false,false,,,false,false,false,true,false,false,false,true,false,false,false,false,true,false,/{ID},/{ID}/e,/null/e,,,,AcceptedEventRelation.005UZ00000BrdXxYAJ,System,false,ReadWrite,ReadWrite,false,false,false,false,,,,,,false,2025-04-14 08:28:32.318 -0700
"000000000000000AAA",AuraDefinitionBundle,94,AuraDefinitionBundle,,,,AuraDefinitionBundle,Aura Component Bundle,Aura Component Bundle,Aura Component Bundles,,false,false,false,false,false,,"0Ab",false,false,false,true,false,false,false,true,true,true,true,false,true,false,/{ID},/{ID}/e,/0Ab/e,,,,AuraDefinitionBundle.005UZ00000BrdXxYAJ,System,false,ReadWrite,ReadWrite,false,false,false,false,,,,,,false,2025-04-14 08:28:32.390 -0700
"000000000000000AAA",orgtrusthealth__SFInstance__ChangeEvent,1540,"01I8X000002MYQD.ChangeEvent",,,orgtrusthealth,SFInstance__ChangeEvent,Change Event: SFInstance,Change Event: SFInstance,Change Event: SFInstance,,false,true,false,false,false,,"1CE",false,false,false,true,false,false,true,false,true,true,true,false,false,false,/{ID},/{ID}/e,/1CE/e,,,,"01I8X000002MYQD.ChangeEvent.005UZ00000BrdXxYAJ",CDC,false,ReadWrite,Private,false,false,false,false,,,,,,false,2025-04-14 08:28:38.040 -0700
"000000000000000AAA",Competitor_Profile__Share,251,"01I8X000003Bcws.Share",,,,Competitor_Profile__Share,Share: Competitor Profile,Share: Competitor Profile,Share: Competitor Profile,,false,false,false,false,false,,"02c",false,false,false,true,false,false,false,true,true,true,true,false,true,false,/{ID},/{ID}/e,/02c/e,,,,"01I8X000003Bcws.Share.005UZ00000BrdXxYAJ",System,false,ReadWrite,Private,false,false,false,false,,,,,,false,2025-04-14 08:28:32.650 -0700
"000000000000000AAA",BroadcastCommunicationFeed,136,BroadcastCommunicationFeed,,,,BroadcastCommunicationFeed,__MISSING LABEL__ PropertyFile - val BroadcastCommunication not found in section StandardFeedLabel,__MISSING LABEL__ PropertyFile - val BroadcastCommunication not found in section StandardFeedLabel,__MISSING LABEL__ PropertyFile - val BroadcastCommunication not found in section StandardFeedLabel,,false,false,false,false,false,,"0D5",false,false,true,true,false,false,false,true,false,false,true,false,true,false,/{ID},/{ID}/e,/0D5/e,,,,BroadcastCommunicationFeed.005UZ00000BrdXxYAJ,System,false,Read,Read,false,false,false,false,,,,,,false,2025-04-14 08:28:32.460 -0700
"000000000000000AAA",OpenActivity,1128,OpenActivity,,,,OpenActivity,Open Activity,Open Activity,Open Activities,,false,false,false,false,false,,,false,false,false,false,false,false,false,true,false,false,false,false,false,false,/{ID},/{ID}/e,/null/e,,,,OpenActivity.005UZ00000BrdXxYAJ,System,false,ReadWrite,ReadWrite,false,false,false,false,,,,,,false,2025-04-14 08:28:36.607 -0700
"000000000000000AAA",SBQQ__QuoteDocument__ChangeEvent,1180,"01I41000002c7iT.ChangeEvent",,,SBQQ,QuoteDocument__ChangeEvent,Change Event: Quote Document,Change Event: Quote Document,Change Event: Quote Document,,false,true,false,false,false,,"1CE",false,false,false,true,false,false,true,false,true,true,true,false,false,false,/{ID},/{ID}/e,/1CE/e,,,,"01I41000002c7iT.ChangeEvent.005UZ00000BrdXxYAJ",CDC,false,ControlledByParent,ControlledByParent,false,false,false,false,,,,,,false,2025-04-14 08:28:36.617 -0700
"000000000000000AAA",eval_usage__Share,1538,"01I1L0000032zaU.Share",,,,eval_usage__Share,Share: Eval Usage,Share: Eval Usage,Share: Eval Usage,,false,false,false,false,false,,"02c",false,false,false,true,false,false,false,true,true,true,true,false,true,false,/{ID},/{ID}/e,/02c/e,,,,"01I1L0000032zaU.Share.005UZ00000BrdXxYAJ",System,false,ReadWrite,Private,false,false,false,false,,,,,,false,2025-04-14 08:28:38.032 -0700
"000000000000000AAA",ExperienceDiagnosticEvent,484,ExperienceDiagnosticEvent,,,,ExperienceDiagnosticEvent,ExperienceDiagnosticEvent,ExperienceDiagnosticEvent,ExperienceDiagnosticEvents,,false,true,false,false,false,,"7Zk",false,false,false,false,false,false,true,false,true,false,false,false,false,false,/{ID},/{ID}/e,/7Zk/e,,,,ExperienceDiagnosticEvent.005UZ00000BrdXxYAJ,System,false,ReadWrite,ReadWrite,false,false,false,false,,,,,,false,2025-04-14 08:28:34.410 -0700
"000000000000000AAA",ReplyEmailSettings,1122,ReplyEmailSettings,,,,ReplyEmailSettings,Generic Reply Email Setting Result,Generic Reply Email Setting Result,Generic Reply Email Setting Results,,false,false,false,false,false,,"20l",false,false,false,true,false,false,false,true,true,true,true,false,true,false,/{ID},/{ID}/e,/20l/e,,,,ReplyEmailSettings.005UZ00000BrdXxYAJ,System,false,ReadWrite,ReadWrite,false,false,false,false,,,,,,false,2025-04-14 08:28:36.606 -0700
"000000000000000AAA",OpportunityFeed,1193,OpportunityFeed,,,,OpportunityFeed,Opportunity Feed,Opportunity Feed,Opportunity Feed,,false,false,false,false,false,,"0D5",false,false,true,true,false,false,false,true,false,false,true,false,true,false,/{ID},/{ID}/e,/0D5/e,,,,OpportunityFeed.005UZ00000BrdXxYAJ,System,false,ReadWrite,ReadWrite,false,false,false,false,,,,,,false,2025-04-14 08:28:36.618 -0700
"000000000000000AAA",ProcessInstanceHistory,1069,ProcessInstanceHistory,,,,ProcessInstanceHistory,Process Instance History,Process Instance History,Process Instance History,,false,false,false,false,false,,,false,false,false,false,false,false,false,true,false,false,false,false,false,false,/{ID},/{ID}/e,/null/e,,,,ProcessInstanceHistory.005UZ00000BrdXxYAJ,System,false,ReadWrite,ReadWrite,false,false,false,false,,,,,,false,2025-04-14 08:28:36.604 -0700
"000000000000000AAA",Case,177,Case,,,,Case,Case,Case,Cases,Case.SYSTEM,true,true,true,true,true,,"500",false,false,true,true,true,true,true,true,true,true,true,true,true,true,/{ID},/{ID}/e,/500/e,,,,Case.005UZ00000BrdXxYAJ,System,true,Read,Read,false,false,false,false,,,,,,false,2025-04-14 08:28:32.477 -0700
"000000000000000AAA",FlexQueueItem,516,FlexQueueItem,,,,FlexQueueItem,Flex Queue Item,Flex Queue Item,Flex Queue Items,,false,false,false,false,false,,"06i",false,false,false,false,false,false,false,false,true,true,false,false,true,false,/{ID},/{ID}/e,/06i/e,,,,FlexQueueItem.005UZ00000BrdXxYAJ,System,false,ReadWrite,ReadWrite,false,false,false,false,,,,,,false,2025-04-14 08:28:34.532 -0700
"000000000000000AAA",AgentWorkShare,37,AgentWorkShare,,,,AgentWorkShare,Agent Work Share,Agent Work Share,Agent Work Share,,false,false,false,false,false,,"02c",false,false,false,true,false,false,false,true,true,true,true,false,true,false,/{ID},/{ID}/e,/02c/e,,,,AgentWorkShare.005UZ00000BrdXxYAJ,System,false,Read,Read,false,false,false,false,,,,,,false,2025-04-14 08:28:32.356 -0700
"000000000000000AAA",snr__sr_KB_Global_Search_And_Replace__c,1551,"01IUZ000000GKHJ",2024-04-15 17:01:39.000 -0700,"0058X00000Fi8mPQAR",snr,sr_KB_Global_Search_And_Replace,Lightning KB Global Search And Replace,Lightning KB Global Search And Replace,Lightning KB Global Search And Replace,snr__sr_KB_Global_Search_And_Replace__c.SYSTEM,true,true,true,true,true,Deployed,a3V,false,false,true,true,false,false,true,true,true,true,true,false,true,false,/{ID},/{ID}/e,/a3V/e,/01IUZ000000GKHJ/e,,,"01IUZ000000GKHJ.005UZ00000BrdXxYAJ",snr,true,ReadWrite,Private,false,false,false,false,,,,,,false,2025-04-14 08:28:38.040 -0700
"000000000000000AAA",DataMultiOrgServiceEvent,381,DataMultiOrgServiceEvent,,,,DataMultiOrgServiceEvent,Multi-org Service Event,Multi-org Service Event,Multi-org Service Events,,false,true,false,false,false,,"0QY",false,false,false,false,false,false,true,false,true,false,false,false,false,false,/{ID},/{ID}/e,/0QY/e,,,,DataMultiOrgServiceEvent.005UZ00000BrdXxYAJ,Conduit,false,ReadWrite,ReadWrite,false,false,false,false,,,,,,false,2025-04-14 08:28:32.879 -0700
"000000000000000AAA",LocationFeed,774,LocationFeed,,,,LocationFeed,Location Feed,Location Feed,Location Feed,,false,false,false,false,false,,"0D5",false,false,true,true,false,false,false,true,false,false,true,false,true,false,/{ID},/{ID}/e,/0D5/e,,,,LocationFeed.005UZ00000BrdXxYAJ,System,false,ReadWrite,ReadWrite,false,false,false,false,,,,,,false,2025-04-14 08:28:34.928 -0700
"000000000000000AAA",CaseTeamRole,194,CaseTeamRole,,,,CaseTeamRole,Case Team Member Role,Case Team Member Role,Case Team Member Role,,false,false,false,false,false,,"0B7",false,false,true,true,false,false,false,true,true,true,true,false,true,false,/{ID},/{ID}/e,/0B7/e,,,,CaseTeamRole.005UZ00000BrdXxYAJ,System,false,Read,Read,false,false,false,false,,,,,,false,2025-04-14 08:28:32.478 -0700
"000000000000000AAA",CustomHelpMenuSection,339,CustomHelpMenuSection,,,,CustomHelpMenuSection,Custom Help Menu Section,Custom Help Menu Section,Custom Help Menu Sections,,false,false,false,false,false,,"2Cx",false,false,false,true,false,false,false,true,true,true,true,false,true,false,/{ID},/{ID}/e,/2Cx/e,,,,CustomHelpMenuSection.005UZ00000BrdXxYAJ,System,false,ReadWrite,ReadWrite,false,false,false,false,,,,,,false,2025-04-14 08:28:32.876 -0700
"000000000000000AAA",DataStreamFeed,400,DataStreamFeed,,,,DataStreamFeed,Data Stream Feed,Data Stream Feed,Data Stream Feed,,false,false,false,false,false,,"0D5",false,false,true,true,false,false,false,true,false,false,true,false,true,false,/{ID},/{ID}/e,/0D5/e,,,,DataStreamFeed.005UZ00000BrdXxYAJ,System,false,ReadWrite,ReadWrite,false,false,false,false,,,,,,false,2025-04-14 08:28:32.963 -0700
"000000000000000AAA",Announcement,46,Announcement,,,,Announcement,Announcement,Announcement,Announcements,,false,false,false,false,false,,"0Bt",false,false,true,true,false,false,false,true,true,true,true,false,true,false,/{ID},/{ID}/e,/0Bt/e,,,,Announcement.005UZ00000BrdXxYAJ,System,false,ReadWrite,ReadWrite,false,false,false,false,,,,,,false,2025-04-14 08:28:32.361 -0700
"000000000000000AAA",SellerHistory,1232,SellerHistory,,,,SellerHistory,Seller History,Seller History,Seller History,,false,false,false,false,false,,"017",false,false,true,true,false,false,false,true,true,false,true,false,true,false,/{ID},/{ID}/e,/017/e,,,,SellerHistory.005UZ00000BrdXxYAJ,System,false,ReadWrite,Private,false,false,false,false,,,,,,false,2025-04-14 08:28:37.934 -0700
"000000000000000AAA",ProcessNode,1149,ProcessNode,,,,ProcessNode,Process Node,Process Node,Process Node,,false,false,false,false,false,,"04b",false,false,false,true,false,false,false,true,true,true,true,false,true,false,/{ID},/{ID}/e,/04b/e,,,,ProcessNode.005UZ00000BrdXxYAJ,System,false,ReadWrite,ReadWrite,false,false,false,false,,,,,,false,2025-04-14 08:28:36.607 -0700
"000000000000000AAA",Swarm,1318,Swarm,,,,Swarm,Swarm,Swarm,Swarms,Swarm.SYSTEM,true,true,true,true,true,,"0sW",false,false,true,true,true,true,true,true,true,true,true,false,true,true,/{ID},/{ID}/e,/0sW/e,,,,Swarm.005UZ00000BrdXxYAJ,System,true,ReadWrite,Private,false,false,false,false,,,,,,false,2025-04-14 08:28:37.973 -0700
"000000000000000AAA",MatchingRule,799,MatchingRule,,,,MatchingRule,Matching Rule,Matching Rule,Matching Rules,,false,false,false,false,false,,"0JD",false,false,false,true,false,false,false,true,false,false,false,false,true,true,/{ID},/{ID}/e,/0JD/e,,,,MatchingRule.005UZ00000BrdXxYAJ,System,false,ReadWrite,ReadWrite,false,false,false,false,,,,,,false,2025-04-14 08:28:34.929 -0700
"000000000000000AAA",SBQQ__ProcessInputCondition__ChangeEvent,1084,"01I41000002c7iL.ChangeEvent",,,SBQQ,ProcessInputCondition__ChangeEvent,Change Event: Process Input Condition,Change Event: Process Input Condition,Change Event: Process Input Condition,,false,true,false,false,false,,"1CE",false,false,false,true,false,false,true,false,true,true,true,false,false,false,/{ID},/{ID}/e,/1CE/e,,,,"01I41000002c7iL.ChangeEvent.005UZ00000BrdXxYAJ",CDC,false,ControlledByParent,ControlledByParent,false,false,false,false,,,,,,false,2025-04-14 08:28:36.605 -0700
"000000000000000AAA",dstore__Audit_Configuration__ChangeEvent,1528,"01I1L000002yl0j.ChangeEvent",,,dstore,Audit_Configuration__ChangeEvent,Change Event: Audit Configuration,Change Event: Audit Configuration,Change Event: Audit Configuration,,false,true,false,false,false,,"1CE",false,false,false,true,false,false,true,false,true,true,true,false,false,false,/{ID},/{ID}/e,/1CE/e,,,,"01I1L000002yl0j.ChangeEvent.005UZ00000BrdXxYAJ",CDC,false,ReadWrite,Private,false,false,false,false,,,,,,false,2025-04-14 08:28:38.031 -0700
"000000000000000AAA",SurveyPage,1301,SurveyPage,,,,SurveyPage,Survey Page,Survey Page,Survey Pages,,false,true,true,true,false,,"0Ke",false,false,true,true,false,false,true,true,false,false,false,false,true,false,/{ID},/{ID}/e,/0Ke/e,,,,SurveyPage.005UZ00000BrdXxYAJ,System,false,ControlledByParent,ControlledByParent,false,false,false,false,,,,,,false,2025-04-14 08:28:37.971 -0700
"000000000000000AAA",ExtDataShareTargetHistory,495,ExtDataShareTargetHistory,,,,ExtDataShareTargetHistory,Data Share Target History,Data Share Target History,Data Share Target History,,false,false,false,false,false,,"017",false,false,true,true,false,false,false,true,true,false,true,false,true,false,/{ID},/{ID}/e,/017/e,,,,ExtDataShareTargetHistory.005UZ00000BrdXxYAJ,System,false,Private,Private,false,false,false,false,,,,,,false,2025-04-14 08:28:34.417 -0700
"000000000000000AAA",SBQQ__QuoteTemplate__ChangeEvent,1033,"01I41000002c7iX.ChangeEvent",,,SBQQ,QuoteTemplate__ChangeEvent,Change Event: Quote Template,Change Event: Quote Template,Change Event: Quote Template,,false,true,false,false,false,,"1CE",false,false,false,true,false,false,true,false,true,true,true,false,false,false,/{ID},/{ID}/e,/1CE/e,,,,"01I41000002c7iX.ChangeEvent.005UZ00000BrdXxYAJ",CDC,false,ReadWrite,ReadWrite,false,false,false,false,,,,,,false,2025-04-14 08:28:36.603 -0700
"000000000000000AAA",SBQQ__DiscountSchedule__ChangeEvent,992,"01I41000002c7hz.ChangeEvent",,,SBQQ,DiscountSchedule__ChangeEvent,Change Event: Discount Schedule,Change Event: Discount Schedule,Change Event: Discount Schedule,,false,true,false,false,false,,"1CE",false,false,false,true,false,false,true,false,true,true,true,false,false,false,/{ID},/{ID}/e,/1CE/e,,,,"01I41000002c7hz.ChangeEvent.005UZ00000BrdXxYAJ",CDC,false,ReadWrite,ReadWrite,false,false,false,false,,,,,,false,2025-04-14 08:28:36.583 -0700
"000000000000000AAA",EntityDefinition,465,EntityDefinition,,,,EntityDefinition,Entity Definition,Entity Definition,Entity Definitions,,false,false,false,false,false,,"4ie",false,false,false,false,false,true,false,false,true,true,false,false,true,false,/{ID},/{ID}/e,/4ie/e,,,,EntityDefinition.005UZ00000BrdXxYAJ,MetadataCatalog,false,ReadWrite,ReadWrite,false,false,false,false,,,,,,false,2025-04-14 08:28:34.398 -0700
"000000000000000AAA",Account,9,Account,,,,Account,Account,Account,Accounts,Account.0AH41000000ZaW1,true,true,true,true,true,,"001",false,false,true,true,true,true,true,true,true,true,true,true,true,true,/{ID},/{ID}/e,/001/e,,,,Account.005UZ00000BrdXxYAJ,System,true,ReadWrite,ReadWrite,false,false,true,false,,,,,,false,2025-04-14 08:28:32.331 -0700
"000000000000000AAA",WorkOrder,1434,WorkOrder,,,,WorkOrder,Work Order,Work Order,Work Orders,WorkOrder.SYSTEM,true,true,true,true,true,,"0WO",false,false,true,true,true,true,true,true,true,true,true,true,true,true,/{ID},/{ID}/e,/0WO/e,,,,WorkOrder.005UZ00000BrdXxYAJ,System,true,ReadWrite,ReadWrite,false,false,false,false,,,,,,false,2025-04-14 08:28:38.005 -0700
"000000000000000AAA",SBQQ__Favorite__ChangeEvent,1083,"01I41000002c7i4.ChangeEvent",,,SBQQ,Favorite__ChangeEvent,Change Event: Favorite,Change Event: Favorite,Change Event: Favorite,,false,true,false,false,false,,"1CE",false,false,false,true,false,false,true,false,true,true,true,false,false,false,/{ID},/{ID}/e,/1CE/e,,,,"01I41000002c7i4.ChangeEvent.005UZ00000BrdXxYAJ",CDC,false,ReadWrite,ReadWrite,false,false,false,false,,,,,,false,2025-04-14 08:28:36.605 -0700
"000000000000000AAA",SBQQ__ProcessInput__c,856,"01I41000002c7iN",2024-10-12 01:17:42.000 -0700,"00541000003NPmqAAG",SBQQ,ProcessInput,Process Input,Process Input,Process Inputs,SBQQ__ProcessInput__c.SYSTEM,true,true,true,true,true,Deployed,a0j,false,false,true,true,false,false,true,true,true,true,true,false,true,false,/{ID},/{ID}/e,/a0j/e,/01I41000002c7iN/e,Process Input Help,/06641000007WPEW,"01I41000002c7iN.005UZ00000BrdXxYAJ",SBQQ,true,ControlledByParent,ControlledByParent,false,false,false,false,,,,,,false,2025-04-14 08:28:36.379 -0700
"000000000000000AAA",OmniRoutingEventStore,1195,OmniRoutingEventStore,,,,OmniRoutingEventStore,Omni Routing Event Store,Omni Routing Event Store,Omni Routing Event Stores,,false,false,false,false,false,,"0is",false,false,false,true,false,false,false,false,true,true,true,false,true,false,/{ID},/{ID}/e,/0is/e,,,,OmniRoutingEventStore.005UZ00000BrdXxYAJ,System,false,ReadWrite,ReadWrite,false,false,false,false,,,,,,false,2025-04-14 08:28:36.618 -0700
"000000000000000AAA",Attachment,91,Attachment,,,,Attachment,Attachment,Attachment,Attachments,,false,true,false,false,false,,"00P",false,false,true,true,false,true,true,true,true,true,true,false,true,false,/{ID},/{ID}/e,/00P/e,,,,Attachment.005UZ00000BrdXxYAJ,System,false,ReadWrite,ReadWrite,false,false,false,false,,,,,,false,2025-04-14 08:28:32.390 -0700
"000000000000000AAA",Switches__ChangeEvent,1322,"01I41000002TJuy.ChangeEvent",,,,Switches__ChangeEvent,Change Event: Switches,Change Event: Switches,Change Event: Switches,,false,true,false,false,false,,"1CE",false,false,false,true,false,false,true,false,true,true,true,false,false,false,/{ID},/{ID}/e,/1CE/e,,,,"01I41000002TJuy.ChangeEvent.005UZ00000BrdXxYAJ",CDC,false,ReadWrite,ReadWrite,false,false,false,false,,,,,,false,2025-04-14 08:28:37.973 -0700
"000000000000000AAA",WorkPlanTemplateEntryHistory,1455,WorkPlanTemplateEntryHistory,,,,WorkPlanTemplateEntryHistory,Work Plan Template Entry History,Work Plan Template Entry History,Work Plan Template Entry History,,false,false,false,false,false,,"017",false,false,true,true,false,false,false,true,true,false,true,false,true,false,/{ID},/{ID}/e,/017/e,,,,WorkPlanTemplateEntryHistory.005UZ00000BrdXxYAJ,System,false,ControlledByParent,ControlledByParent,false,false,false,false,,,,,,false,2025-04-14 08:28:38.006 -0700
"000000000000000AAA",SrcPredJobStatusChgEvent,1281,SrcPredJobStatusChgEvent,,,,SrcPredJobStatusChgEvent,Source Prediction Job Status Changed Event,Source Prediction Job Status Changed Event,Source Prediction Job Status Changed Events,,false,true,false,false,false,,"0xp",false,false,false,false,false,false,true,false,true,false,false,false,false,false,/{ID},/{ID}/e,/0xp/e,,,,SrcPredJobStatusChgEvent.005UZ00000BrdXxYAJ,Conduit,false,ReadWrite,ReadWrite,false,false,false,false,,,,,,false,2025-04-14 08:28:37.959 -0700
"000000000000000AAA",SBQQ__WebQuote__ChangeEvent,1209,"01I41000002c7ir.ChangeEvent",,,SBQQ,WebQuote__ChangeEvent,Change Event: Web Quote,Change Event: Web Quote,Change Event: Web Quote,,false,true,false,false,false,,"1CE",false,false,false,true,false,false,true,false,true,true,true,false,false,false,/{ID},/{ID}/e,/1CE/e,,,,"01I41000002c7ir.ChangeEvent.005UZ00000BrdXxYAJ",CDC,false,ReadWrite,ReadWrite,false,false,false,false,,,,,,false,2025-04-14 08:28:37.919 -0700
"000000000000000AAA",EntityParticle,469,EntityParticle,,,,EntityParticle,Entity Particle,Entity Particle,Entity Particles,,false,false,false,false,false,,"0Nv",false,false,false,false,false,false,false,false,true,true,true,false,true,false,/{ID},/{ID}/e,/0Nv/e,,,,EntityParticle.005UZ00000BrdXxYAJ,MetadataCatalog,false,ReadWrite,ReadWrite,false,false,false,false,,,,,,false,2025-04-14 08:28:34.403 -0700
"000000000000000AAA",AccountTeamMember,19,AccountTeamMember,,,,AccountTeamMember,Account Team Member,Account Team Member,Account Team,AccountTeamMember.SYSTEM,true,true,true,false,true,,"01M",false,false,true,true,false,false,true,true,true,true,true,false,true,false,/{ID},/{ID}/e,/01M/e,,,,AccountTeamMember.005UZ00000BrdXxYAJ,System,true,ReadWrite,ReadWrite,false,false,false,false,,,,,,false,2025-04-14 08:28:32.335 -0700
"000000000000000AAA",OpportunityChangeEvent,1019,OpportunityChangeEvent,,,,OpportunityChangeEvent,Opportunity Change Event,Opportunity Change Event,Opportunity Change Event,,false,true,false,false,false,,"1CE",false,false,false,true,false,false,true,false,true,true,true,false,false,false,/{ID},/{ID}/e,/1CE/e,,,,OpportunityChangeEvent.005UZ00000BrdXxYAJ,CDC,false,ReadWrite,ReadWrite,false,false,false,false,,,,,,false,2025-04-14 08:28:36.602 -0700
"000000000000000AAA",EntitySubscription,470,EntitySubscription,,,,EntitySubscription,Entity Subscription,Entity Subscription,Entity Subscriptions,,false,false,false,false,false,,"0E8",false,false,true,true,false,false,false,true,true,false,true,false,true,false,/{ID},/{ID}/e,/0E8/e,,,,EntitySubscription.005UZ00000BrdXxYAJ,System,false,ReadWrite,ReadWrite,false,false,false,false,,,,,,false,2025-04-14 08:28:34.403 -0700
"000000000000000AAA",Gong__Agenda__ChangeEvent,564,"01IUZ0000004zxl.ChangeEvent",,,Gong,Agenda__ChangeEvent,Change Event: Structure,Change Event: Structure,Change Event: Structure,,false,true,false,false,false,,"1CE",false,false,false,true,false,false,true,false,true,true,true,false,false,false,/{ID},/{ID}/e,/1CE/e,,,,"01IUZ0000004zxl.ChangeEvent.005UZ00000BrdXxYAJ",CDC,false,ControlledByParent,ControlledByParent,false,false,false,false,,,,,,false,2025-04-14 08:28:34.534 -0700
"000000000000000AAA",DuplicateRecordItem,435,DuplicateRecordItem,,,,DuplicateRecordItem,Duplicate Record Item,Duplicate Record Item,Duplicate Record Items,DuplicateRecordItem.SYSTEM,true,true,true,true,true,,"0GL",false,false,true,true,false,false,true,true,true,true,true,false,true,false,/{ID},/{ID}/e,/0GL/e,,,,DuplicateRecordItem.005UZ00000BrdXxYAJ,System,true,ControlledByParent,ControlledByParent,false,false,false,false,,,,,,false,2025-04-14 08:28:34.343 -0700
"000000000000000AAA",CaseShare,190,CaseShare,,,,CaseShare,Case Share,Case Share,Case Share,,false,false,false,false,false,,"01n",false,false,false,true,false,false,false,true,true,true,true,false,true,false,/{ID},/{ID}/e,/01n/e,,,,CaseShare.005UZ00000BrdXxYAJ,System,false,ReadWrite,ReadWrite,false,false,false,false,,,,,,false,2025-04-14 08:28:32.478 -0700
"000000000000000AAA",ContactPointEmail,277,ContactPointEmail,,,,ContactPointEmail,Contact Point Email,Contact Point Email,Contact Point Emails,ContactPointEmail.SYSTEM,true,true,true,true,true,,"9Vl",false,false,true,true,true,true,true,true,true,true,true,false,true,true,/{ID},/{ID}/e,/9Vl/e,,,,ContactPointEmail.005UZ00000BrdXxYAJ,System,true,ControlledByParent,ControlledByParent,false,false,false,false,,,,,,false,2025-04-14 08:28:32.686 -0700
"000000000000000AAA",AuthorizationForm,100,AuthorizationForm,,,,AuthorizationForm,Authorization Form,Authorization Form,Authorization Forms,AuthorizationForm.SYSTEM,true,true,true,true,true,,"0cI",false,false,true,true,true,true,true,true,true,true,true,false,true,true,/{ID},/{ID}/e,/0cI/e,,,,AuthorizationForm.005UZ00000BrdXxYAJ,System,true,Private,Private,false,false,false,false,,,,,,false,2025-04-14 08:28:32.419 -0700
"000000000000000AAA",Partner,1107,Partner,,,,Partner,Partner,Partner,Partner,,false,true,false,false,false,,"00I",false,false,true,true,false,false,true,true,true,false,true,false,true,false,/{ID},/{ID}/e,/00I/e,,,,Partner.005UZ00000BrdXxYAJ,System,false,ReadWrite,ReadWrite,false,false,false,false,,,,,,false,2025-04-14 08:28:36.606 -0700
"000000000000000AAA",Implementation__c,643,"01I1L000002uX80",2018-08-13 10:19:08.000 -0700,"00541000003jeZTAAY",,Implementation,Implementation,Implementation,Implementations,Implementation__c.0AH1L000000blif,true,true,true,true,true,Deployed,a2K,false,false,true,true,true,true,true,true,true,true,true,false,true,true,/{ID},/{ID}/e,/a2K/e,/01I1L000002uX80/e,,,"01I1L000002uX80.005UZ00000BrdXxYAJ",<local>,true,ReadWrite,ReadWrite,false,false,false,false,,,,,,false,2025-04-14 08:28:34.764 -0700
"000000000000000AAA",StaticResource,1288,StaticResource,,,,StaticResource,Static Resource,Static Resource,Static Resources,,false,false,false,false,false,,"081",false,false,true,true,false,true,false,true,true,true,true,false,true,true,/{ID},/{ID}/e,/081/e,,,,StaticResource.005UZ00000BrdXxYAJ,System,false,ReadWrite,ReadWrite,false,false,false,false,,,,,,false,2025-04-14 08:28:37.959 -0700
"000000000000000AAA",ForecastingShare,555,ForecastingShare,,,,ForecastingShare,Forecasting Share,Forecasting Share,Forecasting Shares,,false,false,false,false,false,,"0Jc",false,false,false,true,false,false,false,true,true,true,true,false,true,false,/{ID},/{ID}/e,/0Jc/e,,,,ForecastingShare.005UZ00000BrdXxYAJ,System,false,ReadWrite,ReadWrite,false,false,false,false,,,,,,false,2025-04-14 08:28:34.534 -0700
"000000000000000AAA",CommSubscriptionConsentChangeEvent,237,CommSubscriptionConsentChangeEvent,,,,CommSubscriptionConsentChangeEvent,Communication Subscription Consent Change Event,Communication Subscription Consent Change Event,Communication Subscription Consent Change Event,,false,true,false,false,false,,"1CE",false,false,false,true,false,false,true,false,true,true,true,false,false,false,/{ID},/{ID}/e,/1CE/e,,,,CommSubscriptionConsentChangeEvent.005UZ00000BrdXxYAJ,CDC,false,Private,Private,false,false,false,false,,,,,,false,2025-04-14 08:28:32.574 -0700
"000000000000000AAA",SBQQ__QuoteLine__History,962,"01I41000002c7iV.History",,,SBQQ,QuoteLine__History,History: Quote Line,History: Quote Line,History: Quote Line,,false,false,false,false,false,,"017",false,false,true,true,false,false,false,true,true,false,true,false,true,false,/{ID},/{ID}/e,/017/e,,,,"01I41000002c7iV.History.005UZ00000BrdXxYAJ",System,false,ControlledByParent,ControlledByParent,false,false,false,false,,,,,,false,2025-04-14 08:28:36.540 -0700
"000000000000000AAA",UserDefinedLabelShare,1387,UserDefinedLabelShare,,,,UserDefinedLabelShare,Label Share,Label Share,Label Share,,false,false,false,false,false,,"02c",false,false,false,true,false,false,false,true,true,true,true,false,true,false,/{ID},/{ID}/e,/02c/e,,,,UserDefinedLabelShare.005UZ00000BrdXxYAJ,System,false,Private,Private,false,false,false,false,,,,,,false,2025-04-14 08:28:37.990 -0700
"000000000000000AAA",BatchJobDefinition,117,BatchJobDefinition,,,,BatchJobDefinition,Batch Job Definition,Batch Job Definition,Batch Job Definitions,,false,false,false,false,false,,"0ma",false,false,false,true,false,false,false,true,true,true,true,false,true,false,/{ID},/{ID}/e,/0ma/e,,,,BatchJobDefinition.005UZ00000BrdXxYAJ,System,false,ReadWrite,ReadWrite,false,false,false,false,,,,,,false,2025-04-14 08:28:32.420 -0700
"000000000000000AAA",agileed__District_Institution__Share,1498,"01I8X0000018SqD.Share",,,agileed,District_Institution__Share,Share: District Institution,Share: District Institution,Share: District Institution,,false,false,false,false,false,,"02c",false,false,false,true,false,false,false,true,true,true,true,false,true,false,/{ID},/{ID}/e,/02c/e,,,,"01I8X0000018SqD.Share.005UZ00000BrdXxYAJ",System,false,ReadWrite,Private,false,false,false,false,,,,,,false,2025-04-14 08:28:38.025 -0700
"000000000000000AAA",ForecastingTypeToCategory,559,ForecastingTypeToCategory,,,,ForecastingTypeToCategory,Forecasting Type To Category Mapping,Forecasting Type To Category Mapping,Forecasting Type To Category Mappings,,false,false,false,false,false,,"0Jg",false,false,false,true,false,false,false,true,true,false,true,false,true,false,/{ID},/{ID}/e,/0Jg/e,,,,ForecastingTypeToCategory.005UZ00000BrdXxYAJ,System,false,ReadWrite,ReadWrite,false,false,false,false,,,,,,false,2025-04-14 08:28:34.534 -0700
"000000000000000AAA",SearchActivity,1228,SearchActivity,,,,SearchActivity,SearchActivity,SearchActivity,Knowledge Search Activity,,false,false,false,false,false,,"0JO",false,false,true,true,false,false,false,true,true,true,true,false,true,false,/{ID},/{ID}/e,/0JO/e,,,,SearchActivity.005UZ00000BrdXxYAJ,System,false,ReadWrite,ReadWrite,false,false,false,false,,,,,,false,2025-04-14 08:28:37.934 -0700
"000000000000000AAA",CommSubscriptionChannelType,231,CommSubscriptionChannelType,,,,CommSubscriptionChannelType,Communication Subscription Channel Type,Communication Subscription Channel Type,Communication Subscription Channel Types,CommSubscriptionChannelType.SYSTEM,true,true,true,true,true,,"0eB",false,false,true,true,true,true,true,true,true,true,true,false,true,true,/{ID},/{ID}/e,/0eB/e,,,,CommSubscriptionChannelType.005UZ00000BrdXxYAJ,System,true,Private,Private,false,false,false,false,,,,,,false,2025-04-14 08:28:32.574 -0700
"000000000000000AAA",LiveChatSensitiveDataRule,758,LiveChatSensitiveDataRule,,,,LiveChatSensitiveDataRule,Sensitive Data Rule,Sensitive Data Rule,Sensitive Data Rules,,false,false,false,false,false,,"0GO",false,false,false,true,false,false,false,true,true,true,true,false,true,false,/{ID},/{ID}/e,/0GO/e,,,,LiveChatSensitiveDataRule.005UZ00000BrdXxYAJ,System,false,ReadWrite,ReadWrite,false,false,false,false,,,,,,false,2025-04-14 08:28:34.927 -0700
"000000000000000AAA",DataLineageNodeSyncStatusFeed,376,DataLineageNodeSyncStatusFeed,,,,DataLineageNodeSyncStatusFeed,__MISSING LABEL__ PropertyFile - val DataLineageNodeSyncStatus not found in section StandardFeedLabel,__MISSING LABEL__ PropertyFile - val DataLineageNodeSyncStatus not found in section StandardFeedLabel,__MISSING LABEL__ PropertyFile - val DataLineageNodeSyncStatus not found in section StandardFeedLabel,,false,false,false,false,false,,"0D5",false,false,true,true,false,false,false,true,false,false,true,false,true,false,/{ID},/{ID}/e,/0D5/e,,,,DataLineageNodeSyncStatusFeed.005UZ00000BrdXxYAJ,System,false,Private,Private,false,false,false,false,,,,,,false,2025-04-14 08:28:32.879 -0700
"000000000000000AAA",ContactShare,291,ContactShare,,,,ContactShare,Contact Share,Contact Share,Contact Share,,false,false,false,false,false,,"03s",false,false,false,true,false,false,false,true,true,true,true,false,true,false,/{ID},/{ID}/e,/03s/e,,,,ContactShare.005UZ00000BrdXxYAJ,System,false,ReadWrite,ReadWrite,false,false,false,false,,,,,,false,2025-04-14 08:28:32.696 -0700
"000000000000000AAA",StampLocalization,1284,StampLocalization,,,,StampLocalization,Translation,Translation,Translation,,false,false,false,false,false,,"01j",false,false,true,true,false,false,false,true,true,true,true,false,true,false,/{ID},/{ID}/e,/01j/e,,,,StampLocalization.005UZ00000BrdXxYAJ,System,false,ReadWrite,ReadWrite,false,false,false,false,,,,,,false,2025-04-14 08:28:37.959 -0700
"000000000000000AAA",WorkBadge,1427,WorkBadge,,,,WorkBadge,Badge Received,Badge Received,Badges Received,,true,true,true,false,false,,"0W2",false,false,true,true,true,true,true,true,true,true,true,false,true,true,/{ID},/{ID}/e,/0W2/e,,,,WorkBadge.005UZ00000BrdXxYAJ,System,true,ControlledByParent,ControlledByParent,false,false,false,false,,,,,,false,2025-04-14 08:28:38.005 -0700
"000000000000000AAA",SBQQ__ProcessInput__ChangeEvent,913,"01I41000002c7iN.ChangeEvent",,,SBQQ,ProcessInput__ChangeEvent,Change Event: Process Input,Change Event: Process Input,Change Event: Process Input,,false,true,false,false,false,,"1CE",false,false,false,true,false,false,true,false,true,true,true,false,false,false,/{ID},/{ID}/e,/1CE/e,,,,"01I41000002c7iN.ChangeEvent.005UZ00000BrdXxYAJ",CDC,false,ControlledByParent,ControlledByParent,false,false,false,false,,,,,,false,2025-04-14 08:28:36.436 -0700
"000000000000000AAA",ServiceChannelStatusField,1236,ServiceChannelStatusField,,,,ServiceChannelStatusField,Service Channel Status Field,Service Channel Status Field,Service Channel Status Fields,,false,false,false,false,false,,"0aP",false,false,false,true,false,false,false,true,true,true,true,false,true,false,/{ID},/{ID}/e,/0aP/e,,,,ServiceChannelStatusField.005UZ00000BrdXxYAJ,System,false,ReadWrite,ReadWrite,false,false,false,false,,,,,,false,2025-04-14 08:28:37.942 -0700
"000000000000000AAA",ConversationEntry,332,ConversationEntry,,,,ConversationEntry,Conversation Entry,Conversation Entry,Conversation Entries,,false,false,false,false,false,,"0Zy",false,false,false,true,false,false,false,true,true,true,true,false,true,false,/{ID},/{ID}/e,/0Zy/e,,,,ConversationEntry.005UZ00000BrdXxYAJ,System,false,ReadWrite,ReadWrite,false,false,false,false,,,,,,false,2025-04-14 08:28:32.876 -0700
"000000000000000AAA",agileed__fieldmapping__ChangeEvent,1506,"01I41000001lWBc.ChangeEvent",,,agileed,fieldmapping__ChangeEvent,Change Event: ConnectLink Mappings,Change Event: ConnectLink Mappings,Change Event: ConnectLink Mappings,,false,true,false,false,false,,"1CE",false,false,false,true,false,false,true,false,true,true,true,false,false,false,/{ID},/{ID}/e,/1CE/e,,,,"01I41000001lWBc.ChangeEvent.005UZ00000BrdXxYAJ",CDC,false,ReadWrite,ReadWrite,false,false,false,false,,,,,,false,2025-04-14 08:28:38.030 -0700
"000000000000000AAA",eval_usage__Feed,1537,"01I1L0000032zaU.Feed",,,,eval_usage__Feed,Feed: Eval Usage,Feed: Eval Usage,Feed: Eval Usage,,false,false,false,false,false,,"0D5",false,false,true,true,false,false,false,true,false,false,true,false,true,false,/{ID},/{ID}/e,/0D5/e,,,,"01I1L0000032zaU.Feed.005UZ00000BrdXxYAJ",System,false,ReadWrite,Private,false,false,false,false,,,,,,false,2025-04-14 08:28:38.032 -0700
"000000000000000AAA",UserListViewCriterion,1396,UserListViewCriterion,,,,UserListViewCriterion,User List View Criteria,User List View Criteria,User List View Criteria,,false,false,false,false,false,,"0JU",false,false,false,true,false,false,false,true,true,true,true,false,true,false,/{ID},/{ID}/e,/0JU/e,,,,UserListViewCriterion.005UZ00000BrdXxYAJ,System,false,ReadWrite,ReadWrite,false,false,false,false,,,,,,false,2025-04-14 08:28:37.990 -0700
"000000000000000AAA",Pricebook2History,1020,Pricebook2History,,,,Pricebook2History,Price Book History,Price Book History,Price Book History,,false,false,false,false,false,,"017",false,false,true,true,false,false,false,true,true,false,true,false,true,false,/{ID},/{ID}/e,/017/e,,,,Pricebook2History.005UZ00000BrdXxYAJ,System,false,Read,Read,false,false,false,false,,,,,,false,2025-04-14 08:28:36.602 -0700
"000000000000000AAA",IdentityResolutionHistory,633,IdentityResolutionHistory,,,,IdentityResolutionHistory,Identity Resolution History,Identity Resolution History,Identity Resolution History,,false,false,false,false,false,,"017",false,false,true,true,false,false,false,true,true,false,true,false,true,false,/{ID},/{ID}/e,/017/e,,,,IdentityResolutionHistory.005UZ00000BrdXxYAJ,System,false,ReadWrite,ReadWrite,false,false,false,false,,,,,,false,2025-04-14 08:28:34.764 -0700
"000000000000000AAA",CaseHistory,184,CaseHistory,,,,CaseHistory,Case History,Case History,Case History,,false,false,false,false,false,,"017",false,false,true,true,false,false,false,true,true,false,true,false,true,false,/{ID},/{ID}/e,/017/e,,,,CaseHistory.005UZ00000BrdXxYAJ,System,false,Read,Read,false,false,false,false,,,,,,false,2025-04-14 08:28:32.477 -0700
"000000000000000AAA",ThirdPartyAccountLink,1338,ThirdPartyAccountLink,,,,ThirdPartyAccountLink,Third Party Account Link,Third Party Account Link,Third Party Account Links,,false,false,false,false,false,,"0Jr",false,false,false,false,false,false,false,true,true,false,true,false,true,false,/{ID},/{ID}/e,/0Jr/e,,,,ThirdPartyAccountLink.005UZ00000BrdXxYAJ,System,false,ReadWrite,ReadWrite,false,false,false,false,,,,,,false,2025-04-14 08:28:37.977 -0700
"000000000000000AAA",ExternalDataUserAuth,500,ExternalDataUserAuth,,,,ExternalDataUserAuth,External Data User Authentication,External Data User Authentication,External Data User Authentications,,false,false,false,false,false,,"0XU",false,false,false,true,false,false,false,true,true,true,true,false,true,false,/{ID},/{ID}/e,/0XU/e,,,,ExternalDataUserAuth.005UZ00000BrdXxYAJ,System,false,ReadWrite,ReadWrite,false,false,false,false,,,,,,false,2025-04-14 08:28:34.417 -0700
"000000000000000AAA",DataActionTarget,358,DataActionTarget,,,,DataActionTarget,Data Action Target,Data Action Target,Data Action Targets,DataActionTarget.SYSTEM,false,true,true,true,true,,"9sq",false,false,true,true,true,true,true,true,true,true,true,true,true,true,/{ID},/{ID}/e,/9sq/e,,,,DataActionTarget.005UZ00000BrdXxYAJ,System,true,Private,Private,false,false,false,false,,,,,,false,2025-04-14 08:28:32.877 -0700
"000000000000000AAA",ProcessInstanceStepChangeEvent,1030,ProcessInstanceStepChangeEvent,,,,ProcessInstanceStepChangeEvent,Process Instance Step Change Event,Process Instance Step Change Event,Process Instance Step Change Event,,false,true,false,false,false,,"1CE",false,false,false,true,false,false,true,false,true,true,true,false,false,false,/{ID},/{ID}/e,/1CE/e,,,,ProcessInstanceStepChangeEvent.005UZ00000BrdXxYAJ,CDC,false,ReadWrite,ReadWrite,false,false,false,false,,,,,,false,2025-04-14 08:28:36.602 -0700
"000000000000000AAA",SBQQ__DiscountSchedule__c,852,"01I41000002c7hz",2024-10-12 01:17:42.000 -0700,"00541000003NPmqAAG",SBQQ,DiscountSchedule,Discount Schedule,Discount Schedule,Discount Schedules,SBQQ__DiscountSchedule__c.SYSTEM,true,true,true,true,true,Deployed,a0L,false,false,true,true,true,true,true,true,true,true,true,false,true,true,/{ID},/{ID}/e,/a0L/e,/01I41000002c7hz/e,Discount Schedule Help,/06641000007WPDp,"01I41000002c7hz.005UZ00000BrdXxYAJ",SBQQ,true,ReadWrite,ReadWrite,false,false,false,false,,,,,,false,2025-04-14 08:28:36.373 -0700
"000000000000000AAA",FlowOrchestrationStageInstanceShare,528,FlowOrchestrationStageInstanceShare,,,,FlowOrchestrationStageInstanceShare,Orchestration Stage Run Share,Orchestration Stage Run Share,Orchestration Stage Run Share,,false,false,false,false,false,,"02c",false,false,false,true,false,false,false,true,true,true,true,false,true,false,/{ID},/{ID}/e,/02c/e,,,,FlowOrchestrationStageInstanceShare.005UZ00000BrdXxYAJ,System,false,Private,Private,false,false,false,false,,,,,,false,2025-04-14 08:28:34.532 -0700
"000000000000000AAA",UserPermissionAccess,1400,UserPermissionAccess,,,,UserPermissionAccess,User Permission Access,User Permission Access,User Permission Access,,false,false,false,false,false,,"0up",false,false,false,false,false,false,false,true,false,false,false,false,true,false,/{ID},/{ID}/e,/0up/e,,,,UserPermissionAccess.005UZ00000BrdXxYAJ,System,false,ReadWrite,ReadWrite,false,false,false,false,,,,,,false,2025-04-14 08:28:37.990 -0700
"000000000000000AAA",ServiceResourceChangeEvent,1244,ServiceResourceChangeEvent,,,,ServiceResourceChangeEvent,Service Resource Change Event,Service Resource Change Event,Service Resource Change Event,,false,true,false,false,false,,"1CE",false,false,false,true,false,false,true,false,true,true,true,false,false,false,/{ID},/{ID}/e,/1CE/e,,,,ServiceResourceChangeEvent.005UZ00000BrdXxYAJ,CDC,false,Private,Private,false,false,false,false,,,,,,false,2025-04-14 08:28:37.942 -0700
"000000000000000AAA",Implementation__ChangeEvent,641,"01I1L000002uX80.ChangeEvent",,,,Implementation__ChangeEvent,Change Event: Implementation,Change Event: Implementation,Change Event: Implementation,,false,true,false,false,false,,"1CE",false,false,false,true,false,false,true,false,true,true,true,false,false,false,/{ID},/{ID}/e,/1CE/e,,,,"01I1L000002uX80.ChangeEvent.005UZ00000BrdXxYAJ",CDC,false,ReadWrite,ReadWrite,false,false,false,false,,,,,,false,2025-04-14 08:28:34.764 -0700
"000000000000000AAA",EmailMessageChangeEvent,440,EmailMessageChangeEvent,,,,EmailMessageChangeEvent,Email Message Change Event,Email Message Change Event,Email Message Change Event,,false,true,false,false,false,,"1CE",false,false,false,true,false,false,true,false,true,true,true,false,false,false,/{ID},/{ID}/e,/1CE/e,,,,EmailMessageChangeEvent.005UZ00000BrdXxYAJ,CDC,false,ReadWrite,ReadWrite,false,false,false,false,,,,,,false,2025-04-14 08:28:34.343 -0700
"000000000000000AAA",ServicePresenceStatus,1242,ServicePresenceStatus,,,,ServicePresenceStatus,Service Presence Status,Service Presence Status,Service Presence Statuses,,false,false,false,false,false,,"0N5",false,false,false,true,false,false,false,true,true,true,false,false,true,false,/{ID},/{ID}/e,/0N5/e,,,,ServicePresenceStatus.005UZ00000BrdXxYAJ,System,false,ReadWrite,ReadWrite,false,false,false,false,,,,,,false,2025-04-14 08:28:37.942 -0700
"000000000000000AAA",SurveyInvitation,1298,SurveyInvitation,,,,SurveyInvitation,Survey Invitation,Survey Invitation,Survey Invitations,SurveyInvitation.SYSTEM,true,true,true,true,true,,"0Ki",false,false,true,true,false,false,true,true,true,true,true,false,true,true,/{ID},/{ID}/e,/0Ki/e,,,,SurveyInvitation.005UZ00000BrdXxYAJ,System,true,Private,Private,false,false,false,false,,,,,,false,2025-04-14 08:28:37.971 -0700
"000000000000000AAA",DataActionJobSummaryFeed,355,DataActionJobSummaryFeed,,,,DataActionJobSummaryFeed,Data Action Job Summary Feed,Data Action Job Summary Feed,Data Action Job Summary Feed,,false,false,false,false,false,,"0D5",false,false,true,true,false,false,false,true,false,false,true,false,true,false,/{ID},/{ID}/e,/0D5/e,,,,DataActionJobSummaryFeed.005UZ00000BrdXxYAJ,System,false,Private,Private,false,false,false,false,,,,,,false,2025-04-14 08:28:32.877 -0700
"000000000000000AAA",VoiceCallFeed,1417,VoiceCallFeed,,,,VoiceCallFeed,Voice Call Feed,Voice Call Feed,Voice Call Feed,,false,false,false,false,false,,"0D5",false,false,true,true,false,false,false,true,false,false,true,false,true,false,/{ID},/{ID}/e,/0D5/e,,,,VoiceCallFeed.005UZ00000BrdXxYAJ,System,false,Private,Private,false,false,false,false,,,,,,false,2025-04-14 08:28:38.001 -0700
"000000000000000AAA",EntityMilestone,466,EntityMilestone,,,,EntityMilestone,Object Milestone,Object Milestone,Object Milestones,EntityMilestone.SYSTEM,true,true,true,true,true,,"1EM",false,false,true,true,false,false,true,true,false,true,false,false,true,false,/{ID},/{ID}/e,/1EM/e,,,,EntityMilestone.005UZ00000BrdXxYAJ,System,true,ReadWrite,ReadWrite,false,false,false,false,,,,,,false,2025-04-14 08:28:34.398 -0700
"000000000000000AAA",PresenceDeclineReason,1095,PresenceDeclineReason,,,,PresenceDeclineReason,Presence Decline Reason,Presence Decline Reason,Presence Decline Reasons,,false,false,false,false,false,,"0KR",false,false,false,true,false,false,false,true,true,true,true,false,true,false,/{ID},/{ID}/e,/0KR/e,,,,PresenceDeclineReason.005UZ00000BrdXxYAJ,System,false,ReadWrite,ReadWrite,false,false,false,false,,,,,,false,2025-04-14 08:28:36.605 -0700
"000000000000000AAA",ListViewChartInstance,748,ListViewChartInstance,,,,ListViewChartInstance,List View Chart Instance,List View Chart Instance,List View Chart Instances,,false,false,false,false,false,,"0De",false,false,false,false,false,false,false,true,true,true,false,false,true,false,/{ID},/{ID}/e,/0De/e,,,,ListViewChartInstance.005UZ00000BrdXxYAJ,System,false,ReadWrite,ReadWrite,false,false,false,false,,,,,,false,2025-04-14 08:28:34.927 -0700
"000000000000000AAA",ChangeRequestRelatedIssueChangeEvent,206,ChangeRequestRelatedIssueChangeEvent,,,,ChangeRequestRelatedIssueChangeEvent,Change Request Related Issue Change Event,Change Request Related Issue Change Event,Change Request Related Issue Change Event,,false,true,false,false,false,,"1CE",false,false,false,true,false,false,true,false,true,true,true,false,false,false,/{ID},/{ID}/e,/1CE/e,,,,ChangeRequestRelatedIssueChangeEvent.005UZ00000BrdXxYAJ,CDC,false,ControlledByParent,ControlledByParent,false,false,false,false,,,,,,false,2025-04-14 08:28:32.479 -0700
"000000000000000AAA",WorkStepHistory,1462,WorkStepHistory,,,,WorkStepHistory,Work Step History,Work Step History,Work Step History,,false,false,false,false,false,,"017",false,false,true,true,false,false,false,true,true,false,true,false,true,false,/{ID},/{ID}/e,/017/e,,,,WorkStepHistory.005UZ00000BrdXxYAJ,System,false,ControlledByParent,ControlledByParent,false,false,false,false,,,,,,false,2025-04-14 08:28:38.006 -0700
"000000000000000AAA",SBQQ__PriceRule__c,807,"01I41000002c7iI",2024-10-12 01:17:42.000 -0700,"00541000003NPmqAAG",SBQQ,PriceRule,Price Rule,Price Rule,Price Rules,SBQQ__PriceRule__c.SYSTEM,true,true,true,true,true,Deployed,a0e,false,false,true,true,true,true,true,true,true,true,true,false,true,true,/{ID},/{ID}/e,/a0e/e,/01I41000002c7iI/e,Price Rule Help,/06641000007WPET,"01I41000002c7iI.005UZ00000BrdXxYAJ",SBQQ,true,ReadWrite,ReadWrite,false,false,false,false,,,,,,false,2025-04-14 08:28:36.333 -0700
"000000000000000AAA",agileed__Job__c,1501,"01I41000001lWBY",2024-10-02 08:34:06.000 -0700,"00541000001SOPlAAO",agileed,Job,Job,Job,Jobs,agileed__Job__c.SYSTEM,true,true,true,true,true,Deployed,a02,false,false,true,true,true,true,true,true,true,true,true,false,true,true,/{ID},/{ID}/e,/a02/e,/01I41000001lWBY/e,,,"01I41000001lWBY.005UZ00000BrdXxYAJ",agileed,true,ReadWrite,ReadWrite,false,false,false,false,,,,,,false,2025-04-14 08:28:38.025 -0700
"000000000000000AAA",WorkAccessShare,1426,WorkAccessShare,,,,WorkAccessShare,Access Share,Access Share,Access Share,,false,false,false,false,false,,"02c",false,false,false,true,false,false,false,true,true,true,true,false,true,false,/{ID},/{ID}/e,/02c/e,,,,WorkAccessShare.005UZ00000BrdXxYAJ,System,false,Private,Private,false,false,false,false,,,,,,false,2025-04-14 08:28:38.005 -0700
"000000000000000AAA",ContactPointEmailShare,280,ContactPointEmailShare,,,,ContactPointEmailShare,Contact Point Email Share,Contact Point Email Share,Contact Point Email Share,,false,false,false,false,false,,"02c",false,false,false,true,false,false,false,true,true,true,true,false,true,false,/{ID},/{ID}/e,/02c/e,,,,ContactPointEmailShare.005UZ00000BrdXxYAJ,System,false,ControlledByParent,ControlledByParent,false,false,false,false,,,,,,false,2025-04-14 08:28:32.688 -0700
"000000000000000AAA",SBQQ__PriceSchedule__History,1159,"01I41000002c7iJ.History",,,SBQQ,PriceSchedule__History,History: Price Schedule,History: Price Schedule,History: Price Schedule,,false,false,false,false,false,,"017",false,false,true,true,false,false,false,true,true,false,true,false,true,false,/{ID},/{ID}/e,/017/e,,,,"01I41000002c7iJ.History.005UZ00000BrdXxYAJ",System,false,ReadWrite,ReadWrite,false,false,false,false,,,,,,false,2025-04-14 08:28:36.610 -0700
"000000000000000AAA",WorkPlanTemplateShare,1458,WorkPlanTemplateShare,,,,WorkPlanTemplateShare,Work Plan Template Share,Work Plan Template Share,Work Plan Template Share,,false,false,false,false,false,,"02c",false,false,false,true,false,false,false,true,true,true,true,false,true,false,/{ID},/{ID}/e,/02c/e,,,,WorkPlanTemplateShare.005UZ00000BrdXxYAJ,System,false,Private,Private,false,false,false,false,,,,,,false,2025-04-14 08:28:38.006 -0700
"000000000000000AAA",Gong__Call_Stat__ChangeEvent,573,"01IUZ0000004zxo.ChangeEvent",,,Gong,Call_Stat__ChangeEvent,Change Event: Interaction Stats,Change Event: Interaction Stats,Change Event: Interaction Stats,,false,true,false,false,false,,"1CE",false,false,false,true,false,false,true,false,true,true,true,false,false,false,/{ID},/{ID}/e,/1CE/e,,,,"01IUZ0000004zxo.ChangeEvent.005UZ00000BrdXxYAJ",CDC,false,ReadWrite,Private,false,false,false,false,,,,,,false,2025-04-14 08:28:34.605 -0700
"000000000000000AAA",dstore__Grocery_Store_Review__Feed,1533,"01I1L000002yl0k.Feed",,,dstore,Grocery_Store_Review__Feed,Feed: Grocery Store Review (Example),Feed: Grocery Store Review (Example),Feed: Grocery Store Review (Example),,false,false,false,false,false,,"0D5",false,false,true,true,false,false,false,true,false,false,true,false,true,false,/{ID},/{ID}/e,/0D5/e,,,,"01I1L000002yl0k.Feed.005UZ00000BrdXxYAJ",System,false,ReadWrite,Private,false,false,false,false,,,,,,false,2025-04-14 08:28:38.032 -0700
"000000000000000AAA",ContactPointEmailHistory,279,ContactPointEmailHistory,,,,ContactPointEmailHistory,Contact Point Email History,Contact Point Email History,Contact Point Email History,,false,false,false,false,false,,"017",false,false,true,true,false,false,false,true,true,false,true,false,true,false,/{ID},/{ID}/e,/017/e,,,,ContactPointEmailHistory.005UZ00000BrdXxYAJ,System,false,ControlledByParent,ControlledByParent,false,false,false,false,,,,,,false,2025-04-14 08:28:32.688 -0700
"000000000000000AAA",UnifiedTask,1366,UnifiedTask,,,,UnifiedTask,Unified Task,Unified Task,Unified Tasks,,false,false,false,false,false,,"1ag",false,false,false,true,false,false,false,true,true,true,true,false,true,false,/{ID},/{ID}/e,/1ag/e,,,,UnifiedTask.005UZ00000BrdXxYAJ,System,false,ReadWrite,ReadWrite,false,false,false,false,,,,,,false,2025-04-14 08:28:37.989 -0700
"000000000000000AAA",SBQQ__QuoteLineGroup__ChangeEvent,983,"01I41000002c7iU.ChangeEvent",,,SBQQ,QuoteLineGroup__ChangeEvent,Change Event: Quote Line Group,Change Event: Quote Line Group,Change Event: Quote Line Group,,false,true,false,false,false,,"1CE",false,false,false,true,false,false,true,false,true,true,true,false,false,false,/{ID},/{ID}/e,/1CE/e,,,,"01I41000002c7iU.ChangeEvent.005UZ00000BrdXxYAJ",CDC,false,ControlledByParent,ControlledByParent,false,false,false,false,,,,,,false,2025-04-14 08:28:36.576 -0700
"000000000000000AAA",ContactPointConsentChangeEvent,274,ContactPointConsentChangeEvent,,,,ContactPointConsentChangeEvent,Contact Point Consent Change Event,Contact Point Consent Change Event,Contact Point Consent Change Event,,false,true,false,false,false,,"1CE",false,false,false,true,false,false,true,false,true,true,true,false,false,false,/{ID},/{ID}/e,/1CE/e,,,,ContactPointConsentChangeEvent.005UZ00000BrdXxYAJ,CDC,false,Private,Private,false,false,false,false,,,,,,false,2025-04-14 08:28:32.686 -0700
"000000000000000AAA",EngagementChannelTypeHistory,453,EngagementChannelTypeHistory,,,,EngagementChannelTypeHistory,Engagement Channel Type  History,Engagement Channel Type  History,Engagement Channel Type  History,,false,false,false,false,false,,"017",false,false,true,true,false,false,false,true,true,false,true,false,true,false,/{ID},/{ID}/e,/017/e,,,,EngagementChannelTypeHistory.005UZ00000BrdXxYAJ,System,false,Private,Private,false,false,false,false,,,,,,false,2025-04-14 08:28:34.396 -0700
"000000000000000AAA",SBQQ__RelatedContent__ChangeEvent,920,"01I41000002c7ic.ChangeEvent",,,SBQQ,RelatedContent__ChangeEvent,Change Event: Additional Document,Change Event: Additional Document,Change Event: Additional Document,,false,true,false,false,false,,"1CE",false,false,false,true,false,false,true,false,true,true,true,false,false,false,/{ID},/{ID}/e,/1CE/e,,,,"01I41000002c7ic.ChangeEvent.005UZ00000BrdXxYAJ",CDC,false,ReadWrite,ReadWrite,false,false,false,false,,,,,,false,2025-04-14 08:28:36.468 -0700
"000000000000000AAA",CaseRelatedIssueHistory,189,CaseRelatedIssueHistory,,,,CaseRelatedIssueHistory,Case Related Issue History,Case Related Issue History,Case Related Issue History,,false,false,false,false,false,,"017",false,false,true,true,false,false,false,true,true,false,true,false,true,false,/{ID},/{ID}/e,/017/e,,,,CaseRelatedIssueHistory.005UZ00000BrdXxYAJ,System,false,ControlledByParent,ControlledByParent,false,false,false,false,,,,,,false,2025-04-14 08:28:32.478 -0700
"000000000000000AAA",ProcessExceptionChangeEvent,1151,ProcessExceptionChangeEvent,,,,ProcessExceptionChangeEvent,Process Exception Change Event,Process Exception Change Event,Process Exception Change Event,,false,true,false,false,false,,"1CE",false,false,false,true,false,false,true,false,true,true,true,false,false,false,/{ID},/{ID}/e,/1CE/e,,,,ProcessExceptionChangeEvent.005UZ00000BrdXxYAJ,CDC,false,Private,Private,false,false,false,false,,,,,,false,2025-04-14 08:28:36.608 -0700
"000000000000000AAA",ChangeRequestHistory,204,ChangeRequestHistory,,,,ChangeRequestHistory,Change Request History,Change Request History,Change Request History,,false,false,false,false,false,,"017",false,false,true,true,false,false,false,true,true,false,true,false,true,false,/{ID},/{ID}/e,/017/e,,,,ChangeRequestHistory.005UZ00000BrdXxYAJ,System,false,Private,Private,false,false,false,false,,,,,,false,2025-04-14 08:28:32.479 -0700
"000000000000000AAA",SBQQ__UpgradeSource__ChangeEvent,955,"01I41000002c7ip.ChangeEvent",,,SBQQ,UpgradeSource__ChangeEvent,Change Event: Upgrade Source,Change Event: Upgrade Source,Change Event: Upgrade Source,,false,true,false,false,false,,"1CE",false,false,false,true,false,false,true,false,true,true,true,false,false,false,/{ID},/{ID}/e,/1CE/e,,,,"01I41000002c7ip.ChangeEvent.005UZ00000BrdXxYAJ",CDC,false,ReadWrite,ReadWrite,false,false,false,false,,,,,,false,2025-04-14 08:28:36.513 -0700
"000000000000000AAA",LCOM_Term__Share,710,"01IUZ000000NrQN.Share",,,,LCOM_Term__Share,Share: LCOM Term,Share: LCOM Term,Share: LCOM Term,,false,false,false,false,false,,"02c",false,false,false,true,false,false,false,true,true,true,true,false,true,false,/{ID},/{ID}/e,/02c/e,,,,"01IUZ000000NrQN.Share.005UZ00000BrdXxYAJ",System,false,ReadWrite,Private,false,false,false,false,,,,,,false,2025-04-14 08:28:34.849 -0700
"000000000000000AAA",ChatterExtension,215,ChatterExtension,,,,ChatterExtension,Extension,Extension,Extensions,,false,false,false,false,false,,"0MY",false,false,false,true,false,false,false,true,true,true,true,false,true,false,/{ID},/{ID}/e,/0MY/e,,,,ChatterExtension.005UZ00000BrdXxYAJ,System,false,ReadWrite,ReadWrite,false,false,false,false,,,,,,false,2025-04-14 08:28:32.504 -0700
"000000000000000AAA",LCOM_Order_Modification__c,697,"01IUZ000000NrQJ",2024-05-16 23:24:21.000 -0700,"005UZ000002t937YAA",,LCOM_Order_Modification,LCOM Order Modification,LCOM Order Modification,LCOM Order Modifications,LCOM_Order_Modification__c.SYSTEM,true,true,true,true,true,Deployed,a5I,false,false,true,true,true,true,true,true,true,true,true,false,true,false,/{ID},/{ID}/e,/a5I/e,/01IUZ000000NrQJ/e,,,"01IUZ000000NrQJ.005UZ00000BrdXxYAJ",<local>,true,ControlledByParent,ControlledByParent,false,false,false,false,,,,,,false,2025-04-14 08:28:34.848 -0700
"000000000000000AAA",SurveyPageChangeEvent,1302,SurveyPageChangeEvent,,,,SurveyPageChangeEvent,Survey Page Change Event,Survey Page Change Event,Survey Page Change Event,,false,true,false,false,false,,"1CE",false,false,false,true,false,false,true,false,true,true,true,false,false,false,/{ID},/{ID}/e,/1CE/e,,,,SurveyPageChangeEvent.005UZ00000BrdXxYAJ,CDC,false,ControlledByParent,ControlledByParent,false,false,false,false,,,,,,false,2025-04-14 08:28:37.971 -0700
"000000000000000AAA",BotDefinition,119,BotDefinition,,,,BotDefinition,Bot,Bot,Bots,,false,false,false,false,false,,"0Xx",false,false,false,true,false,false,false,true,false,false,false,false,true,false,/{ID},/{ID}/e,/0Xx/e,,,,BotDefinition.005UZ00000BrdXxYAJ,System,false,ReadWrite,ReadWrite,false,false,false,false,,,,,,false,2025-04-14 08:28:32.420 -0700
"000000000000000AAA",MsgSessStatusChangedEvent,931,MsgSessStatusChangedEvent,,,,MsgSessStatusChangedEvent,Messaging Session Status Changed Event,Messaging Session Status Changed Event,Messaging Session Status Changed Events,,false,false,false,false,false,,"1JJ",false,false,false,false,false,false,false,false,true,false,false,false,false,false,/{ID},/{ID}/e,/1JJ/e,,,,MsgSessStatusChangedEvent.005UZ00000BrdXxYAJ,System,false,ReadWrite,ReadWrite,false,false,false,false,,,,,,false,2025-04-14 08:28:36.498 -0700
"000000000000000AAA",ProfileSkillUser,1171,ProfileSkillUser,,,,ProfileSkillUser,Skill User,Skill User,Skill Users,ProfileSkillUser.SYSTEM,true,true,true,true,true,,"0SM",false,false,true,true,true,true,true,true,true,true,true,true,true,false,/{ID},/{ID}/e,/0SM/e,,,,ProfileSkillUser.005UZ00000BrdXxYAJ,System,true,ControlledByParent,ControlledByParent,false,false,false,false,,,,,,false,2025-04-14 08:28:36.610 -0700
"000000000000000AAA",MktDataTransformHistory,945,MktDataTransformHistory,,,,MktDataTransformHistory,Data Transform History,Data Transform History,Data Transform History,,false,false,false,false,false,,"017",false,false,true,true,false,false,false,true,true,false,true,false,true,false,/{ID},/{ID}/e,/017/e,,,,MktDataTransformHistory.005UZ00000BrdXxYAJ,System,false,Private,Private,false,false,false,false,,,,,,false,2025-04-14 08:28:36.502 -0700
"000000000000000AAA",ProblemRelatedItem,922,ProblemRelatedItem,,,,ProblemRelatedItem,Problem Related Item,Problem Related Item,Problem Related Items,ProblemRelatedItem.SYSTEM,true,true,true,false,true,,"0tB",false,false,true,true,false,false,true,true,true,true,true,false,true,false,/{ID},/{ID}/e,/0tB/e,,,,ProblemRelatedItem.005UZ00000BrdXxYAJ,System,true,ControlledByParent,ControlledByParent,false,false,false,false,,,,,,false,2025-04-14 08:28:36.468 -0700
"000000000000000AAA",ContractHistory,315,ContractHistory,,,,ContractHistory,Contract History,Contract History,Contract History,,false,false,false,false,false,,"017",false,false,true,true,false,false,false,true,true,false,true,false,true,false,/{ID},/{ID}/e,/017/e,,,,ContractHistory.005UZ00000BrdXxYAJ,System,false,ReadWrite,ReadWrite,false,false,false,false,,,,,,false,2025-04-14 08:28:32.722 -0700
"000000000000000AAA",UnifiedActivityParticipant,1359,UnifiedActivityParticipant,,,,UnifiedActivityParticipant,Unified Activity Participant,Unified Activity Participant,Unified Activity Participants,,false,false,false,false,false,,"1a2",false,false,false,true,false,false,false,false,true,true,true,false,true,false,/{ID},/{ID}/e,/1a2/e,,,,UnifiedActivityParticipant.005UZ00000BrdXxYAJ,System,false,ReadWrite,ReadWrite,false,false,false,false,,,,,,false,2025-04-14 08:28:37.989 -0700
"000000000000000AAA",ExplainabilityActionDef,485,ExplainabilityActionDef,,,,ExplainabilityActionDef,Explainability Action Definition,Explainability Action Definition,Explainability Action Definitions,,false,false,false,false,false,,"0tU",false,false,false,true,false,false,false,true,true,true,true,false,true,false,/{ID},/{ID}/e,/0tU/e,,,,ExplainabilityActionDef.005UZ00000BrdXxYAJ,System,false,ReadWrite,ReadWrite,false,false,false,false,,,,,,false,2025-04-14 08:28:34.410 -0700
"000000000000000AAA",TimelineObjectDefinitionChangeEvent,1340,TimelineObjectDefinitionChangeEvent,,,,TimelineObjectDefinitionChangeEvent,Timeline Object Definition Change Event,Timeline Object Definition Change Event,Timeline Object Definition Change Event,,false,true,false,false,false,,"1CE",false,false,false,true,false,false,true,false,true,true,true,false,false,false,/{ID},/{ID}/e,/1CE/e,,,,TimelineObjectDefinitionChangeEvent.005UZ00000BrdXxYAJ,CDC,false,ReadWrite,ReadWrite,false,false,false,false,,,,,,false,2025-04-14 08:28:37.977 -0700
"000000000000000AAA",DataStreamHistory,401,DataStreamHistory,,,,DataStreamHistory,Data Stream History,Data Stream History,Data Stream History,,false,false,false,false,false,,"017",false,false,true,true,false,false,false,true,true,false,true,false,true,false,/{ID},/{ID}/e,/017/e,,,,DataStreamHistory.005UZ00000BrdXxYAJ,System,false,ReadWrite,ReadWrite,false,false,false,false,,,,,,false,2025-04-14 08:28:34.322 -0700
"000000000000000AAA",SBQQ__UsageRateCard__ChangeEvent,1203,"01I41000002zuTd.ChangeEvent",,,SBQQ,UsageRateCard__ChangeEvent,Change Event: Usage Rate Card (Reserved),Change Event: Usage Rate Card (Reserved),Change Event: Usage Rate Card (Reserved),,false,true,false,false,false,,"1CE",false,false,false,true,false,false,true,false,true,true,true,false,false,false,/{ID},/{ID}/e,/1CE/e,,,,"01I41000002zuTd.ChangeEvent.005UZ00000BrdXxYAJ",CDC,false,ReadWrite,ReadWrite,false,false,false,false,,,,,,false,2025-04-14 08:28:37.918 -0700
"000000000000000AAA",IncidentShare,652,IncidentShare,,,,IncidentShare,Incident Share,Incident Share,Incident Share,,false,false,false,false,false,,"02c",false,false,false,true,false,false,false,true,true,true,true,false,true,false,/{ID},/{ID}/e,/02c/e,,,,IncidentShare.005UZ00000BrdXxYAJ,System,false,Private,Private,false,false,false,false,,,,,,false,2025-04-14 08:28:34.764 -0700
"000000000000000AAA",SBQQ__SolutionGroup__History,883,"01I41000002c7ig.History",,,SBQQ,SolutionGroup__History,History: Solution Group,History: Solution Group,History: Solution Group,,false,false,false,false,false,,"017",false,false,true,true,false,false,false,true,true,false,true,false,true,false,/{ID},/{ID}/e,/017/e,,,,"01I41000002c7ig.History.005UZ00000BrdXxYAJ",System,false,ReadWrite,ReadWrite,false,false,false,false,,,,,,false,2025-04-14 08:28:36.396 -0700
"000000000000000AAA",Knowledge__Share,675,"01IUZ0000006uXN.Share",,,,Knowledge__Share,Share: Knowledge,Share: Knowledge,Share: Knowledge,,false,false,false,false,false,,"02c",false,false,false,true,false,false,false,true,true,true,true,false,true,false,/{ID},/{ID}/e,/02c/e,,,,"01IUZ0000006uXN.Share.005UZ00000BrdXxYAJ",System,false,ReadWrite,Read,false,false,false,false,,,,,,false,2025-04-14 08:28:34.844 -0700
"000000000000000AAA",Gong__Topic__ChangeEvent,602,"01IUZ0000004zxy.ChangeEvent",,,Gong,Topic__ChangeEvent,Change Event: Topic,Change Event: Topic,Change Event: Topic,,false,true,false,false,false,,"1CE",false,false,false,true,false,false,true,false,true,true,true,false,false,false,/{ID},/{ID}/e,/1CE/e,,,,"01IUZ0000004zxy.ChangeEvent.005UZ00000BrdXxYAJ",CDC,false,ControlledByParent,ControlledByParent,false,false,false,false,,,,,,false,2025-04-14 08:28:34.607 -0700
"000000000000000AAA",ImageHistory,637,ImageHistory,,,,ImageHistory,Image History,Image History,Image History,,false,false,false,false,false,,"017",false,false,true,true,false,false,false,true,true,false,true,false,true,false,/{ID},/{ID}/e,/017/e,,,,ImageHistory.005UZ00000BrdXxYAJ,System,false,Private,Private,false,false,false,false,,,,,,false,2025-04-14 08:28:34.764 -0700
"000000000000000AAA",CampaignMember,172,CampaignMember,,,,CampaignMember,Campaign Member,Campaign Member,Campaign Members,CampaignMember.SYSTEM,true,true,true,false,true,,"00v",false,false,true,true,false,false,true,true,true,true,true,false,true,false,/{ID},/{ID}/e,/00v/e,,,,CampaignMember.005UZ00000BrdXxYAJ,System,true,ControlledByCampaign,ControlledByCampaign,false,false,false,false,,,,,,false,2025-04-14 08:28:32.463 -0700
"000000000000000AAA",BusinessBrandChangeEvent,147,BusinessBrandChangeEvent,,,,BusinessBrandChangeEvent,Business Brand Change Event,Business Brand Change Event,Business Brand Change Event,,false,true,false,false,false,,"1CE",false,false,false,true,false,false,true,false,true,true,true,false,false,false,/{ID},/{ID}/e,/1CE/e,,,,BusinessBrandChangeEvent.005UZ00000BrdXxYAJ,CDC,false,ReadWrite,Private,false,false,false,false,,,,,,false,2025-04-14 08:28:32.461 -0700
"000000000000000AAA",SBQQ__TermCondition__c,868,"01I41000002c7im",2024-10-12 01:17:42.000 -0700,"00541000003NPmqAAG",SBQQ,TermCondition,Term Condition,Term Condition,Term Conditions,SBQQ__TermCondition__c.SYSTEM,true,true,true,true,true,Deployed,a18,false,false,true,true,false,false,true,true,true,true,true,false,true,false,/{ID},/{ID}/e,/a18/e,/01I41000002c7im/e,Term Condition Help,/06641000007WPF8,"01I41000002c7im.005UZ00000BrdXxYAJ",SBQQ,true,ControlledByParent,ControlledByParent,false,false,false,false,,,,,,false,2025-04-14 08:28:36.386 -0700
"000000000000000AAA",ContextParamMap,310,ContextParamMap,,,,ContextParamMap,Context Param Map,Context Param Map,Context Param Maps,,false,false,false,false,false,,"15z",false,false,false,true,false,false,false,true,true,true,true,false,true,false,/{ID},/{ID}/e,/15z/e,,,,ContextParamMap.005UZ00000BrdXxYAJ,System,false,ReadWrite,ReadWrite,false,false,false,false,,,,,,false,2025-04-14 08:28:32.697 -0700
"000000000000000AAA",codesters__Codesters_Organization__History,1517,"01I8X000003YKb0.History",,,codesters,Codesters_Organization__History,History: Codesters Organization,History: Codesters Organization,History: Codesters Organization,,false,false,false,false,false,,"017",false,false,true,true,false,false,false,true,true,false,true,false,true,false,/{ID},/{ID}/e,/017/e,,,,"01I8X000003YKb0.History.005UZ00000BrdXxYAJ",System,false,ReadWrite,Private,false,false,false,false,,,,,,false,2025-04-14 08:28:38.030 -0700
"000000000000000AAA",Gong__Note__Share,588,"01IUZ0000004zxt.Share",,,Gong,Note__Share,Share: Note,Share: Note,Share: Note,,false,false,false,false,false,,"02c",false,false,false,true,false,false,false,true,true,true,true,false,true,false,/{ID},/{ID}/e,/02c/e,,,,"01IUZ0000004zxt.Share.005UZ00000BrdXxYAJ",System,false,ReadWrite,Private,false,false,false,false,,,,,,false,2025-04-14 08:28:34.606 -0700
"000000000000000AAA",CaseTeamTemplate,195,CaseTeamTemplate,,,,CaseTeamTemplate,Predefined Case Team,Predefined Case Team,Predefined Case Team,,false,false,false,false,false,,"0B4",false,false,true,true,false,false,false,true,true,true,true,false,true,false,/{ID},/{ID}/e,/0B4/e,,,,CaseTeamTemplate.005UZ00000BrdXxYAJ,System,false,Read,Read,false,false,false,false,,,,,,false,2025-04-14 08:28:32.478 -0700
"000000000000000AAA",RecentlyViewed,982,RecentlyViewed,,,,RecentlyViewed,Recently Viewed,Recently Viewed,Recently Viewed,,false,false,false,false,false,,,false,false,false,false,false,false,false,true,false,true,true,false,true,false,/{ID},/{ID}/e,/null/e,,,,RecentlyViewed.005UZ00000BrdXxYAJ,System,false,ReadWrite,ReadWrite,false,false,false,false,,,,,,false,2025-04-14 08:28:36.576 -0700
"000000000000000AAA",SBQQ__UpgradeSource__c,843,"01I41000002c7ip",2024-10-12 01:17:42.000 -0700,"00541000003NPmqAAG",SBQQ,UpgradeSource,Upgrade Source,Upgrade Source,Upgrade Sources,SBQQ__UpgradeSource__c.SYSTEM,true,true,true,true,true,Deployed,a1B,false,false,true,true,false,false,true,true,true,true,true,false,true,false,/{ID},/{ID}/e,/a1B/e,/01I41000002c7ip/e,,,"01I41000002c7ip.005UZ00000BrdXxYAJ",SBQQ,true,ReadWrite,ReadWrite,false,false,false,false,,,,,,false,2025-04-14 08:28:36.372 -0700
"000000000000000AAA",ProfileSkill,974,ProfileSkill,,,,ProfileSkill,Skill,Skill,Skills,ProfileSkill.SYSTEM,true,true,true,true,true,,"0Sk",false,false,true,true,true,true,true,true,true,true,true,true,true,true,/{ID},/{ID}/e,/0Sk/e,,,,ProfileSkill.005UZ00000BrdXxYAJ,System,true,ReadWrite,ReadWrite,false,false,false,false,,,,,,false,2025-04-14 08:28:36.575 -0700
"000000000000000AAA",IdeaComment,630,IdeaComment,,,,IdeaComment,Idea Comment,Idea Comment,Idea Comments,,false,true,false,false,false,,"00a",false,false,true,true,false,true,true,true,true,true,true,false,true,false,/{ID},/{ID}/e,/00a/e,,,,IdeaComment.005UZ00000BrdXxYAJ,System,false,ReadWrite,ReadWrite,false,false,false,false,,,,,,false,2025-04-14 08:28:34.763 -0700
"000000000000000AAA",MlFeatureValueMetric,948,MlFeatureValueMetric,,,,MlFeatureValueMetric,ML Feature Value Metric,ML Feature Value Metric,ML Feature Value Metrics,,false,false,false,false,false,,"48i",false,false,true,true,false,false,false,true,true,true,true,false,true,false,/{ID},/{ID}/e,/48i/e,,,,MlFeatureValueMetric.005UZ00000BrdXxYAJ,System,false,ReadWrite,ReadWrite,false,false,false,false,,,,,,false,2025-04-14 08:28:36.502 -0700
"000000000000000AAA",OpportunityPartner,1160,OpportunityPartner,,,,OpportunityPartner,Opportunity Partner,Opportunity Partner,Opportunity Partner,,false,false,false,false,false,,"00I",false,false,false,true,false,false,false,true,true,false,true,false,true,false,/{ID},/{ID}/e,/00I/e,,,,OpportunityPartner.005UZ00000BrdXxYAJ,System,true,ReadWrite,ReadWrite,false,false,false,false,,,,,,false,2025-04-14 08:28:36.610 -0700
"000000000000000AAA",CallDispositionCategory,166,CallDispositionCategory,,,,CallDispositionCategory,CallDispositionCategory,CallDispositionCategory,CallDispositionCategories,,false,false,false,false,false,,"0dO",false,false,false,true,false,false,false,true,true,true,true,false,true,false,/{ID},/{ID}/e,/0dO/e,,,,CallDispositionCategory.005UZ00000BrdXxYAJ,System,false,ReadWrite,ReadWrite,false,false,false,false,,,,,,false,2025-04-14 08:28:32.463 -0700
"000000000000000AAA",TodayGoalChangeEvent,1343,TodayGoalChangeEvent,,,,TodayGoalChangeEvent,Goal Change Event,Goal Change Event,Goal Change Event,,false,true,false,false,false,,"1CE",false,false,false,true,false,false,true,false,true,true,true,false,false,false,/{ID},/{ID}/e,/1CE/e,,,,TodayGoalChangeEvent.005UZ00000BrdXxYAJ,CDC,false,Private,Private,false,false,false,false,,,,,,false,2025-04-14 08:28:37.984 -0700
"000000000000000AAA",SBQQ__DiscountSchedule__History,1092,"01I41000002c7hz.History",,,SBQQ,DiscountSchedule__History,History: Discount Schedule,History: Discount Schedule,History: Discount Schedule,,false,false,false,false,false,,"017",false,false,true,true,false,false,false,true,true,false,true,false,true,false,/{ID},/{ID}/e,/017/e,,,,"01I41000002c7hz.History.005UZ00000BrdXxYAJ",System,false,ReadWrite,ReadWrite,false,false,false,false,,,,,,false,2025-04-14 08:28:36.605 -0700
"000000000000000AAA",SBQQ__SearchIndex__ChangeEvent,1000,"01I41000002c7if.ChangeEvent",,,SBQQ,SearchIndex__ChangeEvent,Change Event: Search Index,Change Event: Search Index,Change Event: Search Index,,false,true,false,false,false,,"1CE",false,false,false,true,false,false,true,false,true,true,true,false,false,false,/{ID},/{ID}/e,/1CE/e,,,,"01I41000002c7if.ChangeEvent.005UZ00000BrdXxYAJ",CDC,false,ReadWrite,ReadWrite,false,false,false,false,,,,,,false,2025-04-14 08:28:36.583 -0700
"000000000000000AAA",BriefcaseAssignmentChangeEvent,125,BriefcaseAssignmentChangeEvent,,,,BriefcaseAssignmentChangeEvent,Briefcase Assignment Change Event,Briefcase Assignment Change Event,Briefcase Assignment Change Event,,false,true,false,false,false,,"1CE",false,false,false,true,false,false,true,false,true,true,true,false,false,false,/{ID},/{ID}/e,/1CE/e,,,,BriefcaseAssignmentChangeEvent.005UZ00000BrdXxYAJ,CDC,false,ReadWrite,ReadWrite,false,false,false,false,,,,,,false,2025-04-14 08:28:32.421 -0700
"000000000000000AAA",AggregateResult,40,AggregateResult,,,,AggregateResult,Aggregate Result,Aggregate Result,Aggregate Result,,false,false,false,false,false,,,false,false,false,false,false,false,false,true,false,false,false,false,false,false,/{ID},/{ID}/e,/null/e,,,,AggregateResult.005UZ00000BrdXxYAJ,System,false,ReadWrite,ReadWrite,false,false,false,false,,,,,,false,2025-04-14 08:28:32.356 -0700
"000000000000000AAA",FlowOrchestrationInstanceShare,525,FlowOrchestrationInstanceShare,,,,FlowOrchestrationInstanceShare,Orchestration Run Share,Orchestration Run Share,Orchestration Run Share,,false,false,false,false,false,,"02c",false,false,false,true,false,false,false,true,true,true,true,false,true,false,/{ID},/{ID}/e,/02c/e,,,,FlowOrchestrationInstanceShare.005UZ00000BrdXxYAJ,System,false,Private,Private,false,false,false,false,,,,,,false,2025-04-14 08:28:34.532 -0700
"000000000000000AAA",ProfileSkillEndorsementHistory,1006,ProfileSkillEndorsementHistory,,,,ProfileSkillEndorsementHistory,Endorsement History,Endorsement History,Endorsement History,,false,false,false,false,false,,"017",false,false,true,true,false,false,false,true,true,false,true,false,true,false,/{ID},/{ID}/e,/017/e,,,,ProfileSkillEndorsementHistory.005UZ00000BrdXxYAJ,System,false,ControlledByParent,ControlledByParent,false,false,false,false,,,,,,false,2025-04-14 08:28:36.584 -0700
"000000000000000AAA",UserLicense,1394,UserLicense,,,,UserLicense,User License,User License,User Licenses,,false,false,true,false,false,,"100",false,false,false,true,false,false,false,true,true,true,true,false,true,false,/{ID},/{ID}/e,/100/e,,,,UserLicense.005UZ00000BrdXxYAJ,System,false,ReadWrite,ReadWrite,false,false,false,false,,,,,,false,2025-04-14 08:28:37.990 -0700
"000000000000000AAA",DataKitDeployEvent,369,DataKitDeployEvent,,,,DataKitDeployEvent,Data Kit Deployment Event,Data Kit Deployment Event,Data Kit Deployment Events,,false,true,false,false,false,,"3Dc",false,false,false,false,false,false,true,false,true,false,false,false,false,false,/{ID},/{ID}/e,/3Dc/e,,,,DataKitDeployEvent.005UZ00000BrdXxYAJ,Conduit,false,ReadWrite,ReadWrite,false,false,false,false,,,,,,false,2025-04-14 08:28:32.878 -0700
"000000000000000AAA",SurveyEmailBranding,1294,SurveyEmailBranding,,,,SurveyEmailBranding,Survey Email Branding,Survey Email Branding,Survey Email Brandings,,false,false,false,false,false,,"0Ka",false,false,false,true,false,false,false,true,true,true,true,false,true,true,/{ID},/{ID}/e,/0Ka/e,,,,SurveyEmailBranding.005UZ00000BrdXxYAJ,System,true,ReadWrite,ReadWrite,false,false,false,false,,,,,,false,2025-04-14 08:28:37.971 -0700
"000000000000000AAA",PricebookEntryHistory,1200,PricebookEntryHistory,,,,PricebookEntryHistory,Price Book Entry History,Price Book Entry History,Price Book Entry History,,false,false,false,false,false,,"017",false,false,true,true,false,false,false,true,true,false,true,false,true,false,/{ID},/{ID}/e,/017/e,,,,PricebookEntryHistory.005UZ00000BrdXxYAJ,System,false,ReadWrite,ReadWrite,false,false,false,false,,,,,,false,2025-04-14 08:28:36.618 -0700
"000000000000000AAA",SBQQ__QuoteProcess__ChangeEvent,1144,"01I41000002c7iW.ChangeEvent",,,SBQQ,QuoteProcess__ChangeEvent,Change Event: Quote Process,Change Event: Quote Process,Change Event: Quote Process,,false,true,false,false,false,,"1CE",false,false,false,true,false,false,true,false,true,true,true,false,false,false,/{ID},/{ID}/e,/1CE/e,,,,"01I41000002c7iW.ChangeEvent.005UZ00000BrdXxYAJ",CDC,false,ReadWrite,ReadWrite,false,false,false,false,,,,,,false,2025-04-14 08:28:36.607 -0700
"000000000000000AAA",SBQQ__QuoteLineConsumptionSchedule__c,817,"01I1L0000032xzB",2024-10-12 01:17:42.000 -0700,"00541000003NPmqAAG",SBQQ,QuoteLineConsumptionSchedule,Quote Line Consumption Schedule,Quote Line Consumption Schedule,Quote Line Consumption Schedules,SBQQ__QuoteLineConsumptionSchedule__c.SYSTEM,true,true,true,true,true,Deployed,a2k,false,false,true,true,true,true,true,true,true,true,true,false,true,false,/{ID},/{ID}/e,/a2k/e,/01I1L0000032xzB/e,,,"01I1L0000032xzB.005UZ00000BrdXxYAJ",SBQQ,true,ControlledByParent,ControlledByParent,false,false,false,false,,,,,,false,2025-04-14 08:28:36.353 -0700
"000000000000000AAA",CampaignMemberChangeEvent,173,CampaignMemberChangeEvent,,,,CampaignMemberChangeEvent,Campaign Member Change Event,Campaign Member Change Event,Campaign Member Change Event,,false,true,false,false,false,,"1CE",false,false,false,true,false,false,true,false,true,true,true,false,false,false,/{ID},/{ID}/e,/1CE/e,,,,CampaignMemberChangeEvent.005UZ00000BrdXxYAJ,CDC,false,ControlledByCampaign,ControlledByCampaign,false,false,false,false,,,,,,false,2025-04-14 08:28:32.475 -0700
"000000000000000AAA",UserListView,1395,UserListView,,,,UserListView,User List View,User List View,User List View,,false,false,false,false,false,,"0Na",false,false,false,true,false,false,false,true,true,true,true,false,true,false,/{ID},/{ID}/e,/0Na/e,,,,UserListView.005UZ00000BrdXxYAJ,System,false,ReadWrite,ReadWrite,false,false,false,false,,,,,,false,2025-04-14 08:28:37.990 -0700
"000000000000000AAA",UserPreference,1401,UserPreference,,,,UserPreference,User Preference,User Preference,User Preferences,,false,false,false,false,false,,"03u",false,false,false,true,false,false,false,true,true,true,true,false,true,false,/{ID},/{ID}/e,/03u/e,,,,UserPreference.005UZ00000BrdXxYAJ,System,false,ReadWrite,ReadWrite,false,false,false,false,,,,,,false,2025-04-14 08:28:37.990 -0700
"000000000000000AAA",SBQQ__UsageRateCardAssignment__ChangeEvent,1201,"01I41000002zuTc.ChangeEvent",,,SBQQ,UsageRateCardAssignment__ChangeEvent,Change Event: Usage Rate Card Assignment (Reserved),Change Event: Usage Rate Card Assignment (Reserved),Change Event: Usage Rate Card Assignment (Reserved),,false,true,false,false,false,,"1CE",false,false,false,true,false,false,true,false,true,true,true,false,false,false,/{ID},/{ID}/e,/1CE/e,,,,"01I41000002zuTc.ChangeEvent.005UZ00000BrdXxYAJ",CDC,false,ControlledByParent,ControlledByParent,false,false,false,false,,,,,,false,2025-04-14 08:28:37.917 -0700
"000000000000000AAA",TabDefinition,1324,TabDefinition,,,,TabDefinition,Tab Definition,Tab Definition,Tab Definitions,,false,false,false,false,false,,"0KD",false,false,false,false,false,true,false,false,true,true,true,false,true,false,/{ID},/{ID}/e,/0KD/e,,,,TabDefinition.005UZ00000BrdXxYAJ,System,false,ReadWrite,ReadWrite,false,false,false,false,,,,,,false,2025-04-14 08:28:37.973 -0700
"000000000000000AAA",BroadcastCommunication,134,BroadcastCommunication,,,,BroadcastCommunication,Broadcast Communication,Broadcast Communication,Broadcast Communications,BroadcastCommunication.SYSTEM,true,true,true,false,true,,"0oY",false,false,true,true,true,true,true,true,true,true,true,false,true,true,/{ID},/{ID}/e,/0oY/e,,,,BroadcastCommunication.005UZ00000BrdXxYAJ,System,true,Read,Read,false,false,false,false,,,,,,false,2025-04-14 08:28:32.460 -0700
"000000000000000AAA",SBQQ__TemplateSection__ChangeEvent,921,"01I41000002c7il.ChangeEvent",,,SBQQ,TemplateSection__ChangeEvent,Change Event: Template Section,Change Event: Template Section,Change Event: Template Section,,false,true,false,false,false,,"1CE",false,false,false,true,false,false,true,false,true,true,true,false,false,false,/{ID},/{ID}/e,/1CE/e,,,,"01I41000002c7il.ChangeEvent.005UZ00000BrdXxYAJ",CDC,false,ControlledByParent,ControlledByParent,false,false,false,false,,,,,,false,2025-04-14 08:28:36.468 -0700
"000000000000000AAA",ContentDocumentLink,300,ContentDocumentLink,,,,ContentDocumentLink,Content Document Link,Content Document Link,Content Document Link,,false,true,false,false,false,,"06A",false,false,false,true,false,false,true,true,true,true,true,false,true,false,/{ID},/{ID}/e,/06A/e,,,,ContentDocumentLink.005UZ00000BrdXxYAJ,System,true,ReadWrite,ReadWrite,false,false,false,false,,,,,,false,2025-04-14 08:28:32.697 -0700
"000000000000000AAA",OmniSupervisorConfigSkill,1197,OmniSupervisorConfigSkill,,,,OmniSupervisorConfigSkill,Omni Supervisor Configuration Skill,Omni Supervisor Configuration Skill,Omni Supervisor Configuration Skills,,false,false,false,false,false,,"0qg",false,false,false,true,false,false,false,true,true,true,true,false,true,false,/{ID},/{ID}/e,/0qg/e,,,,OmniSupervisorConfigSkill.005UZ00000BrdXxYAJ,System,false,ReadWrite,ReadWrite,false,false,false,false,,,,,,false,2025-04-14 08:28:36.618 -0700
"000000000000000AAA",OnboardingMetrics,946,OnboardingMetrics,,,,OnboardingMetrics,Onboarding Metrics,Onboarding Metrics,Onboarding Metrics,,false,false,false,false,false,,"0UG",false,false,false,true,false,false,false,true,true,true,true,false,true,false,/{ID},/{ID}/e,/0UG/e,,,,OnboardingMetrics.005UZ00000BrdXxYAJ,System,false,ReadWrite,ReadWrite,false,false,false,false,,,,,,false,2025-04-14 08:28:36.502 -0700
"000000000000000AAA",ConsumptionScheduleFeed,262,ConsumptionScheduleFeed,,,,ConsumptionScheduleFeed,ConsumptionSchedule,ConsumptionSchedule,ConsumptionSchedule,,false,false,false,false,false,,"0D5",false,false,true,true,false,false,false,true,false,false,true,false,true,false,/{ID},/{ID}/e,/0D5/e,,,,ConsumptionScheduleFeed.005UZ00000BrdXxYAJ,System,false,Read,Read,false,false,false,false,,,,,,false,2025-04-14 08:28:32.665 -0700
"000000000000000AAA",Gong__Tracker__c,607,"01IUZ0000004zxz",2025-02-10 14:23:43.000 -0800,"005UZ00000B4tsPYAR",Gong,Tracker,Tracker,Tracker,Trackers,Gong__Tracker__c.SYSTEM,true,true,true,true,true,Deployed,a2y,false,false,true,true,true,true,true,true,true,true,true,false,true,false,/{ID},/{ID}/e,/a2y/e,/01IUZ0000004zxz/e,,,"01IUZ0000004zxz.005UZ00000BrdXxYAJ",Gong,true,ControlledByParent,ControlledByParent,false,false,false,false,,,,,,false,2025-04-14 08:28:34.607 -0700
"000000000000000AAA",MktCalculatedInsight,1058,MktCalculatedInsight,,,,MktCalculatedInsight,Calculated Insight,Calculated Insight,Calculated Insights,MktCalculatedInsight.SYSTEM,false,true,true,true,true,,"0kX",false,false,true,true,true,true,true,true,true,true,true,true,true,true,/{ID},/{ID}/e,/0kX/e,,,,MktCalculatedInsight.005UZ00000BrdXxYAJ,System,true,ReadWrite,ReadWrite,false,false,false,false,,,,,,false,2025-04-14 08:28:36.604 -0700
"000000000000000AAA",FeedItem,508,FeedItem,,,,FeedItem,Feed Item,Feed Item,Feed Items,,false,true,true,false,false,,"0D5",false,false,true,true,false,true,true,true,true,true,true,false,true,false,/{ID},/{ID}/e,/0D5/e,,,,FeedItem.005UZ00000BrdXxYAJ,System,true,ReadWrite,ReadWrite,false,false,false,false,,,,,,false,2025-04-14 08:28:34.508 -0700
"000000000000000AAA",EntitlementContact,461,EntitlementContact,,,,EntitlementContact,Entitlement Contact,Entitlement Contact,Entitlement Contacts,,false,true,true,false,false,,"0E7",false,false,true,true,false,false,true,true,true,true,true,false,true,false,/{ID},/{ID}/e,/0E7/e,,,,EntitlementContact.005UZ00000BrdXxYAJ,System,true,ControlledByParent,ControlledByParent,false,false,false,false,,,,,,false,2025-04-14 08:28:34.397 -0700
"000000000000000AAA",AssociatedLocation,83,AssociatedLocation,,,,AssociatedLocation,Associated Location,Associated Location,Associated Locations,AssociatedLocation.SYSTEM,true,true,true,true,true,,"0Kt",false,false,true,true,false,false,true,true,true,true,true,false,true,true,/{ID},/{ID}/e,/0Kt/e,,,,AssociatedLocation.005UZ00000BrdXxYAJ,System,true,ControlledByParent,ControlledByParent,false,false,false,false,,,,,,false,2025-04-14 08:28:32.389 -0700
"000000000000000AAA",DataMultiOrgConnection,379,DataMultiOrgConnection,,,,DataMultiOrgConnection,Data Multi Org Connection,Data Multi Org Connection,Data Multi Org Connections,,false,false,false,false,false,,"262",false,false,false,true,false,false,false,true,true,true,true,false,true,false,/{ID},/{ID}/e,/262/e,,,,DataMultiOrgConnection.005UZ00000BrdXxYAJ,System,false,ReadWrite,ReadWrite,false,false,false,false,,,,,,false,2025-04-14 08:28:32.879 -0700
"000000000000000AAA",SBQQ__PricingGuidanceTier__History,972,"01I1L0000032yvq.History",,,SBQQ,PricingGuidanceTier__History,History: Pricing Guidance Tier,History: Pricing Guidance Tier,History: Pricing Guidance Tier,,false,false,false,false,false,,"017",false,false,true,true,false,false,false,true,true,false,true,false,true,false,/{ID},/{ID}/e,/017/e,,,,"01I1L0000032yvq.History.005UZ00000BrdXxYAJ",System,false,ControlledByParent,ControlledByParent,false,false,false,false,,,,,,false,2025-04-14 08:28:36.540 -0700
"000000000000000AAA",Learning_com_Order__c,724,"01IUZ0000003dmQ",2025-04-10 14:30:56.000 -0700,"005UZ00000B4tsPYAR",,Learning_com_Order,Learning.com Order,Learning.com Order,Learning.com Orders,Learning_com_Order__c.SYSTEM,true,true,true,true,true,Deployed,a2E,false,false,true,true,true,true,true,true,true,true,true,false,true,false,/{ID},/{ID}/e,/a2E/e,/01IUZ0000003dmQ/e,,,"01IUZ0000003dmQ.005UZ00000BrdXxYAJ",<local>,true,ControlledByParent,ControlledByParent,false,false,false,false,,,,,,false,2025-04-14 08:28:34.865 -0700
"000000000000000AAA",WorkPlan,1445,WorkPlan,,,,WorkPlan,Work Plan,Work Plan,Work Plans,WorkPlan.SYSTEM,true,true,true,true,true,,"0gq",false,false,true,true,true,true,true,true,true,true,true,false,true,true,/{ID},/{ID}/e,/0gq/e,,,,WorkPlan.005UZ00000BrdXxYAJ,System,true,Private,Private,false,false,false,false,,,,,,false,2025-04-14 08:28:38.006 -0700
"000000000000000AAA",OpportunityRelatedDeleteLog,900,OpportunityRelatedDeleteLog,,,,OpportunityRelatedDeleteLog,Opportunity Related Delete Log,Opportunity Related Delete Log,Opportunity Related Delete Log,,false,true,true,false,false,,"0oe",false,false,true,true,false,false,true,true,true,true,true,false,true,false,/{ID},/{ID}/e,/0oe/e,,,,OpportunityRelatedDeleteLog.005UZ00000BrdXxYAJ,System,false,ControlledByParent,ControlledByParent,false,false,false,false,,,,,,false,2025-04-14 08:28:36.435 -0700
"000000000000000AAA",WorkThanks,1469,WorkThanks,,,,WorkThanks,Thanks,Thanks,Thanks,,true,true,true,false,false,,"0W0",false,false,true,true,false,false,true,true,true,true,true,false,true,false,/{ID},/{ID}/e,/0W0/e,,,,WorkThanks.005UZ00000BrdXxYAJ,System,true,Read,Read,false,false,false,false,,,,,,false,2025-04-14 08:28:38.015 -0700
"000000000000000AAA",VoiceOrgSetting,1419,VoiceOrgSetting,,,,VoiceOrgSetting,Voice Org Setting,Voice Org Setting,Voice Org Settings,,false,false,false,false,false,,"0ac",false,false,false,true,false,false,false,true,true,true,true,false,true,false,/{ID},/{ID}/e,/0ac/e,,,,VoiceOrgSetting.005UZ00000BrdXxYAJ,System,false,ReadWrite,ReadWrite,false,false,false,false,,,,,,false,2025-04-14 08:28:38.001 -0700
"000000000000000AAA",TimelineObjectDefinitionLocalization,1341,TimelineObjectDefinitionLocalization,,,,TimelineObjectDefinitionLocalization,Translation,Translation,Translation,,false,false,false,false,false,,"01j",false,false,true,true,false,false,false,true,true,true,true,false,true,false,/{ID},/{ID}/e,/01j/e,,,,TimelineObjectDefinitionLocalization.005UZ00000BrdXxYAJ,System,false,ReadWrite,ReadWrite,false,false,false,false,,,,,,false,2025-04-14 08:28:37.977 -0700
"000000000000000AAA",codesters__Campaign_Link__ChangeEvent,1508,"01I8X000003YKax.ChangeEvent",,,codesters,Campaign_Link__ChangeEvent,Change Event: Campaign Link,Change Event: Campaign Link,Change Event: Campaign Link,,false,true,false,false,false,,"1CE",false,false,false,true,false,false,true,false,true,true,true,false,false,false,/{ID},/{ID}/e,/1CE/e,,,,"01I8X000003YKax.ChangeEvent.005UZ00000BrdXxYAJ",CDC,false,ControlledByParent,ControlledByParent,false,false,false,false,,,,,,false,2025-04-14 08:28:38.030 -0700
"000000000000000AAA",UserRecordAccess,1404,UserRecordAccess,,,,UserRecordAccess,User Record Access,User Record Access,User Record Access,,false,false,false,false,false,,,false,false,false,false,false,false,false,true,false,false,false,false,true,false,/{ID},/{ID}/e,/null/e,,,,UserRecordAccess.005UZ00000BrdXxYAJ,System,false,ReadWrite,ReadWrite,false,false,false,false,,,,,,false,2025-04-14 08:28:37.999 -0700
"000000000000000AAA",ProcessInstanceChangeEvent,1014,ProcessInstanceChangeEvent,,,,ProcessInstanceChangeEvent,Process Instance Change Event,Process Instance Change Event,Process Instance Change Event,,false,true,false,false,false,,"1CE",false,false,false,true,false,false,true,false,true,true,true,false,false,false,/{ID},/{ID}/e,/1CE/e,,,,ProcessInstanceChangeEvent.005UZ00000BrdXxYAJ,CDC,false,ReadWrite,ReadWrite,false,false,false,false,,,,,,false,2025-04-14 08:28:36.602 -0700
"000000000000000AAA",BroadcastTopicUserRole,144,BroadcastTopicUserRole,,,,BroadcastTopicUserRole,Broadcast Topic User Role,Broadcast Topic User Role,Broadcast Topic User Roles,,true,true,true,true,false,,"0uM",false,false,true,true,false,false,true,true,true,true,true,false,true,false,/{ID},/{ID}/e,/0uM/e,,,,BroadcastTopicUserRole.005UZ00000BrdXxYAJ,System,false,ControlledByParent,ControlledByParent,false,false,false,false,,,,,,false,2025-04-14 08:28:32.461 -0700
"000000000000000AAA",Gong__Call_Stat__Share,575,"01IUZ0000004zxo.Share",,,Gong,Call_Stat__Share,Share: Interaction Stats,Share: Interaction Stats,Share: Interaction Stats,,false,false,false,false,false,,"02c",false,false,false,true,false,false,false,true,true,true,true,false,true,false,/{ID},/{ID}/e,/02c/e,,,,"01IUZ0000004zxo.Share.005UZ00000BrdXxYAJ",System,false,ReadWrite,Private,false,false,false,false,,,,,,false,2025-04-14 08:28:34.605 -0700
"000000000000000AAA",ConversationContextEntry,326,ConversationContextEntry,,,,ConversationContextEntry,Conversation Context Entry,Conversation Context Entry,Conversation Context Entries,,false,true,false,false,false,,"577",false,false,true,true,false,true,true,true,true,true,true,false,true,false,/{ID},/{ID}/e,/577/e,,,,ConversationContextEntry.005UZ00000BrdXxYAJ,System,false,ReadWrite,ReadWrite,false,false,false,false,,,,,,false,2025-04-14 08:28:32.876 -0700
"000000000000000AAA",UnifiedVideoCall,1368,UnifiedVideoCall,,,,UnifiedVideoCall,Unified Video Call,Unified Video Call,Unified Video Calls,,false,false,false,false,false,,"1ai",false,false,false,true,false,false,false,true,true,true,true,false,true,false,/{ID},/{ID}/e,/1ai/e,,,,UnifiedVideoCall.005UZ00000BrdXxYAJ,System,false,ReadWrite,ReadWrite,false,false,false,false,,,,,,false,2025-04-14 08:28:37.989 -0700
"000000000000000AAA",FlowOrchestrationStepInstance,529,FlowOrchestrationStepInstance,,,,FlowOrchestrationStepInstance,Orchestration Step Run,Orchestration Step Run,Orchestration Step Runs,FlowOrchestrationStepInstance.SYSTEM,true,false,false,false,true,,"0jL",false,false,true,true,false,false,false,true,true,true,true,false,true,false,/{ID},/{ID}/e,/0jL/e,,,,FlowOrchestrationStepInstance.005UZ00000BrdXxYAJ,System,true,Private,Private,false,false,false,false,,,,,,false,2025-04-14 08:28:34.533 -0700
"000000000000000AAA",CalendarViewShare,161,CalendarViewShare,,,,CalendarViewShare,Calendar Share,Calendar Share,Calendar Share,,false,false,false,false,false,,"02c",false,false,false,true,false,false,false,true,true,true,true,false,true,false,/{ID},/{ID}/e,/02c/e,,,,CalendarViewShare.005UZ00000BrdXxYAJ,System,false,Private,Private,false,false,false,false,,,,,,false,2025-04-14 08:28:32.462 -0700
"000000000000000AAA",ForecastingFact,545,ForecastingFact,,,,ForecastingFact,Forecasting Fact,Forecasting Fact,Forecasting Facts,,false,false,false,false,false,,"0G6",false,false,false,true,false,false,false,true,true,true,true,false,true,false,/{ID},/{ID}/e,/0G6/e,,,,ForecastingFact.005UZ00000BrdXxYAJ,System,false,ReadWrite,ReadWrite,false,false,false,false,,,,,,false,2025-04-14 08:28:34.533 -0700
"000000000000000AAA",DataActionJobSummaryHistory,356,DataActionJobSummaryHistory,,,,DataActionJobSummaryHistory,Data Action Job Summary History,Data Action Job Summary History,Data Action Job Summary History,,false,false,false,false,false,,"017",false,false,true,true,false,false,false,true,true,false,true,false,true,false,/{ID},/{ID}/e,/017/e,,,,DataActionJobSummaryHistory.005UZ00000BrdXxYAJ,System,false,Private,Private,false,false,false,false,,,,,,false,2025-04-14 08:28:32.877 -0700
"000000000000000AAA",AIPredictionEvent,3,AIPredictionEvent,,,,AIPredictionEvent,AI Prediction Event,AI Prediction Event,AI Prediction Events,,false,true,false,false,false,,"0ae",false,false,false,false,false,false,true,false,true,false,false,false,false,false,/{ID},/{ID}/e,/0ae/e,,,,AIPredictionEvent.005UZ00000BrdXxYAJ,System,false,ReadWrite,ReadWrite,false,false,false,false,,,,,,false,2025-04-14 08:28:32.317 -0700
"000000000000000AAA",JCFS__AutoSyncJob__Share,664,"01IUZ000000U33h.Share",,,JCFS,AutoSyncJob__Share,Share: AutoSyncJob,Share: AutoSyncJob,Share: AutoSyncJob,,false,false,false,false,false,,"02c",false,false,false,true,false,false,false,true,true,true,true,false,true,false,/{ID},/{ID}/e,/02c/e,,,,"01IUZ000000U33h.Share.005UZ00000BrdXxYAJ",System,false,ReadWrite,Private,false,false,false,false,,,,,,false,2025-04-14 08:28:34.765 -0700
"000000000000000AAA",CaseMilestone,185,CaseMilestone,,,,CaseMilestone,Case Milestone,Case Milestone,Case Milestones,CaseMilestone.SYSTEM,false,false,false,false,true,,"555",false,false,false,true,false,false,false,true,false,true,true,false,true,false,/{ID},/{ID}/e,/555/e,,,,CaseMilestone.005UZ00000BrdXxYAJ,System,true,ReadWrite,ReadWrite,false,false,false,false,,,,,,false,2025-04-14 08:28:32.477 -0700
"000000000000000AAA",UserConfigTransferSkill,1381,UserConfigTransferSkill,,,,UserConfigTransferSkill,UserConfigTransferSkill,UserConfigTransferSkill,UserConfigTransferSkills,,false,false,false,false,false,,"0KA",false,false,false,true,false,false,false,true,true,true,true,false,true,false,/{ID},/{ID}/e,/0KA/e,,,,UserConfigTransferSkill.005UZ00000BrdXxYAJ,System,false,ReadWrite,ReadWrite,false,false,false,false,,,,,,false,2025-04-14 08:28:37.990 -0700
"000000000000000AAA",UserServicePresenceShare,1408,UserServicePresenceShare,,,,UserServicePresenceShare,User Presence Share,User Presence Share,User Presence Share,,false,false,false,false,false,,"02c",false,false,false,true,false,false,false,true,true,true,true,false,true,false,/{ID},/{ID}/e,/02c/e,,,,UserServicePresenceShare.005UZ00000BrdXxYAJ,System,false,Read,Read,false,false,false,false,,,,,,false,2025-04-14 08:28:37.999 -0700
"000000000000000AAA",FormulaFunction,561,FormulaFunction,,,,FormulaFunction,Formula Function,Formula Function,Formula Functions,,false,false,false,false,false,,"0Kn",false,false,false,false,false,false,false,false,true,true,true,false,true,false,/{ID},/{ID}/e,/0Kn/e,,,,FormulaFunction.005UZ00000BrdXxYAJ,System,false,ReadWrite,ReadWrite,false,false,false,false,,,,,,false,2025-04-14 08:28:34.534 -0700
"000000000000000AAA",SBQQ__SummaryVariable__ChangeEvent,1147,"01I41000002c7ij.ChangeEvent",,,SBQQ,SummaryVariable__ChangeEvent,Change Event: Summary Variable,Change Event: Summary Variable,Change Event: Summary Variable,,false,true,false,false,false,,"1CE",false,false,false,true,false,false,true,false,true,true,true,false,false,false,/{ID},/{ID}/e,/1CE/e,,,,"01I41000002c7ij.ChangeEvent.005UZ00000BrdXxYAJ",CDC,false,ReadWrite,ReadWrite,false,false,false,false,,,,,,false,2025-04-14 08:28:36.607 -0700
"000000000000000AAA",FlowInterview,518,FlowInterview,,,,FlowInterview,Flow Interview,Flow Interview,Flow Interviews,FlowInterview.SYSTEM,false,false,false,false,true,,"0Fo",false,false,true,true,false,false,false,true,true,true,true,false,true,false,/{ID},/{ID}/e,/0Fo/e,,,,FlowInterview.005UZ00000BrdXxYAJ,System,true,ReadWrite,ReadWrite,false,false,false,false,,,,,,false,2025-04-14 08:28:34.532 -0700
"000000000000000AAA",DataActionTargetShare,361,DataActionTargetShare,,,,DataActionTargetShare,Data Action Target Share,Data Action Target Share,Data Action Target Share,,false,false,false,false,false,,"02c",false,false,false,true,false,false,false,true,true,true,true,false,true,false,/{ID},/{ID}/e,/02c/e,,,,DataActionTargetShare.005UZ00000BrdXxYAJ,System,false,Private,Private,false,false,false,false,,,,,,false,2025-04-14 08:28:32.878 -0700
"000000000000000AAA",Document,427,Document,,,,Document,Document,Document,Documents,,false,false,false,false,false,,"015",false,false,true,true,false,true,false,true,true,true,true,false,true,true,/{ID},/{ID}/e,/015/e,,,,Document.005UZ00000BrdXxYAJ,System,false,ReadWrite,ReadWrite,false,false,false,false,,,,,,false,2025-04-14 08:28:34.341 -0700
"000000000000000AAA",SBQQ__ColumnMetadata__c,809,"01I1L000002ylML",2024-10-12 01:17:42.000 -0700,"00541000003NPmqAAG",SBQQ,ColumnMetadata,Column Metadata,Column Metadata,Columns Metadata,SBQQ__ColumnMetadata__c.SYSTEM,true,true,true,true,true,Deployed,a1a,false,false,true,true,true,true,true,true,true,true,true,false,true,true,/{ID},/{ID}/e,/a1a/e,/01I1L000002ylML/e,,,"01I1L000002ylML.005UZ00000BrdXxYAJ",SBQQ,true,ControlledByParent,ControlledByParent,false,false,false,false,,,,,,false,2025-04-14 08:28:36.333 -0700
"000000000000000AAA",PartyConsentChangeEvent,1002,PartyConsentChangeEvent,,,,PartyConsentChangeEvent,Party Consent Change Event,Party Consent Change Event,Party Consent Change Event,,false,true,false,false,false,,"1CE",false,false,false,true,false,false,true,false,true,true,true,false,false,false,/{ID},/{ID}/e,/1CE/e,,,,PartyConsentChangeEvent.005UZ00000BrdXxYAJ,CDC,false,Private,Private,false,false,false,false,,,,,,false,2025-04-14 08:28:36.583 -0700
"000000000000000AAA",BroadcastCommAudienceChangeEvent,131,BroadcastCommAudienceChangeEvent,,,,BroadcastCommAudienceChangeEvent,Broadcast Communication Audience Change Event,Broadcast Communication Audience Change Event,Broadcast Communication Audience Change Event,,false,true,false,false,false,,"1CE",false,false,false,true,false,false,true,false,true,true,true,false,false,false,/{ID},/{ID}/e,/1CE/e,,,,BroadcastCommAudienceChangeEvent.005UZ00000BrdXxYAJ,CDC,false,Read,Read,false,false,false,false,,,,,,false,2025-04-14 08:28:32.421 -0700
"000000000000000AAA",SBQQ__PricingGuidanceTier__c,851,"01I1L0000032yvq",2024-10-12 01:17:42.000 -0700,"00541000003NPmqAAG",SBQQ,PricingGuidanceTier,Pricing Guidance Tier,Pricing Guidance Tier,Pricing Guidance Tiers,SBQQ__PricingGuidanceTier__c.SYSTEM,true,true,true,true,true,Deployed,a3e,false,false,true,true,false,false,true,true,true,true,true,false,true,false,/{ID},/{ID}/e,/a3e/e,/01I1L0000032yvq/e,,,"01I1L0000032yvq.005UZ00000BrdXxYAJ",SBQQ,true,ControlledByParent,ControlledByParent,false,false,false,false,,,,,,false,2025-04-14 08:28:36.373 -0700
"000000000000000AAA",SBQQ__QuoteDocument__History,1126,"01I41000002c7iT.History",,,SBQQ,QuoteDocument__History,History: Quote Document,History: Quote Document,History: Quote Document,,false,false,false,false,false,,"017",false,false,true,true,false,false,false,true,true,false,true,false,true,false,/{ID},/{ID}/e,/017/e,,,,"01I41000002c7iT.History.005UZ00000BrdXxYAJ",System,false,ControlledByParent,ControlledByParent,false,false,false,false,,,,,,false,2025-04-14 08:28:36.606 -0700
"000000000000000AAA",SBQQ__OptionConstraint__c,815,"01I41000002c7iF",2024-10-12 01:17:42.000 -0700,"00541000003NPmqAAG",SBQQ,OptionConstraint,Option Constraint,Option Constraint,Option Constraints,SBQQ__OptionConstraint__c.SYSTEM,true,true,true,true,true,Deployed,a0b,false,false,true,true,true,true,true,true,true,true,true,false,true,false,/{ID},/{ID}/e,/a0b/e,/01I41000002c7iF/e,OptionConstraintHelp,/06641000007WPEM,"01I41000002c7iF.005UZ00000BrdXxYAJ",SBQQ,true,ControlledByParent,ControlledByParent,false,false,false,false,,,,,,false,2025-04-14 08:28:36.340 -0700
"000000000000000AAA",OrderItemChangeEvent,1175,OrderItemChangeEvent,,,,OrderItemChangeEvent,Order Product Change Event,Order Product Change Event,Order Product Change Event,,false,true,false,false,false,,"1CE",false,false,false,true,false,false,true,false,true,true,true,false,false,false,/{ID},/{ID}/e,/1CE/e,,,,OrderItemChangeEvent.005UZ00000BrdXxYAJ,CDC,false,ReadWrite,ReadWrite,false,false,false,false,,,,,,false,2025-04-14 08:28:36.610 -0700
"000000000000000AAA",WorkStepTemplateChangeEvent,1465,WorkStepTemplateChangeEvent,,,,WorkStepTemplateChangeEvent,Work Step Template Change Event,Work Step Template Change Event,Work Step Template Change Event,,false,true,false,false,false,,"1CE",false,false,false,true,false,false,true,false,true,true,true,false,false,false,/{ID},/{ID}/e,/1CE/e,,,,WorkStepTemplateChangeEvent.005UZ00000BrdXxYAJ,CDC,false,Private,Private,false,false,false,false,,,,,,false,2025-04-14 08:28:38.015 -0700
"000000000000000AAA",EmailStatus,445,EmailStatus,,,,EmailStatus,Email Status,Email Status,Email Status,,false,false,false,false,false,,"018",false,false,false,false,false,false,false,true,true,true,true,false,false,false,/{ID},/{ID}/e,/018/e,,,,EmailStatus.005UZ00000BrdXxYAJ,System,false,ReadWrite,ReadWrite,false,false,false,false,,,,,,false,2025-04-14 08:28:34.394 -0700
"000000000000000AAA",Gong__Call_Participant__ChangeEvent,570,"01IUZ0000004zxn.ChangeEvent",,,Gong,Call_Participant__ChangeEvent,Change Event: Participant,Change Event: Participant,Change Event: Participant,,false,true,false,false,false,,"1CE",false,false,false,true,false,false,true,false,true,true,true,false,false,false,/{ID},/{ID}/e,/1CE/e,,,,"01IUZ0000004zxn.ChangeEvent.005UZ00000BrdXxYAJ",CDC,false,ControlledByParent,ControlledByParent,false,false,false,false,,,,,,false,2025-04-14 08:28:34.605 -0700
"000000000000000AAA",PermissionSetGroupComponent,916,PermissionSetGroupComponent,,,,PermissionSetGroupComponent,Permission Set Group Component,Permission Set Group Component,Permission Set Group Components,,false,false,false,false,false,,"0PM",false,false,false,true,false,false,false,true,true,false,true,false,true,false,/{ID},/{ID}/e,/0PM/e,,,,PermissionSetGroupComponent.005UZ00000BrdXxYAJ,System,false,ReadWrite,ReadWrite,false,false,false,false,,,,,,false,2025-04-14 08:28:36.468 -0700
"000000000000000AAA",BrowserPolicyViolation,145,BrowserPolicyViolation,,,,BrowserPolicyViolation,Browser Policy Violation,Browser Policy Violation,Browser Policy Violations,BrowserPolicyViolation.SYSTEM,false,false,false,false,true,,"19y",false,false,false,true,false,false,false,true,true,true,true,false,true,false,/{ID},/{ID}/e,/19y/e,,,,BrowserPolicyViolation.005UZ00000BrdXxYAJ,System,true,ReadWrite,ReadWrite,false,false,false,false,,,,,,false,2025-04-14 08:28:32.461 -0700
"000000000000000AAA",Contract,311,Contract,,,,Contract,Contract,Contract,Contracts,Contract.SYSTEM,true,true,true,true,true,,"800",false,false,true,true,true,true,true,true,true,true,true,false,true,true,/{ID},/{ID}/e,/800/e,,,,Contract.005UZ00000BrdXxYAJ,System,true,ReadWrite,ReadWrite,false,false,false,false,,,,,,false,2025-04-14 08:28:32.697 -0700
"000000000000000AAA",MessagingSessionFeed,1172,MessagingSessionFeed,,,,MessagingSessionFeed,Messaging Session Feed,Messaging Session Feed,Messaging Session Feed,,false,false,false,false,false,,"0D5",false,false,true,true,false,false,false,true,false,false,true,false,true,false,/{ID},/{ID}/e,/0D5/e,,,,MessagingSessionFeed.005UZ00000BrdXxYAJ,System,false,ReadWrite,ReadWrite,false,false,false,false,,,,,,false,2025-04-14 08:28:36.610 -0700
"000000000000000AAA",ForecastingAdjustment,539,ForecastingAdjustment,,,,ForecastingAdjustment,Forecasting Adjustment,Forecasting Adjustment,Forecasting Adjustments,,false,false,false,false,false,,"0G7",false,false,true,true,false,false,false,true,true,true,true,false,true,false,/{ID},/{ID}/e,/0G7/e,,,,ForecastingAdjustment.005UZ00000BrdXxYAJ,System,false,ReadWrite,ReadWrite,false,false,false,false,,,,,,false,2025-04-14 08:28:34.533 -0700
"000000000000000AAA",ContactPointAddress,269,ContactPointAddress,,,,ContactPointAddress,Contact Point Address,Contact Point Address,Contact Point Addresses,ContactPointAddress.SYSTEM,true,true,true,true,true,,"8lW",false,false,true,true,true,true,true,true,true,true,true,false,true,true,/{ID},/{ID}/e,/8lW/e,,,,ContactPointAddress.005UZ00000BrdXxYAJ,System,true,ControlledByParent,ControlledByParent,false,false,false,false,,,,,,false,2025-04-14 08:28:32.669 -0700
"000000000000000AAA",TaskPriority,1330,TaskPriority,,,,TaskPriority,Task Priority Value,Task Priority Value,Task Priority Value,,false,false,false,false,false,,,false,false,false,true,false,false,false,true,false,false,false,false,true,false,/{ID},/{ID}/e,/null/e,,,,TaskPriority.005UZ00000BrdXxYAJ,System,false,ReadWrite,ReadWrite,false,false,false,false,,,,,,false,2025-04-14 08:28:37.977 -0700
"000000000000000AAA",SurveyVersion,1315,SurveyVersion,,,,SurveyVersion,Survey Version,Survey Version,Survey Versions,SurveyVersion.SYSTEM,false,true,true,true,true,,"0Ks",false,false,true,true,true,true,true,true,false,false,false,false,true,true,/{ID},/{ID}/e,/0Ks/e,,,,SurveyVersion.005UZ00000BrdXxYAJ,System,true,ControlledByParent,ControlledByParent,false,false,false,false,,,,,,false,2025-04-14 08:28:37.972 -0700
"000000000000000AAA",DecisionTable,416,DecisionTable,,,,DecisionTable,Decision Table,Decision Table,Decision Tables,,false,false,false,false,false,,"0lD",false,false,false,true,false,false,false,true,true,true,true,false,true,false,/{ID},/{ID}/e,/0lD/e,,,,DecisionTable.005UZ00000BrdXxYAJ,System,false,ReadWrite,ReadWrite,false,false,false,false,,,,,,false,2025-04-14 08:28:34.336 -0700
"000000000000000AAA",UserServicePresence,1406,UserServicePresence,,,,UserServicePresence,User Presence,User Presence,User Presences,,true,true,true,true,false,,"0R1",false,false,true,true,false,false,true,true,true,true,true,false,true,false,/{ID},/{ID}/e,/0R1/e,,,,UserServicePresence.005UZ00000BrdXxYAJ,System,false,Read,Read,false,false,false,false,,,,,,false,2025-04-14 08:28:37.999 -0700
"000000000000000AAA",MktMLModelShare,961,MktMLModelShare,,,,MktMLModelShare,Model Share,Model Share,Model Share,,false,false,false,false,false,,"02c",false,false,false,true,false,false,false,true,true,true,true,false,true,false,/{ID},/{ID}/e,/02c/e,,,,MktMLModelShare.005UZ00000BrdXxYAJ,System,false,Private,Private,false,false,false,false,,,,,,false,2025-04-14 08:28:36.540 -0700
"000000000000000AAA",IdRsolStatusEvent,628,IdRsolStatusEvent,,,,IdRsolStatusEvent,Identity Resolution Status Event,Identity Resolution Status Event,Identity Resolution Status Events,,false,true,false,false,false,,"1e6",false,false,false,false,false,false,true,false,true,false,false,false,false,false,/{ID},/{ID}/e,/1e6/e,,,,IdRsolStatusEvent.005UZ00000BrdXxYAJ,Conduit,false,ReadWrite,ReadWrite,false,false,false,false,,,,,,false,2025-04-14 08:28:34.763 -0700
"000000000000000AAA",Publisher,1139,Publisher,,,,Publisher,Publisher,Publisher,Publishers,,false,false,false,false,false,,"4pb",false,false,false,false,false,false,false,false,true,true,true,false,true,false,/{ID},/{ID}/e,/4pb/e,,,,Publisher.005UZ00000BrdXxYAJ,MetadataCatalog,false,ReadWrite,ReadWrite,false,false,false,false,,,,,,false,2025-04-14 08:28:36.607 -0700
"000000000000000AAA",MatchingRuleItem,800,MatchingRuleItem,,,,MatchingRuleItem,Matching Rule Item,Matching Rule Item,Matching Rule Items,,false,false,false,false,false,,"0JE",false,false,false,true,false,false,false,true,false,false,false,false,true,false,/{ID},/{ID}/e,/0JE/e,,,,MatchingRuleItem.005UZ00000BrdXxYAJ,System,false,ReadWrite,ReadWrite,false,false,false,false,,,,,,false,2025-04-14 08:28:34.929 -0700
"000000000000000AAA",ConvDefSessionMetric,323,ConvDefSessionMetric,,,,ConvDefSessionMetric,Conversation Definition Session Metric,Conversation Definition Session Metric,Conversation Definition Session Metrics,,false,false,false,false,false,,"0f5",false,false,false,true,false,false,false,true,true,true,true,false,true,false,/{ID},/{ID}/e,/0f5/e,,,,ConvDefSessionMetric.005UZ00000BrdXxYAJ,System,false,ReadWrite,ReadWrite,false,false,false,false,,,,,,false,2025-04-14 08:28:32.722 -0700
"000000000000000AAA",SearchIndexJobStatusEvent,1229,SearchIndexJobStatusEvent,,,,SearchIndexJobStatusEvent,Search Index Job Changed Event,Search Index Job Changed Event,Search Index Job Changed Event,,false,true,false,false,false,,"1BG",false,false,false,false,false,false,true,false,true,false,false,false,false,false,/{ID},/{ID}/e,/1BG/e,,,,SearchIndexJobStatusEvent.005UZ00000BrdXxYAJ,Conduit,false,ReadWrite,ReadWrite,false,false,false,false,,,,,,false,2025-04-14 08:28:37.934 -0700
"000000000000000AAA",AuthorizationFormDataUse,106,AuthorizationFormDataUse,,,,AuthorizationFormDataUse,Authorization Form Data Use,Authorization Form Data Use,Authorization Form Data Uses,AuthorizationFormDataUse.SYSTEM,true,true,true,true,true,,"0cM",false,false,true,true,true,true,true,true,true,true,true,false,true,true,/{ID},/{ID}/e,/0cM/e,,,,AuthorizationFormDataUse.005UZ00000BrdXxYAJ,System,true,Private,Private,false,false,false,false,,,,,,false,2025-04-14 08:28:32.419 -0700
"000000000000000AAA",FlowOrchestrationStageInstance,527,FlowOrchestrationStageInstance,,,,FlowOrchestrationStageInstance,Orchestration Stage Run,Orchestration Stage Run,Orchestration Stage Runs,FlowOrchestrationStageInstance.SYSTEM,true,false,false,false,true,,"0jF",false,false,true,true,false,false,false,true,true,true,true,false,true,false,/{ID},/{ID}/e,/0jF/e,,,,FlowOrchestrationStageInstance.005UZ00000BrdXxYAJ,System,true,Private,Private,false,false,false,false,,,,,,false,2025-04-14 08:28:34.532 -0700
"000000000000000AAA",SBQQ__PricingGuidance__ChangeEvent,1118,"01I1L0000032yvr.ChangeEvent",,,SBQQ,PricingGuidance__ChangeEvent,Change Event: Pricing Guidance,Change Event: Pricing Guidance,Change Event: Pricing Guidance,,false,true,false,false,false,,"1CE",false,false,false,true,false,false,true,false,true,true,true,false,false,false,/{ID},/{ID}/e,/1CE/e,,,,"01I1L0000032yvr.ChangeEvent.005UZ00000BrdXxYAJ",CDC,false,ReadWrite,ReadWrite,false,false,false,false,,,,,,false,2025-04-14 08:28:36.606 -0700
"000000000000000AAA",Gong__Related_Account__ChangeEvent,590,"01IUZ0000004zxu.ChangeEvent",,,Gong,Related_Account__ChangeEvent,Change Event: Gong Related Accounts,Change Event: Gong Related Accounts,Change Event: Gong Related Accounts,,false,true,false,false,false,,"1CE",false,false,false,true,false,false,true,false,true,true,true,false,false,false,/{ID},/{ID}/e,/1CE/e,,,,"01IUZ0000004zxu.ChangeEvent.005UZ00000BrdXxYAJ",CDC,false,ControlledByParent,ControlledByParent,false,false,false,false,,,,,,false,2025-04-14 08:28:34.606 -0700
"000000000000000AAA",SolutionHistory,1279,SolutionHistory,,,,SolutionHistory,Solution History,Solution History,Solution History,,false,false,false,false,false,,"017",false,false,true,true,false,false,false,true,true,false,true,false,true,false,/{ID},/{ID}/e,/017/e,,,,SolutionHistory.005UZ00000BrdXxYAJ,System,false,ReadWrite,ReadWrite,false,false,false,false,,,,,,false,2025-04-14 08:28:37.959 -0700
"000000000000000AAA",dstore__Grocery_Store_Review__Share,1534,"01I1L000002yl0k.Share",,,dstore,Grocery_Store_Review__Share,Share: Grocery Store Review (Example),Share: Grocery Store Review (Example),Share: Grocery Store Review (Example),,false,false,false,false,false,,"02c",false,false,false,true,false,false,false,true,true,true,true,false,true,false,/{ID},/{ID}/e,/02c/e,,,,"01I1L000002yl0k.Share.005UZ00000BrdXxYAJ",System,false,ReadWrite,Private,false,false,false,false,,,,,,false,2025-04-14 08:28:38.032 -0700
"000000000000000AAA",ApexClass,47,ApexClass,,,,ApexClass,Apex Class,Apex Class,Apex Classes,,false,false,false,false,false,,"01p",false,false,true,true,false,true,false,true,true,true,true,false,true,true,/{ID},/{ID}/e,/01p/e,,,,ApexClass.005UZ00000BrdXxYAJ,System,true,ReadWrite,ReadWrite,false,false,false,false,,,,,,false,2025-04-14 08:28:32.361 -0700
"000000000000000AAA",MlIntentUtterance,1135,MlIntentUtterance,,,,MlIntentUtterance,Intent Utterance,Intent Utterance,Intent Utterances,,false,false,false,false,false,,"1M4",false,false,false,true,false,false,false,true,true,true,true,false,true,false,/{ID},/{ID}/e,/1M4/e,,,,MlIntentUtterance.005UZ00000BrdXxYAJ,System,false,ReadWrite,ReadWrite,false,false,false,false,,,,,,false,2025-04-14 08:28:36.607 -0700
"000000000000000AAA",ChatterActivity,214,ChatterActivity,,,,ChatterActivity,Chatter Activity,Chatter Activity,Chatter Activity,,false,true,true,false,false,,"0ca",false,false,true,true,false,false,true,true,false,false,false,false,true,false,/{ID},/{ID}/e,/0ca/e,,,,ChatterActivity.005UZ00000BrdXxYAJ,System,false,ReadWrite,ReadWrite,false,false,false,false,,,,,,false,2025-04-14 08:28:32.504 -0700
"000000000000000AAA",ServiceResourceSkillChangeEvent,1249,ServiceResourceSkillChangeEvent,,,,ServiceResourceSkillChangeEvent,Service Resource Skill Change Event,Service Resource Skill Change Event,Service Resource Skill Change Event,,false,true,false,false,false,,"1CE",false,false,false,true,false,false,true,false,true,true,true,false,false,false,/{ID},/{ID}/e,/1CE/e,,,,ServiceResourceSkillChangeEvent.005UZ00000BrdXxYAJ,CDC,false,ControlledByParent,ControlledByParent,false,false,false,false,,,,,,false,2025-04-14 08:28:37.942 -0700
"000000000000000AAA",UnifiedVoiceCall,1370,UnifiedVoiceCall,,,,UnifiedVoiceCall,Unified Voice Call,Unified Voice Call,Unified Voice Calls,,false,false,false,false,false,,"1ak",false,false,false,true,false,false,false,true,true,true,true,false,true,false,/{ID},/{ID}/e,/1ak/e,,,,UnifiedVoiceCall.005UZ00000BrdXxYAJ,System,false,ReadWrite,ReadWrite,false,false,false,false,,,,,,false,2025-04-14 08:28:37.989 -0700
"000000000000000AAA",SetupAuditTrail,1254,SetupAuditTrail,,,,SetupAuditTrail,Setup Audit Trail Entry,Setup Audit Trail Entry,Setup Audit Trail Entries,,false,false,false,false,false,,"0Ym",false,false,false,true,false,false,false,true,false,false,false,false,true,false,/{ID},/{ID}/e,/0Ym/e,,,,SetupAuditTrail.005UZ00000BrdXxYAJ,System,false,ReadWrite,ReadWrite,false,false,false,false,,,,,,false,2025-04-14 08:28:37.951 -0700
"000000000000000AAA",AssetFeed,73,AssetFeed,,,,AssetFeed,Asset Feed,Asset Feed,Asset Feed,,false,false,false,false,false,,"0D5",false,false,true,true,false,false,false,true,false,false,true,false,true,false,/{ID},/{ID}/e,/0D5/e,,,,AssetFeed.005UZ00000BrdXxYAJ,System,false,ReadWrite,ReadWrite,false,false,false,false,,,,,,false,2025-04-14 08:28:32.388 -0700
"000000000000000AAA",StampAssignment,1283,StampAssignment,,,,StampAssignment,Stamp Assignment,Stamp Assignment,Stamp Assignments,,false,false,false,false,false,,"1SA",false,false,false,true,false,false,false,true,true,true,true,false,true,false,/{ID},/{ID}/e,/1SA/e,,,,StampAssignment.005UZ00000BrdXxYAJ,System,false,ReadWrite,ReadWrite,false,false,false,false,,,,,,false,2025-04-14 08:28:37.959 -0700
"000000000000000AAA",EngagementChannelTypeChangeEvent,451,EngagementChannelTypeChangeEvent,,,,EngagementChannelTypeChangeEvent,Engagement Channel Type Change Event,Engagement Channel Type Change Event,Engagement Channel Type Change Event,,false,true,false,false,false,,"1CE",false,false,false,true,false,false,true,false,true,true,true,false,false,false,/{ID},/{ID}/e,/1CE/e,,,,EngagementChannelTypeChangeEvent.005UZ00000BrdXxYAJ,CDC,false,Private,Private,false,false,false,false,,,,,,false,2025-04-14 08:28:34.396 -0700
"000000000000000AAA",LCOM_License__History,688,"01IUZ000000NrQF.History",,,,LCOM_License__History,History: LCOM License,History: LCOM License,History: LCOM License,,false,false,false,false,false,,"017",false,false,true,true,false,false,false,true,true,false,true,false,true,false,/{ID},/{ID}/e,/017/e,,,,"01IUZ000000NrQF.History.005UZ00000BrdXxYAJ",System,false,ControlledByParent,ControlledByParent,false,false,false,false,,,,,,false,2025-04-14 08:28:34.848 -0700
"000000000000000AAA",CampaignMemberStatusChangeEvent,175,CampaignMemberStatusChangeEvent,,,,CampaignMemberStatusChangeEvent,Campaign Member Status Change Event,Campaign Member Status Change Event,Campaign Member Status Change Event,,false,true,false,false,false,,"1CE",false,false,false,true,false,false,true,false,true,true,true,false,false,false,/{ID},/{ID}/e,/1CE/e,,,,CampaignMemberStatusChangeEvent.005UZ00000BrdXxYAJ,CDC,false,FullAccess,FullAccess,false,false,false,false,,,,,,false,2025-04-14 08:28:32.476 -0700
"000000000000000AAA",agileed__Course_Classification__ChangeEvent,1490,"01I8X0000018SqA.ChangeEvent",,,agileed,Course_Classification__ChangeEvent,Change Event: Course Classification,Change Event: Course Classification,Change Event: Course Classification,,false,true,false,false,false,,"1CE",false,false,false,true,false,false,true,false,true,true,true,false,false,false,/{ID},/{ID}/e,/1CE/e,,,,"01I8X0000018SqA.ChangeEvent.005UZ00000BrdXxYAJ",CDC,false,ControlledByParent,ControlledByParent,false,false,false,false,,,,,,false,2025-04-14 08:28:38.016 -0700
"000000000000000AAA",snr__sr_KB_Global_Search_And_Replace__ChangeEvent,1549,"01IUZ000000GKHJ.ChangeEvent",,,snr,sr_KB_Global_Search_And_Replace__ChangeEvent,Change Event: Lightning KB Global Search And Replace,Change Event: Lightning KB Global Search And Replace,Change Event: Lightning KB Global Search And Replace,,false,true,false,false,false,,"1CE",false,false,false,true,false,false,true,false,true,true,true,false,false,false,/{ID},/{ID}/e,/1CE/e,,,,"01IUZ000000GKHJ.ChangeEvent.005UZ00000BrdXxYAJ",CDC,false,ReadWrite,Private,false,false,false,false,,,,,,false,2025-04-14 08:28:38.040 -0700
"000000000000000AAA",ApprovalSubmissionDetail,66,ApprovalSubmissionDetail,,,,ApprovalSubmissionDetail,Approval Submission Detail,Approval Submission Detail,Approval Submission Details,ApprovalSubmissionDetail.SYSTEM,true,true,true,true,true,,"1XE",false,false,true,true,false,false,true,true,true,true,true,false,true,false,/{ID},/{ID}/e,/1XE/e,,,,ApprovalSubmissionDetail.005UZ00000BrdXxYAJ,System,true,ControlledByParent,ControlledByParent,false,false,false,false,,,,,,false,2025-04-14 08:28:32.388 -0700
"000000000000000AAA",LiveAgentSessionHistory,751,LiveAgentSessionHistory,,,,LiveAgentSessionHistory,Chat Session History,Chat Session History,Chat Session History,,false,false,false,false,false,,"017",false,false,true,true,false,false,false,true,true,false,true,false,true,false,/{ID},/{ID}/e,/017/e,,,,LiveAgentSessionHistory.005UZ00000BrdXxYAJ,System,false,Private,Private,false,false,false,false,,,,,,false,2025-04-14 08:28:34.927 -0700
"000000000000000AAA",ContractFeed,314,ContractFeed,,,,ContractFeed,Contract Feed,Contract Feed,Contract Feed,,false,false,false,false,false,,"0D5",false,false,true,true,false,false,false,true,false,false,true,false,true,false,/{ID},/{ID}/e,/0D5/e,,,,ContractFeed.005UZ00000BrdXxYAJ,System,false,ReadWrite,ReadWrite,false,false,false,false,,,,,,false,2025-04-14 08:28:32.722 -0700
"000000000000000AAA",SBQQ__QuoteTerm__c,803,"01I41000002c7iY",2024-10-12 01:17:42.000 -0700,"00541000003NPmqAAG",SBQQ,QuoteTerm,Quote Term,Quote Term,Quote Terms,SBQQ__QuoteTerm__c.SYSTEM,true,true,true,true,true,Deployed,a0u,false,false,true,true,true,true,true,true,true,true,true,false,true,true,/{ID},/{ID}/e,/a0u/e,/01I41000002c7iY/e,Quote Term Help,/06641000007WPEm,"01I41000002c7iY.005UZ00000BrdXxYAJ",SBQQ,true,ReadWrite,ReadWrite,false,false,false,false,,,,,,false,2025-04-14 08:28:36.330 -0700
"000000000000000AAA",MktDataTransformShare,1105,MktDataTransformShare,,,,MktDataTransformShare,Data Transform Share,Data Transform Share,Data Transform Share,,false,false,false,false,false,,"02c",false,false,false,true,false,false,false,true,true,true,true,false,true,false,/{ID},/{ID}/e,/02c/e,,,,MktDataTransformShare.005UZ00000BrdXxYAJ,System,false,Private,Private,false,false,false,false,,,,,,false,2025-04-14 08:28:36.606 -0700
"000000000000000AAA",IS2_TGH__ISPHStageList__Share,621,"01I1L000002ykdz.Share",,,IS2_TGH,ISPHStageList__Share,Share: ISPHStageList,Share: ISPHStageList,Share: ISPHStageList,,false,false,false,false,false,,"02c",false,false,false,true,false,false,false,true,true,true,true,false,true,false,/{ID},/{ID}/e,/02c/e,,,,"01I1L000002ykdz.Share.005UZ00000BrdXxYAJ",System,false,ReadWrite,Private,false,false,false,false,,,,,,false,2025-04-14 08:28:34.763 -0700
"000000000000000AAA",CaseSolution,191,CaseSolution,,,,CaseSolution,Case Solution,Case Solution,Case Solution,,false,false,false,false,false,,"010",false,false,true,true,false,false,false,true,true,false,true,false,true,false,/{ID},/{ID}/e,/010/e,,,,CaseSolution.005UZ00000BrdXxYAJ,System,false,ReadWrite,ReadWrite,false,false,false,false,,,,,,false,2025-04-14 08:28:32.478 -0700
"000000000000000AAA",NetworkMemberGroup,986,NetworkMemberGroup,,,,NetworkMemberGroup,Network Member Group,Network Member Group,Network Member Group,,false,false,false,false,false,,"0DL",false,false,false,true,false,false,false,true,true,true,false,false,true,false,/{ID},/{ID}/e,/0DL/e,,,,NetworkMemberGroup.005UZ00000BrdXxYAJ,System,false,ReadWrite,ReadWrite,false,false,false,false,,,,,,false,2025-04-14 08:28:36.576 -0700
"000000000000000AAA",WorkStep,1459,WorkStep,,,,WorkStep,Work Step,Work Step,Work Steps,WorkStep.SYSTEM,true,true,true,true,true,,"0hF",false,false,true,true,true,true,true,true,true,true,true,false,true,true,/{ID},/{ID}/e,/0hF/e,,,,WorkStep.005UZ00000BrdXxYAJ,System,true,ControlledByParent,ControlledByParent,false,false,false,false,,,,,,false,2025-04-14 08:28:38.006 -0700
"000000000000000AAA",Meetings__History,1110,"01I1L0000032yNo.History",,,,Meetings__History,History: Meeting,History: Meeting,History: Meeting,,false,false,false,false,false,,"017",false,false,true,true,false,false,false,true,true,false,true,false,true,false,/{ID},/{ID}/e,/017/e,,,,"01I1L0000032yNo.History.005UZ00000BrdXxYAJ",System,false,ReadWrite,ReadWrite,false,false,false,false,,,,,,false,2025-04-14 08:28:36.606 -0700
"000000000000000AAA",LiveChatDeployment,757,LiveChatDeployment,,,,LiveChatDeployment,Chat Deployment,Chat Deployment,Chat Deployments,,false,false,false,false,false,,"572",false,false,false,true,false,false,false,true,true,true,false,false,true,false,/{ID},/{ID}/e,/572/e,,,,LiveChatDeployment.005UZ00000BrdXxYAJ,System,false,ReadWrite,ReadWrite,false,false,false,false,,,,,,false,2025-04-14 08:28:34.927 -0700
"000000000000000AAA",SBQQ__TemplateContent__ChangeEvent,918,"01I41000002c7ik.ChangeEvent",,,SBQQ,TemplateContent__ChangeEvent,Change Event: Template Content,Change Event: Template Content,Change Event: Template Content,,false,true,false,false,false,,"1CE",false,false,false,true,false,false,true,false,true,true,true,false,false,false,/{ID},/{ID}/e,/1CE/e,,,,"01I41000002c7ik.ChangeEvent.005UZ00000BrdXxYAJ",CDC,false,ReadWrite,ReadWrite,false,false,false,false,,,,,,false,2025-04-14 08:28:36.468 -0700
"000000000000000AAA",SBQQ__Localization__ChangeEvent,1178,"01I41000002c7iC.ChangeEvent",,,SBQQ,Localization__ChangeEvent,Change Event: Localization,Change Event: Localization,Change Event: Localization,,false,true,false,false,false,,"1CE",false,false,false,true,false,false,true,false,true,true,true,false,false,false,/{ID},/{ID}/e,/1CE/e,,,,"01I41000002c7iC.ChangeEvent.005UZ00000BrdXxYAJ",CDC,false,ReadWrite,ReadWrite,false,false,false,false,,,,,,false,2025-04-14 08:28:36.617 -0700
"000000000000000AAA",EmbeddedServiceDetail,448,EmbeddedServiceDetail,,,,EmbeddedServiceDetail,Embedded Service,Embedded Service,Embedded Services,,false,false,false,false,false,,"0Lq",false,false,false,false,false,false,false,false,true,true,true,false,true,false,/{ID},/{ID}/e,/0Lq/e,,,,EmbeddedServiceDetail.005UZ00000BrdXxYAJ,System,false,ReadWrite,ReadWrite,false,false,false,false,,,,,,false,2025-04-14 08:28:34.395 -0700
"000000000000000AAA",Learning_com_Sales__c,730,"01I41000002ygra",2017-09-11 09:36:22.000 -0700,"00541000003jYZXAA2",,Learning_com_Sales,Learning.com Sales,Learning.com Sales,Learning.com Sales,Learning_com_Sales__c.SYSTEM,true,true,true,true,true,Deployed,a1F,false,false,true,true,true,true,true,true,true,true,true,true,true,false,/{ID},/{ID}/e,/a1F/e,/01I41000002ygra/e,,,"01I41000002ygra.005UZ00000BrdXxYAJ",<local>,true,ReadWrite,ReadWrite,false,false,false,false,,,,,,false,2025-04-14 08:28:34.866 -0700
"000000000000000AAA",LightningUsageByPageMetrics,741,LightningUsageByPageMetrics,,,,LightningUsageByPageMetrics,Lightning Usage By Page Metrics,Lightning Usage By Page Metrics,Lightning Usage By Page Metrics,,false,false,false,false,false,,"0U5",false,false,false,true,false,false,false,true,true,true,true,false,true,false,/{ID},/{ID}/e,/0U5/e,,,,LightningUsageByPageMetrics.005UZ00000BrdXxYAJ,System,false,ReadWrite,ReadWrite,false,false,false,false,,,,,,false,2025-04-14 08:28:34.926 -0700
"000000000000000AAA",CommSubscriptionConsentHistory,239,CommSubscriptionConsentHistory,,,,CommSubscriptionConsentHistory,Communication Subscription Consent  History,Communication Subscription Consent  History,Communication Subscription Consent  History,,false,false,false,false,false,,"017",false,false,true,true,false,false,false,true,true,false,true,false,true,false,/{ID},/{ID}/e,/017/e,,,,CommSubscriptionConsentHistory.005UZ00000BrdXxYAJ,System,false,Private,Private,false,false,false,false,,,,,,false,2025-04-14 08:28:32.617 -0700
"000000000000000AAA",MktMLModel,1113,MktMLModel,,,,MktMLModel,Model,Model,Models,MktMLModel.SYSTEM,false,true,true,true,true,,"0wn",false,false,true,true,true,true,true,true,true,true,true,true,true,true,/{ID},/{ID}/e,/0wn/e,,,,MktMLModel.005UZ00000BrdXxYAJ,System,true,Private,Private,false,false,false,false,,,,,,false,2025-04-14 08:28:36.606 -0700
"000000000000000AAA",IS_REQUEST_FORM__History,624,"01I1L000002qRTm.History",,,,IS_REQUEST_FORM__History,History: IS Request Form,History: IS Request Form,History: IS Request Form,,false,false,false,false,false,,"017",false,false,true,true,false,false,false,true,true,false,true,false,true,false,/{ID},/{ID}/e,/017/e,,,,"01I1L000002qRTm.History.005UZ00000BrdXxYAJ",System,false,ReadWrite,Private,false,false,false,false,,,,,,false,2025-04-14 08:28:34.763 -0700
"000000000000000AAA",DuplicateJobMatchingRule,433,DuplicateJobMatchingRule,,,,DuplicateJobMatchingRule,Duplicate Job Matching Rule,Duplicate Job Matching Rule,Duplicate Job Matching Rules,,false,false,false,false,false,,"0PC",false,false,true,true,false,false,false,true,false,false,false,false,true,false,/{ID},/{ID}/e,/0PC/e,,,,DuplicateJobMatchingRule.005UZ00000BrdXxYAJ,System,false,ControlledByParent,ControlledByParent,false,false,false,false,,,,,,false,2025-04-14 08:28:34.342 -0700
"000000000000000AAA",SBQQ__FieldSetMetadata__c,871,"01I1L000002ylMM",2024-10-12 01:17:42.000 -0700,"00541000003NPmqAAG",SBQQ,FieldSetMetadata,FieldSet Metadata,FieldSet Metadata,FieldSets Metadata,SBQQ__FieldSetMetadata__c.SYSTEM,true,true,true,true,true,Deployed,a1b,false,false,true,true,true,true,true,true,true,true,true,false,true,true,/{ID},/{ID}/e,/a1b/e,/01I1L000002ylMM/e,,,"01I1L000002ylMM.005UZ00000BrdXxYAJ",SBQQ,true,ReadWrite,Private,false,false,false,false,,,,,,false,2025-04-14 08:28:36.388 -0700
"000000000000000AAA",EventFeed,474,EventFeed,,,,EventFeed,Event Feed,Event Feed,Event Feed,,false,false,false,false,false,,"0D5",false,false,true,true,false,false,false,true,false,false,true,false,true,false,/{ID},/{ID}/e,/0D5/e,,,,EventFeed.005UZ00000BrdXxYAJ,System,false,ControlledByParent,ControlledByParent,false,false,false,false,,,,,,false,2025-04-14 08:28:34.403 -0700
"000000000000000AAA",NamedCredential,1167,NamedCredential,,,,NamedCredential,Named Credential,Named Credential,Named Credentials,,false,false,false,false,false,,"0XA",false,false,false,true,false,false,false,true,true,true,true,false,true,true,/{ID},/{ID}/e,/0XA/e,,,,NamedCredential.005UZ00000BrdXxYAJ,System,false,ReadWrite,ReadWrite,false,false,false,false,,,,,,false,2025-04-14 08:28:36.610 -0700
"000000000000000AAA",Sales_Rep__ChangeEvent,1213,"01I410000034byy.ChangeEvent",,,,Sales_Rep__ChangeEvent,Change Event: Sales Rep,Change Event: Sales Rep,Change Event: Sales Rep,,false,true,false,false,false,,"1CE",false,false,false,true,false,false,true,false,true,true,true,false,false,false,/{ID},/{ID}/e,/1CE/e,,,,"01I410000034byy.ChangeEvent.005UZ00000BrdXxYAJ",CDC,false,ReadWrite,ReadWrite,false,false,false,false,,,,,,false,2025-04-14 08:28:37.932 -0700
"000000000000000AAA",SurveyEngagementContext,1295,SurveyEngagementContext,,,,SurveyEngagementContext,Survey Engagement Context,Survey Engagement Context,Survey Engagement Context,,false,true,false,false,false,,"0iK",false,false,true,true,false,false,true,true,true,true,true,false,true,false,/{ID},/{ID}/e,/0iK/e,,,,SurveyEngagementContext.005UZ00000BrdXxYAJ,System,false,Private,Private,false,false,false,false,,,,,,false,2025-04-14 08:28:37.971 -0700
"000000000000000AAA",DataActionHistory,352,DataActionHistory,,,,DataActionHistory,Data Action History,Data Action History,Data Action History,,false,false,false,false,false,,"017",false,false,true,true,false,false,false,true,true,false,true,false,true,false,/{ID},/{ID}/e,/017/e,,,,DataActionHistory.005UZ00000BrdXxYAJ,System,false,ReadWrite,ReadWrite,false,false,false,false,,,,,,false,2025-04-14 08:28:32.877 -0700
"000000000000000AAA",EntitlementFeed,462,EntitlementFeed,,,,EntitlementFeed,Entitlement Feed,Entitlement Feed,Entitlement Feed,,false,false,false,false,false,,"0D5",false,false,true,true,false,false,false,true,false,false,true,false,true,false,/{ID},/{ID}/e,/0D5/e,,,,EntitlementFeed.005UZ00000BrdXxYAJ,System,false,ControlledByParent,ControlledByParent,false,false,false,false,,,,,,false,2025-04-14 08:28:34.397 -0700
"000000000000000AAA",Product2Feed,910,Product2Feed,,,,Product2Feed,Product Feed,Product Feed,Product Feed,,false,false,false,false,false,,"0D5",false,false,true,true,false,false,false,true,false,false,true,false,true,false,/{ID},/{ID}/e,/0D5/e,,,,Product2Feed.005UZ00000BrdXxYAJ,System,false,ReadWrite,ReadWrite,false,false,false,false,,,,,,false,2025-04-14 08:28:36.436 -0700
"000000000000000AAA",LinkedArticle,742,LinkedArticle,,,,LinkedArticle,Linked Article,Linked Article,Linked Articles,LinkedArticle.SYSTEM,true,true,true,false,true,,"1WK",false,false,true,true,false,false,true,true,true,true,true,false,true,false,/{ID},/{ID}/e,/1WK/e,,,,LinkedArticle.005UZ00000BrdXxYAJ,System,true,ReadWrite,ReadWrite,false,false,false,false,,,,,,false,2025-04-14 08:28:34.926 -0700
"000000000000000AAA",SBQQ__ProductAttribute__ChangeEvent,1042,"01I41000002c7iP.ChangeEvent",,,SBQQ,ProductAttribute__ChangeEvent,Change Event: Attribute Item,Change Event: Attribute Item,Change Event: Attribute Item,,false,true,false,false,false,,"1CE",false,false,false,true,false,false,true,false,true,true,true,false,false,false,/{ID},/{ID}/e,/1CE/e,,,,"01I41000002c7iP.ChangeEvent.005UZ00000BrdXxYAJ",CDC,false,ControlledByParent,ControlledByParent,false,false,false,false,,,,,,false,2025-04-14 08:28:36.603 -0700
"000000000000000AAA",ChangeRequestRelatedItemHistory,212,ChangeRequestRelatedItemHistory,,,,ChangeRequestRelatedItemHistory,Change Request Related Item History,Change Request Related Item History,Change Request Related Item History,,false,false,false,false,false,,"017",false,false,true,true,false,false,false,true,true,false,true,false,true,false,/{ID},/{ID}/e,/017/e,,,,ChangeRequestRelatedItemHistory.005UZ00000BrdXxYAJ,System,false,ControlledByParent,ControlledByParent,false,false,false,false,,,,,,false,2025-04-14 08:28:32.504 -0700
"000000000000000AAA",SBQQ__ContractedPrice__History,1163,"01I41000002c7hr.History",,,SBQQ,ContractedPrice__History,History: Contracted Price,History: Contracted Price,History: Contracted Price,,false,false,false,false,false,,"017",false,false,true,true,false,false,false,true,true,false,true,false,true,false,/{ID},/{ID}/e,/017/e,,,,"01I41000002c7hr.History.005UZ00000BrdXxYAJ",System,false,ControlledByParent,ControlledByParent,false,false,false,false,,,,,,false,2025-04-14 08:28:36.610 -0700
"000000000000000AAA",X2020_Renewal_Pipeline_Snapshot__Share,1474,"01I1L000002ua9z.Share",,,,X2020_Renewal_Pipeline_Snapshot__Share,Share: 2020 Renewal Pipeline Snapshot,Share: 2020 Renewal Pipeline Snapshot,Share: 2020 Renewal Pipeline Snapshot,,false,false,false,false,false,,"02c",false,false,false,true,false,false,false,true,true,true,true,false,true,false,/{ID},/{ID}/e,/02c/e,,,,"01I1L000002ua9z.Share.005UZ00000BrdXxYAJ",System,false,ReadWrite,Private,false,false,false,false,,,,,,false,2025-04-14 08:28:38.015 -0700
"000000000000000AAA",SurveyVersionChangeEvent,1317,SurveyVersionChangeEvent,,,,SurveyVersionChangeEvent,Survey Version Change Event,Survey Version Change Event,Survey Version Change Event,,false,true,false,false,false,,"1CE",false,false,false,true,false,false,true,false,true,true,true,false,false,false,/{ID},/{ID}/e,/1CE/e,,,,SurveyVersionChangeEvent.005UZ00000BrdXxYAJ,CDC,false,ControlledByParent,ControlledByParent,false,false,false,false,,,,,,false,2025-04-14 08:28:37.972 -0700
"000000000000000AAA",MessagingChannel,1021,MessagingChannel,,,,MessagingChannel,Messaging Channel,Messaging Channel,Is Unified Messaging Enabled,MessagingChannel.SYSTEM,false,false,false,false,true,,"0Mj",false,false,false,true,true,true,false,true,true,true,false,false,true,true,/{ID},/{ID}/e,/0Mj/e,,,,MessagingChannel.005UZ00000BrdXxYAJ,System,true,ReadWrite,ReadWrite,false,false,false,false,,,,,,false,2025-04-14 08:28:36.602 -0700
"000000000000000AAA",MacroShare,788,MacroShare,,,,MacroShare,Macro Share,Macro Share,Macro Share,,false,false,false,false,false,,"02c",false,false,false,true,false,false,false,true,true,true,true,false,true,false,/{ID},/{ID}/e,/02c/e,,,,MacroShare.005UZ00000BrdXxYAJ,System,false,Private,Private,false,false,false,false,,,,,,false,2025-04-14 08:28:34.929 -0700
"000000000000000AAA",ChatterExtensionLocalization,217,ChatterExtensionLocalization,,,,ChatterExtensionLocalization,Translation,Translation,Translation,,false,false,false,false,false,,"01j",false,false,true,true,false,false,false,true,true,true,true,false,true,false,/{ID},/{ID}/e,/01j/e,,,,ChatterExtensionLocalization.005UZ00000BrdXxYAJ,System,false,ReadWrite,ReadWrite,false,false,false,false,,,,,,false,2025-04-14 08:28:32.505 -0700
"000000000000000AAA",Gong__Related_Opportunity__c,601,"01IUZ0000004zxx",2025-02-10 14:23:43.000 -0800,"005UZ00000B4tsPYAR",Gong,Related_Opportunity,Gong Related Opportunities,Gong Related Opportunities,Gong Related Opportunities,Gong__Related_Opportunity__c.SYSTEM,true,true,true,true,true,Deployed,a2w,false,false,true,true,true,true,true,true,true,true,true,false,true,false,/{ID},/{ID}/e,/a2w/e,/01IUZ0000004zxx/e,,,"01IUZ0000004zxx.005UZ00000BrdXxYAJ",Gong,true,ControlledByParent,ControlledByParent,false,false,false,false,,,,,,false,2025-04-14 08:28:34.607 -0700
"000000000000000AAA",FlowOrchestrationWorkItemShare,532,FlowOrchestrationWorkItemShare,,,,FlowOrchestrationWorkItemShare,Orchestration Work Item Share,Orchestration Work Item Share,Orchestration Work Item Share,,false,false,false,false,false,,"02c",false,false,false,true,false,false,false,true,true,true,true,false,true,false,/{ID},/{ID}/e,/02c/e,,,,FlowOrchestrationWorkItemShare.005UZ00000BrdXxYAJ,System,false,Private,Private,false,false,false,false,,,,,,false,2025-04-14 08:28:34.533 -0700
"000000000000000AAA",FormulaFunctionCategory,563,FormulaFunctionCategory,,,,FormulaFunctionCategory,Formula Function Category,Formula Function Category,Formula Function Categories,,false,false,false,false,false,,"0Kh",false,false,false,false,false,false,false,false,true,true,true,false,true,false,/{ID},/{ID}/e,/0Kh/e,,,,FormulaFunctionCategory.005UZ00000BrdXxYAJ,System,false,ReadWrite,ReadWrite,false,false,false,false,,,,,,false,2025-04-14 08:28:34.534 -0700
"000000000000000AAA",QuoteLineItem,1168,QuoteLineItem,,,,QuoteLineItem,Quote Line Item,Quote Line Item,Quote Line Items,QuoteLineItem.SYSTEM,true,true,true,false,true,,"0QL",false,false,true,true,false,false,true,true,true,true,true,false,true,true,/{ID},/{ID}/e,/0QL/e,,,,QuoteLineItem.005UZ00000BrdXxYAJ,System,true,ControlledByParent,ControlledByParent,false,false,false,false,,,,,,false,2025-04-14 08:28:36.610 -0700
"000000000000000AAA",BusinessBrand,146,BusinessBrand,,,,BusinessBrand,Business Brand,Business Brand,Business Brands,BusinessBrand.SYSTEM,true,true,true,true,true,,"1BU",false,false,true,true,true,true,true,true,true,true,true,false,true,true,/{ID},/{ID}/e,/1BU/e,,,,BusinessBrand.005UZ00000BrdXxYAJ,System,true,ReadWrite,Private,false,false,false,false,,,,,,false,2025-04-14 08:28:32.461 -0700
"000000000000000AAA",Event,471,Event,,,,Event,Event,Event,Events,Event.SYSTEM,true,true,true,false,true,,"00U",false,false,true,true,true,true,true,true,true,true,true,true,true,true,/{ID},/{ID}/e,/00U/e,,,,Event.005UZ00000BrdXxYAJ,System,true,ControlledByParent,ControlledByParent,false,false,false,false,,,,,,false,2025-04-14 08:28:34.403 -0700
"000000000000000AAA",SwarmFeed,1319,SwarmFeed,,,,SwarmFeed,Swarm Feed,Swarm Feed,Swarm Feed,,false,false,false,false,false,,"0D5",false,false,true,true,false,false,false,true,false,false,true,false,true,false,/{ID},/{ID}/e,/0D5/e,,,,SwarmFeed.005UZ00000BrdXxYAJ,System,false,ReadWrite,Private,false,false,false,false,,,,,,false,2025-04-14 08:28:37.973 -0700
"000000000000000AAA",FiscalYearSettings,515,FiscalYearSettings,,,,FiscalYearSettings,Fiscal Year Settings,Fiscal Year Settings,Fiscal Year Settings,,false,false,false,false,false,,"022",false,false,true,true,false,false,false,true,true,true,true,false,true,false,/{ID},/{ID}/e,/022/e,,,,FiscalYearSettings.005UZ00000BrdXxYAJ,System,false,ReadWrite,ReadWrite,false,false,false,false,,,,,,false,2025-04-14 08:28:34.532 -0700
"000000000000000AAA",Gong__Gong_Call__Share,579,"01IUZ0000004zxp.Share",,,Gong,Gong_Call__Share,Share: Conversation,Share: Conversation,Share: Conversation,,false,false,false,false,false,,"02c",false,false,false,true,false,false,false,true,true,true,true,false,true,false,/{ID},/{ID}/e,/02c/e,,,,"01IUZ0000004zxp.Share.005UZ00000BrdXxYAJ",System,false,ReadWrite,Private,false,false,false,false,,,,,,false,2025-04-14 08:28:34.606 -0700
"000000000000000AAA",ForecastingQuota,554,ForecastingQuota,,,,ForecastingQuota,Forecasting Quota,Forecasting Quota,Forecasting Quotas,,false,false,false,false,false,,"0J9",false,false,true,true,false,false,false,true,true,true,true,false,true,false,/{ID},/{ID}/e,/0J9/e,,,,ForecastingQuota.005UZ00000BrdXxYAJ,System,false,ReadWrite,ReadWrite,false,false,false,false,,,,,,false,2025-04-14 08:28:34.534 -0700
"000000000000000AAA",DecisionTblDatasetParameter,420,DecisionTblDatasetParameter,,,,DecisionTblDatasetParameter,Decision Table Dataset Parameter,Decision Table Dataset Parameter,Decision Table Dataset Parameters,,false,false,false,false,false,,"0lZ",false,false,false,true,false,false,false,true,true,true,true,false,true,false,/{ID},/{ID}/e,/0lZ/e,,,,DecisionTblDatasetParameter.005UZ00000BrdXxYAJ,System,false,ReadWrite,ReadWrite,false,false,false,false,,,,,,false,2025-04-14 08:28:34.336 -0700
"000000000000000AAA",ServiceResourceSkill,1248,ServiceResourceSkill,,,,ServiceResourceSkill,Service Resource Skill,Service Resource Skill,Service Resource Skills,ServiceResourceSkill.SYSTEM,true,true,true,true,true,,"0Hv",false,false,true,true,true,true,true,true,true,true,true,false,true,true,/{ID},/{ID}/e,/0Hv/e,,,,ServiceResourceSkill.005UZ00000BrdXxYAJ,System,true,ControlledByParent,ControlledByParent,false,false,false,false,,,,,,false,2025-04-14 08:28:37.942 -0700
"000000000000000AAA",Gong__Related_Account__History,591,"01IUZ0000004zxu.History",,,Gong,Related_Account__History,History: Gong Related Accounts,History: Gong Related Accounts,History: Gong Related Accounts,,false,false,false,false,false,,"017",false,false,true,true,false,false,false,true,true,false,true,false,true,false,/{ID},/{ID}/e,/017/e,,,,"01IUZ0000004zxu.History.005UZ00000BrdXxYAJ",System,false,ControlledByParent,ControlledByParent,false,false,false,false,,,,,,false,2025-04-14 08:28:34.606 -0700
"000000000000000AAA",OrgEmailAddressSecurity,1129,OrgEmailAddressSecurity,,,,OrgEmailAddressSecurity,Organization Email Address Security,Organization Email Address Security,Organization Email Address Security,,false,false,false,false,false,,"0D3",false,false,true,true,false,false,false,true,true,false,true,false,true,false,/{ID},/{ID}/e,/0D3/e,,,,OrgEmailAddressSecurity.005UZ00000BrdXxYAJ,System,false,ReadWrite,ReadWrite,false,false,false,false,,,,,,false,2025-04-14 08:28:36.607 -0700
"000000000000000AAA",orgtrusthealth__SFInstance__c,1543,"01I8X000002MYQD",2022-04-12 12:39:20.000 -0700,"0058X00000DzpEgQAJ",orgtrusthealth,SFInstance,SFInstance,SFInstance,SFInstances,orgtrusthealth__SFInstance__c.SYSTEM,true,true,true,true,true,Deployed,a2r,false,false,true,true,true,true,true,true,true,true,true,false,true,false,/{ID},/{ID}/e,/a2r/e,/01I8X000002MYQD/e,,,"01I8X000002MYQD.005UZ00000BrdXxYAJ",orgtrusthealth,true,ReadWrite,Private,false,false,false,false,,,,,,false,2025-04-14 08:28:38.040 -0700
"000000000000000AAA",ContractLineItemHistory,319,ContractLineItemHistory,,,,ContractLineItemHistory,Contract Line Item History,Contract Line Item History,Contract Line Item History,,false,false,false,false,false,,"017",false,false,true,true,false,false,false,true,true,false,true,false,true,false,/{ID},/{ID}/e,/017/e,,,,ContractLineItemHistory.005UZ00000BrdXxYAJ,System,false,ControlledByParent,ControlledByParent,false,false,false,false,,,,,,false,2025-04-14 08:28:32.722 -0700
"000000000000000AAA",OwnedContentDocument,1050,OwnedContentDocument,,,,OwnedContentDocument,User Owned File,User Owned File,User Owned File,,false,false,false,false,false,,,false,false,false,false,false,false,false,true,false,false,false,false,false,false,/{ID},/{ID}/e,/null/e,,,,OwnedContentDocument.005UZ00000BrdXxYAJ,System,false,Private,Private,false,false,false,false,,,,,,false,2025-04-14 08:28:36.603 -0700
"000000000000000AAA",Gong__Call_Invitee__c,569,"01IUZ0000004zxm",2025-02-10 14:23:43.000 -0800,"005UZ00000B4tsPYAR",Gong,Call_Invitee,Invitee,Invitee,Invitees,Gong__Call_Invitee__c.SYSTEM,true,true,true,true,true,Deployed,a2d,false,false,true,true,true,true,true,true,true,true,true,false,true,false,/{ID},/{ID}/e,/a2d/e,/01IUZ0000004zxm/e,,,"01IUZ0000004zxm.005UZ00000BrdXxYAJ",Gong,true,ControlledByParent,ControlledByParent,false,false,false,false,,,,,,false,2025-04-14 08:28:34.605 -0700
"000000000000000AAA",SBQQ__ProcessInputValue__ChangeEvent,1026,"01I41000002c7iM.ChangeEvent",,,SBQQ,ProcessInputValue__ChangeEvent,Change Event: Process Input Values,Change Event: Process Input Values,Change Event: Process Input Values,,false,true,false,false,false,,"1CE",false,false,false,true,false,false,true,false,true,true,true,false,false,false,/{ID},/{ID}/e,/1CE/e,,,,"01I41000002c7iM.ChangeEvent.005UZ00000BrdXxYAJ",CDC,false,ReadWrite,ReadWrite,false,false,false,false,,,,,,false,2025-04-14 08:28:36.602 -0700
"000000000000000AAA",OwnerChangeOptionInfo,1143,OwnerChangeOptionInfo,,,,OwnerChangeOptionInfo,Change Owner Option Info,Change Owner Option Info,Change Owner Options Info,,false,false,false,false,false,,"0Cy",false,false,false,false,false,false,false,false,true,true,true,false,true,false,/{ID},/{ID}/e,/0Cy/e,,,,OwnerChangeOptionInfo.005UZ00000BrdXxYAJ,MetadataCatalog,false,ReadWrite,ReadWrite,false,false,false,false,,,,,,false,2025-04-14 08:28:36.607 -0700
"000000000000000AAA",JCFS__BetaFeature__ChangeEvent,666,"01IUZ000000U33i.ChangeEvent",,,JCFS,BetaFeature__ChangeEvent,Change Event: Sync Feature,Change Event: Sync Feature,Change Event: Sync Feature,,false,true,false,false,false,,"1CE",false,false,false,true,false,false,true,false,true,true,true,false,false,false,/{ID},/{ID}/e,/1CE/e,,,,"01IUZ000000U33i.ChangeEvent.005UZ00000BrdXxYAJ",CDC,false,ReadWrite,ReadWrite,false,false,false,false,,,,,,false,2025-04-14 08:28:34.765 -0700
"000000000000000AAA",SBQQ__FavoriteProduct__c,810,"01I41000002c7i2",2024-10-12 01:17:42.000 -0700,"00541000003NPmqAAG",SBQQ,FavoriteProduct,Favorite Product,Favorite Product,Favorite Product,SBQQ__FavoriteProduct__c.SYSTEM,true,true,true,true,true,Deployed,a0O,false,false,true,true,false,false,true,true,true,true,true,false,true,false,/{ID},/{ID}/e,/a0O/e,/01I41000002c7i2/e,FavoritesHelp,/06641000007WPE2,"01I41000002c7i2.005UZ00000BrdXxYAJ",SBQQ,true,ControlledByParent,ControlledByParent,false,false,false,false,,,,,,false,2025-04-14 08:28:36.334 -0700
"000000000000000AAA",TodayGoalShare,1344,TodayGoalShare,,,,TodayGoalShare,Goal Share,Goal Share,Goal Share,,false,false,false,false,false,,"02c",false,false,false,true,false,false,false,true,true,true,true,false,true,false,/{ID},/{ID}/e,/02c/e,,,,TodayGoalShare.005UZ00000BrdXxYAJ,System,false,Private,Private,false,false,false,false,,,,,,false,2025-04-14 08:28:37.984 -0700
"000000000000000AAA",OpportunityCompetitor,999,OpportunityCompetitor,,,,OpportunityCompetitor,Opportunity: Competitor,Opportunity: Competitor,Opportunity: Competitor,,false,false,false,false,false,,"00J",false,false,true,true,false,false,false,true,true,true,true,false,true,false,/{ID},/{ID}/e,/00J/e,,,,OpportunityCompetitor.005UZ00000BrdXxYAJ,System,false,ReadWrite,ReadWrite,false,false,false,false,,,,,,false,2025-04-14 08:28:36.583 -0700
"000000000000000AAA",UserDefinedLabelAssignment,1385,UserDefinedLabelAssignment,,,,UserDefinedLabelAssignment,Label Assignment,Label Assignment,Label Assignments,,false,false,false,false,false,,"0vn",false,false,true,true,false,false,false,true,true,true,true,false,true,false,/{ID},/{ID}/e,/0vn/e,,,,UserDefinedLabelAssignment.005UZ00000BrdXxYAJ,System,false,Private,Private,false,false,false,false,,,,,,false,2025-04-14 08:28:37.990 -0700
"000000000000000AAA",ApexTestResult,53,ApexTestResult,,,,ApexTestResult,Apex Test Result,Apex Test Result,Apex Test Results,,false,false,false,false,false,,"07M",false,false,false,true,false,false,false,true,true,true,true,false,true,false,/{ID},/{ID}/e,/07M/e,,,,ApexTestResult.005UZ00000BrdXxYAJ,System,false,ReadWrite,ReadWrite,false,false,false,false,,,,,,false,2025-04-14 08:28:32.361 -0700
"000000000000000AAA",ChangeRequestRelatedIssueHistory,208,ChangeRequestRelatedIssueHistory,,,,ChangeRequestRelatedIssueHistory,Change Request Related Issue History,Change Request Related Issue History,Change Request Related Issue History,,false,false,false,false,false,,"017",false,false,true,true,false,false,false,true,true,false,true,false,true,false,/{ID},/{ID}/e,/017/e,,,,ChangeRequestRelatedIssueHistory.005UZ00000BrdXxYAJ,System,false,ControlledByParent,ControlledByParent,false,false,false,false,,,,,,false,2025-04-14 08:28:32.504 -0700
"000000000000000AAA",Scorecard,1224,Scorecard,,,,Scorecard,Scorecard,Scorecard,Scorecards,Scorecard.SYSTEM,true,false,false,false,true,,"01f",false,false,true,true,false,false,false,true,true,true,true,false,true,true,/{ID},/{ID}/e,/01f/e,,,,Scorecard.005UZ00000BrdXxYAJ,System,true,Private,Private,false,false,false,false,,,,,,false,2025-04-14 08:28:37.933 -0700
"000000000000000AAA",TaskStatus,1334,TaskStatus,,,,TaskStatus,Task Status Value,Task Status Value,Task Status Value,,false,false,false,false,false,,,false,false,false,true,false,false,false,true,false,false,false,false,true,false,/{ID},/{ID}/e,/null/e,,,,TaskStatus.005UZ00000BrdXxYAJ,System,false,ReadWrite,ReadWrite,false,false,false,false,,,,,,false,2025-04-14 08:28:37.977 -0700
"000000000000000AAA",WorkStepTemplateFeed,1466,WorkStepTemplateFeed,,,,WorkStepTemplateFeed,Work Step Template Feed,Work Step Template Feed,Work Step Template Feed,,false,false,false,false,false,,"0D5",false,false,true,true,false,false,false,true,false,false,true,false,true,false,/{ID},/{ID}/e,/0D5/e,,,,WorkStepTemplateFeed.005UZ00000BrdXxYAJ,System,false,Private,Private,false,false,false,false,,,,,,false,2025-04-14 08:28:38.015 -0700
"000000000000000AAA",Translation,1352,Translation,,,,Translation,Language Translation,Language Translation,Language Translation,,false,false,false,false,false,,"01h",false,false,false,true,false,false,false,true,true,true,false,false,true,false,/{ID},/{ID}/e,/01h/e,,,,Translation.005UZ00000BrdXxYAJ,System,false,ReadWrite,ReadWrite,false,false,false,false,,,,,,false,2025-04-14 08:28:37.984 -0700
"000000000000000AAA",BroadcastTopicShare,143,BroadcastTopicShare,,,,BroadcastTopicShare,Broadcast Topic Share,Broadcast Topic Share,Broadcast Topic Share,,false,false,false,false,false,,"02c",false,false,false,true,false,false,false,true,true,true,true,false,true,false,/{ID},/{ID}/e,/02c/e,,,,BroadcastTopicShare.005UZ00000BrdXxYAJ,System,false,Private,Private,false,false,false,false,,,,,,false,2025-04-14 08:28:32.461 -0700
"000000000000000AAA",NetworkPageOverride,1016,NetworkPageOverride,,,,NetworkPageOverride,Experience Page Override,Experience Page Override,Experience Page Overrides,,false,false,false,false,false,,"0Dp",false,false,false,true,false,false,false,true,true,true,true,false,true,false,/{ID},/{ID}/e,/0Dp/e,,,,NetworkPageOverride.005UZ00000BrdXxYAJ,System,false,ReadWrite,ReadWrite,false,false,false,false,,,,,,false,2025-04-14 08:28:36.602 -0700
"000000000000000AAA",SBQQ__PriceTier__History,1161,"01I41000002c7iK.History",,,SBQQ,PriceTier__History,History: Price Tier,History: Price Tier,History: Price Tier,,false,false,false,false,false,,"017",false,false,true,true,false,false,false,true,true,false,true,false,true,false,/{ID},/{ID}/e,/017/e,,,,"01I41000002c7iK.History.005UZ00000BrdXxYAJ",System,false,ControlledByParent,ControlledByParent,false,false,false,false,,,,,,false,2025-04-14 08:28:36.610 -0700
"000000000000000AAA",SBQQ__ContractedPrice__c,849,"01I41000002c7hr",2024-10-12 01:17:42.000 -0700,"00541000003NPmqAAG",SBQQ,ContractedPrice,Contracted Price,Contracted Price,Contracted Prices,SBQQ__ContractedPrice__c.SYSTEM,true,true,true,true,true,Deployed,a0D,false,false,true,true,false,false,true,true,true,true,true,false,true,false,/{ID},/{ID}/e,/a0D/e,/01I41000002c7hr/e,ContractedPriceHelp,/06641000007WPDh,"01I41000002c7hr.005UZ00000BrdXxYAJ",SBQQ,true,ControlledByParent,ControlledByParent,false,false,false,false,,,,,,false,2025-04-14 08:28:36.373 -0700
"000000000000000AAA",SBQQ__ProductRule__ChangeEvent,973,"01I41000002c7iS.ChangeEvent",,,SBQQ,ProductRule__ChangeEvent,Change Event: Product Rule,Change Event: Product Rule,Change Event: Product Rule,,false,true,false,false,false,,"1CE",false,false,false,true,false,false,true,false,true,true,true,false,false,false,/{ID},/{ID}/e,/1CE/e,,,,"01I41000002c7iS.ChangeEvent.005UZ00000BrdXxYAJ",CDC,false,ReadWrite,ReadWrite,false,false,false,false,,,,,,false,2025-04-14 08:28:36.575 -0700
"000000000000000AAA",TodayGoal,1342,TodayGoal,,,,TodayGoal,Goal,Goal,Goals,,false,false,false,false,false,,"0Jz",false,false,true,true,false,false,false,true,true,true,true,false,true,false,/{ID},/{ID}/e,/0Jz/e,,,,TodayGoal.005UZ00000BrdXxYAJ,System,false,Private,Private,false,false,false,false,,,,,,false,2025-04-14 08:28:37.977 -0700
"000000000000000AAA",SBQQ__Subscription__c,859,"01I41000002c7ii",2024-10-12 01:17:42.000 -0700,"00541000003NPmqAAG",SBQQ,Subscription,Subscription,Subscription,Subscriptions,SBQQ__Subscription__c.SYSTEM,true,true,true,true,true,Deployed,a14,false,false,true,true,false,false,true,true,true,true,true,false,true,false,/{ID},/{ID}/e,/a14/e,/01I41000002c7ii/e,Subscription Help,/06641000007WPF4,"01I41000002c7ii.005UZ00000BrdXxYAJ",SBQQ,true,ReadWrite,ReadWrite,false,false,false,false,,,,,,false,2025-04-14 08:28:36.379 -0700
"000000000000000AAA",SBQQ__InstallProcessorLog__ChangeEvent,1078,"01I41000002c7iA.ChangeEvent",,,SBQQ,InstallProcessorLog__ChangeEvent,Change Event: Install Processor Log,Change Event: Install Processor Log,Change Event: Install Processor Log,,false,true,false,false,false,,"1CE",false,false,false,true,false,false,true,false,true,true,true,false,false,false,/{ID},/{ID}/e,/1CE/e,,,,"01I41000002c7iA.ChangeEvent.005UZ00000BrdXxYAJ",CDC,false,ReadWrite,ReadWrite,false,false,false,false,,,,,,false,2025-04-14 08:28:36.604 -0700
"000000000000000AAA",OrderItemHistory,1098,OrderItemHistory,,,,OrderItemHistory,Order Product History,Order Product History,Order Product History,,false,false,false,false,false,,"017",false,false,true,true,false,false,false,true,true,false,true,false,true,false,/{ID},/{ID}/e,/017/e,,,,OrderItemHistory.005UZ00000BrdXxYAJ,System,false,ReadWrite,ReadWrite,false,false,false,false,,,,,,false,2025-04-14 08:28:36.605 -0700
"000000000000000AAA",VoiceCall,1415,VoiceCall,,,,VoiceCall,Voice Call,Voice Call,Voice Calls,VoiceCall.SYSTEM,true,true,true,false,true,,"0LQ",false,false,true,true,true,true,true,true,true,true,true,true,true,true,/{ID},/{ID}/e,/0LQ/e,,,,VoiceCall.005UZ00000BrdXxYAJ,System,true,Private,Private,false,false,false,false,EngagementInterface,,,,,false,2025-04-14 08:28:38.001 -0700
"000000000000000AAA",UnifiedVideoCallParticipant,1369,UnifiedVideoCallParticipant,,,,UnifiedVideoCallParticipant,Unified Video Call Participant,Unified Video Call Participant,Unified Video Call Participants,,false,false,false,false,false,,"1aj",false,false,false,true,false,false,false,false,true,true,true,false,true,false,/{ID},/{ID}/e,/1aj/e,,,,UnifiedVideoCallParticipant.005UZ00000BrdXxYAJ,System,false,ReadWrite,ReadWrite,false,false,false,false,,,,,,false,2025-04-14 08:28:37.989 -0700
"000000000000000AAA",Vendor_Contract__c,1414,"01I8X0000018WV4",2023-01-12 08:22:32.000 -0800,"0051L00000EpsGbQAJ",,Vendor_Contract,Vendor Contract,Vendor Contract,Vendor Contracts,Vendor_Contract__c.SYSTEM,true,true,true,true,true,Deployed,a1f,false,false,true,true,true,true,true,true,true,true,true,false,true,true,/{ID},/{ID}/e,/a1f/e,/01I8X0000018WV4/e,,,"01I8X0000018WV4.005UZ00000BrdXxYAJ",<local>,true,ReadWrite,Private,false,false,false,false,,,,,,false,2025-04-14 08:28:38.001 -0700
"000000000000000AAA",UnifiedVoiceCallParticipant,1371,UnifiedVoiceCallParticipant,,,,UnifiedVoiceCallParticipant,Unified Voice Call Participant,Unified Voice Call Participant,Unified Voice Call Participants,,false,false,false,false,false,,"1al",false,false,false,true,false,false,false,false,true,true,true,false,true,false,/{ID},/{ID}/e,/1al/e,,,,UnifiedVoiceCallParticipant.005UZ00000BrdXxYAJ,System,false,ReadWrite,ReadWrite,false,false,false,false,,,,,,false,2025-04-14 08:28:37.989 -0700
"000000000000000AAA",Gong__Related_Account__c,592,"01IUZ0000004zxu",2025-02-10 14:23:43.000 -0800,"005UZ00000B4tsPYAR",Gong,Related_Account,Gong Related Accounts,Gong Related Accounts,Gong Related Accounts,Gong__Related_Account__c.SYSTEM,true,true,true,true,true,Deployed,a2t,false,false,true,true,true,true,true,true,true,true,true,false,true,false,/{ID},/{ID}/e,/a2t/e,/01IUZ0000004zxu/e,,,"01IUZ0000004zxu.005UZ00000BrdXxYAJ",Gong,true,ControlledByParent,ControlledByParent,false,false,false,false,,,,,,false,2025-04-14 08:28:34.606 -0700
"000000000000000AAA",SkillRequirementFeed,1271,SkillRequirementFeed,,,,SkillRequirementFeed,Skill Requirement Feed,Skill Requirement Feed,Skill Requirement Feed,,false,false,false,false,false,,"0D5",false,false,true,true,false,false,false,true,false,false,true,false,true,false,/{ID},/{ID}/e,/0D5/e,,,,SkillRequirementFeed.005UZ00000BrdXxYAJ,System,false,ControlledByParent,ControlledByParent,false,false,false,false,,,,,,false,2025-04-14 08:28:37.959 -0700
"000000000000000AAA",ProblemFeed,981,ProblemFeed,,,,ProblemFeed,Problem Feed,Problem Feed,Problem Feed,,false,false,false,false,false,,"0D5",false,false,true,true,false,false,false,true,false,false,true,false,true,false,/{ID},/{ID}/e,/0D5/e,,,,ProblemFeed.005UZ00000BrdXxYAJ,System,false,Private,Private,false,false,false,false,,,,,,false,2025-04-14 08:28:36.576 -0700
"000000000000000AAA",Asset,69,Asset,,,,Asset,Asset,Asset,Assets,Asset.SYSTEM,true,true,true,true,true,,"02i",false,false,true,true,true,true,true,true,true,true,true,false,true,true,/{ID},/{ID}/e,/02i/e,,,,Asset.005UZ00000BrdXxYAJ,System,true,ReadWrite,ReadWrite,false,false,false,false,,,,,,false,2025-04-14 08:28:32.388 -0700
"000000000000000AAA",ExtDataShareTargetShare,496,ExtDataShareTargetShare,,,,ExtDataShareTargetShare,Data Share Target Share,Data Share Target Share,Data Share Target Share,,false,false,false,false,false,,"02c",false,false,false,true,false,false,false,true,true,true,true,false,true,false,/{ID},/{ID}/e,/02c/e,,,,ExtDataShareTargetShare.005UZ00000BrdXxYAJ,System,false,Private,Private,false,false,false,false,,,,,,false,2025-04-14 08:28:34.417 -0700
"000000000000000AAA",SBQQ__PriceTier__c,855,"01I41000002c7iK",2024-10-12 01:17:42.000 -0700,"00541000003NPmqAAG",SBQQ,PriceTier,Price Tier,Price Tier,Price Tiers,SBQQ__PriceTier__c.SYSTEM,true,true,true,true,true,Deployed,a0g,false,false,true,true,false,false,true,true,true,true,true,false,true,false,/{ID},/{ID}/e,/a0g/e,/01I41000002c7iK/e,PriceScheduleHelp,/06641000007WPEU,"01I41000002c7iK.005UZ00000BrdXxYAJ",SBQQ,true,ControlledByParent,ControlledByParent,false,false,false,false,,,,,,false,2025-04-14 08:28:36.379 -0700
"000000000000000AAA",PricebookEntry,1085,PricebookEntry,,,,PricebookEntry,Price Book Entry,Price Book Entry,Price Book Entries,PricebookEntry.SYSTEM,true,false,false,false,true,,"01u",false,false,true,true,false,false,false,true,true,true,true,false,true,true,/{ID},/{ID}/e,/01u/e,,,,PricebookEntry.005UZ00000BrdXxYAJ,System,true,ReadWrite,ReadWrite,false,false,false,false,,,,,,false,2025-04-14 08:28:36.605 -0700
"000000000000000AAA",snr__sr_Mapping_Articles__Share,1556,"01IUZ000000GKHL.Share",,,snr,sr_Mapping_Articles__Share,Share: Mapping Articles,Share: Mapping Articles,Share: Mapping Articles,,false,false,false,false,false,,"02c",false,false,false,true,false,false,false,true,true,true,true,false,true,false,/{ID},/{ID}/e,/02c/e,,,,"01IUZ000000GKHL.Share.005UZ00000BrdXxYAJ",System,false,ReadWrite,Private,false,false,false,false,,,,,,false,2025-04-14 08:28:38.041 -0700
"000000000000000AAA",KnowledgeArticleVersion,669,KnowledgeArticleVersion,,,,KnowledgeArticleVersion,Knowledge Article Version,Knowledge Article Version,Knowledge Article Versions,,false,false,false,true,false,,ka#,false,false,false,true,true,true,false,true,true,true,true,false,true,true,/{ID},/{ID}/e,/ka#/e,,,,KnowledgeArticleVersion.005UZ00000BrdXxYAJ,System,true,ReadWrite,ReadWrite,false,false,false,false,,,,,,false,2025-04-14 08:28:34.765 -0700
"000000000000000AAA",RecordActionHistory,965,RecordActionHistory,,,,RecordActionHistory,RecordActionHistory,RecordActionHistory,RecordActionHistories,,false,false,false,false,false,,"0Ub",false,false,false,true,false,false,false,false,true,true,false,false,true,false,/{ID},/{ID}/e,/0Ub/e,,,,RecordActionHistory.005UZ00000BrdXxYAJ,System,false,ReadWrite,ReadWrite,false,false,false,false,,,,,,false,2025-04-14 08:28:36.540 -0700
"000000000000000AAA",IndividualChangeEvent,658,IndividualChangeEvent,,,,IndividualChangeEvent,Individual Change Event,Individual Change Event,Individual Change Event,,false,true,false,false,false,,"1CE",false,false,false,true,false,false,true,false,true,true,true,false,false,false,/{ID},/{ID}/e,/1CE/e,,,,IndividualChangeEvent.005UZ00000BrdXxYAJ,CDC,false,ReadWrite,Private,false,false,false,false,,,,,,false,2025-04-14 08:28:34.765 -0700
"000000000000000AAA",DataQueryWorkspaceTab,390,DataQueryWorkspaceTab,,,,DataQueryWorkspaceTab,Entity,Entity,Query Tabs,DataQueryWorkspaceTab.SYSTEM,false,true,true,true,true,,"20n",false,false,true,true,false,false,true,true,true,true,true,false,true,false,/{ID},/{ID}/e,/20n/e,,,,DataQueryWorkspaceTab.005UZ00000BrdXxYAJ,System,true,ControlledByParent,ControlledByParent,false,false,false,false,,,,,,false,2025-04-14 08:28:32.879 -0700
"000000000000000AAA",CustomPermissionDependency,343,CustomPermissionDependency,,,,CustomPermissionDependency,Custom Permission Dependency,Custom Permission Dependency,Custom Permission Dependencies,,false,false,false,false,false,,"0PD",false,false,false,true,false,false,false,true,true,true,true,false,true,false,/{ID},/{ID}/e,/0PD/e,,,,CustomPermissionDependency.005UZ00000BrdXxYAJ,System,true,ReadWrite,ReadWrite,false,false,false,false,,,,,,false,2025-04-14 08:28:32.877 -0700
"000000000000000AAA",ForecastingItem__hd,551,"01I410000034aGj",2018-05-22 14:46:36.000 -0700,"00541000000ybzQAAQ",,ForecastingItem,Forecasting Item,Forecasting Item (Historical),Forecasting Items (Historical),,true,false,false,false,false,Deployed,h01,false,false,true,true,false,false,false,true,false,false,false,false,true,false,/{ID},/{ID}/e,/h01/e,/01I410000034aGj/e,,,"01I410000034aGj.005UZ00000BrdXxYAJ",<local>,false,ReadWrite,ReadWrite,false,false,false,false,,,,,,false,2025-04-14 08:28:34.534 -0700
"000000000000000AAA",DataLakeObjectInstanceHistory,374,DataLakeObjectInstanceHistory,,,,DataLakeObjectInstanceHistory,Data Lake Object History,Data Lake Object History,Data Lake Object History,,false,false,false,false,false,,"017",false,false,true,true,false,false,false,true,true,false,true,false,true,false,/{ID},/{ID}/e,/017/e,,,,DataLakeObjectInstanceHistory.005UZ00000BrdXxYAJ,System,false,ReadWrite,ReadWrite,false,false,false,false,,,,,,false,2025-04-14 08:28:32.878 -0700
"000000000000000AAA",ProcessInstance,1148,ProcessInstance,,,,ProcessInstance,Process Instance,Process Instance,Process Instance,,false,false,false,false,false,,"04g",false,false,false,true,false,false,false,true,true,true,true,false,true,false,/{ID},/{ID}/e,/04g/e,,,,ProcessInstance.005UZ00000BrdXxYAJ,System,false,ReadWrite,ReadWrite,false,false,false,false,,,,,,false,2025-04-14 08:28:36.607 -0700
"000000000000000AAA",SBQQ__UsageRate__c,1206,"01I41000002zuTe",2018-03-20 11:48:54.000 -0700,"00541000003jYZXAA2",SBQQ,UsageRate,Usage Rate (Reserved),Usage Rate (Reserved),Usage Rates (Reserved),SBQQ__UsageRate__c.SYSTEM,true,true,true,true,true,Deployed,a28,false,false,true,true,false,false,true,true,true,true,true,false,true,false,/{ID},/{ID}/e,/a28/e,/01I41000002zuTe/e,,,"01I41000002zuTe.005UZ00000BrdXxYAJ",SBQQ,true,ControlledByParent,ControlledByParent,false,false,false,false,,,,,,false,2025-04-14 08:28:37.918 -0700
"000000000000000AAA",ProcessInstanceWorkitem,917,ProcessInstanceWorkitem,,,,ProcessInstanceWorkitem,Approval Request,Approval Request,Approval Requests,,false,false,false,false,false,,"04i",false,false,false,true,false,false,false,true,true,true,true,false,true,false,/{ID},/{ID}/e,/04i/e,,,,ProcessInstanceWorkitem.005UZ00000BrdXxYAJ,System,false,ReadWrite,ReadWrite,false,false,false,false,,,,,,false,2025-04-14 08:28:36.468 -0700
"000000000000000AAA",EvfPipelineSubTaskDetails,483,EvfPipelineSubTaskDetails,,,,EvfPipelineSubTaskDetails,Evf Pipeline Sub Task Details,Evf Pipeline Sub Task Details,Evf Pipeline Sub Task Details,,false,false,false,false,false,,"99v",false,false,false,true,false,false,false,true,true,true,true,false,true,false,/{ID},/{ID}/e,/99v/e,,,,EvfPipelineSubTaskDetails.005UZ00000BrdXxYAJ,System,false,ReadWrite,ReadWrite,false,false,false,false,,,,,,false,2025-04-14 08:28:34.410 -0700
"000000000000000AAA",AgentWorkChangeEvent,36,AgentWorkChangeEvent,,,,AgentWorkChangeEvent,Agent Work Change Event,Agent Work Change Event,Agent Work Change Event,,false,true,false,false,false,,"1CE",false,false,false,true,false,false,true,false,true,true,true,false,false,false,/{ID},/{ID}/e,/1CE/e,,,,AgentWorkChangeEvent.005UZ00000BrdXxYAJ,CDC,false,Read,Read,false,false,false,false,,,,,,false,2025-04-14 08:28:32.356 -0700
"000000000000000AAA",OmniSupervisorConfigGroup,1080,OmniSupervisorConfigGroup,,,,OmniSupervisorConfigGroup,Omni Supervisor Configuration for Public Group,Omni Supervisor Configuration for Public Group,Omni Supervisor Configuration for Public Groups,,false,false,false,false,false,,"0QE",false,false,false,true,false,false,false,true,true,true,true,false,true,false,/{ID},/{ID}/e,/0QE/e,,,,OmniSupervisorConfigGroup.005UZ00000BrdXxYAJ,System,false,ReadWrite,ReadWrite,false,false,false,false,,,,,,false,2025-04-14 08:28:36.604 -0700
"000000000000000AAA",rcsfl__AdminUISetting__c,1548,"01I8X000003FV6s",2023-10-10 14:37:24.000 -0700,"0058X00000Fi8mPQAR",rcsfl,AdminUISetting,AdminUISetting,AdminUISetting,AdminUISettings,rcsfl__AdminUISetting__c.SYSTEM,true,true,true,true,true,Deployed,a2W,false,false,true,true,true,true,true,true,true,true,true,false,true,false,/{ID},/{ID}/e,/a2W/e,/01I8X000003FV6s/e,,,"01I8X000003FV6s.005UZ00000BrdXxYAJ",rcsfl,true,ReadWrite,Private,false,false,false,false,,,,,,false,2025-04-14 08:28:38.040 -0700
"000000000000000AAA",Gong__Related_Contact__ChangeEvent,593,"01IUZ0000004zxv.ChangeEvent",,,Gong,Related_Contact__ChangeEvent,Change Event: Gong Related Contacts,Change Event: Gong Related Contacts,Change Event: Gong Related Contacts,,false,true,false,false,false,,"1CE",false,false,false,true,false,false,true,false,true,true,true,false,false,false,/{ID},/{ID}/e,/1CE/e,,,,"01IUZ0000004zxv.ChangeEvent.005UZ00000BrdXxYAJ",CDC,false,ControlledByParent,ControlledByParent,false,false,false,false,,,,,,false,2025-04-14 08:28:34.606 -0700
"000000000000000AAA",CollaborationGroupFeed,220,CollaborationGroupFeed,,,,CollaborationGroupFeed,Group Feed,Group Feed,Group Feed,,false,false,false,false,false,,"0D5",false,false,true,true,false,false,false,true,false,false,true,false,true,false,/{ID},/{ID}/e,/0D5/e,,,,CollaborationGroupFeed.005UZ00000BrdXxYAJ,System,false,ReadWrite,ReadWrite,false,false,false,false,,,,,,false,2025-04-14 08:28:32.562 -0700
"000000000000000AAA",Site,1260,Site,,,,Site,Site,Site,Sites,,false,false,true,false,false,,"0DM",false,false,false,true,false,false,false,true,true,true,true,true,true,false,/{ID},/{ID}/e,/0DM/e,,,,Site.005UZ00000BrdXxYAJ,System,false,ReadWrite,ReadWrite,false,false,false,false,,,,,,false,2025-04-14 08:28:37.951 -0700
"000000000000000AAA",SearchLayout,1230,SearchLayout,,,,SearchLayout,Search Layout,Search Layout,Search Layouts,,false,false,false,false,false,,"4co",false,false,false,false,false,false,false,false,true,true,false,false,true,false,/{ID},/{ID}/e,/4co/e,,,,SearchLayout.005UZ00000BrdXxYAJ,MetadataCatalog,false,ReadWrite,ReadWrite,false,false,false,false,,,,,,false,2025-04-14 08:28:37.934 -0700
"000000000000000AAA",QuickTextUsageChangeEvent,1181,QuickTextUsageChangeEvent,,,,QuickTextUsageChangeEvent,Quick Text Usage Change Event,Quick Text Usage Change Event,Quick Text Usage Change Event,,false,true,false,false,false,,"1CE",false,false,false,true,false,false,true,false,true,true,true,false,false,false,/{ID},/{ID}/e,/1CE/e,,,,QuickTextUsageChangeEvent.005UZ00000BrdXxYAJ,CDC,false,Private,Private,false,false,false,false,,,,,,false,2025-04-14 08:28:36.617 -0700
"000000000000000AAA",DataIntegrationRecordPurchasePermission,368,DataIntegrationRecordPurchasePermission,,,,DataIntegrationRecordPurchasePermission,DataIntegrationRecordPurchasePermission,DataIntegrationRecordPurchasePermission,DataIntegrationRecordPurchasePermissions,,false,false,false,false,false,,"0Gy",false,false,false,true,false,false,false,true,true,true,true,false,true,false,/{ID},/{ID}/e,/0Gy/e,,,,DataIntegrationRecordPurchasePermission.005UZ00000BrdXxYAJ,System,false,ReadWrite,ReadWrite,false,false,false,false,,,,,,false,2025-04-14 08:28:32.878 -0700
"000000000000000AAA",ProcessInstanceNode,1127,ProcessInstanceNode,,,,ProcessInstanceNode,Process Instance Node,Process Instance Node,Process Instance Node,,false,false,false,false,false,,"0OO",false,false,true,true,false,false,false,true,true,true,true,false,true,false,/{ID},/{ID}/e,/0OO/e,,,,ProcessInstanceNode.005UZ00000BrdXxYAJ,System,false,ReadWrite,ReadWrite,false,false,false,false,,,,,,false,2025-04-14 08:28:36.607 -0700
"000000000000000AAA",SupervisorAgentConfigSkill,1291,SupervisorAgentConfigSkill,,,,SupervisorAgentConfigSkill,SupervisorAgentConfigSkill,SupervisorAgentConfigSkill,SupervisorAgentConfigSkills,,false,false,false,false,false,,"0Ie",false,false,false,true,false,false,false,true,true,true,true,false,true,false,/{ID},/{ID}/e,/0Ie/e,,,,SupervisorAgentConfigSkill.005UZ00000BrdXxYAJ,System,false,ReadWrite,ReadWrite,false,false,false,false,,,,,,false,2025-04-14 08:28:37.971 -0700
"000000000000000AAA",CollaborationRoom,226,CollaborationRoom,,,,CollaborationRoom,Collaboration Room,Collaboration Room,Collaboration Rooms,CollaborationRoom.SYSTEM,false,true,false,false,true,,"9CR",false,false,true,true,true,true,true,true,true,true,false,false,true,true,/{ID},/{ID}/e,/9CR/e,,,,CollaborationRoom.005UZ00000BrdXxYAJ,System,true,ReadWrite,ReadWrite,false,false,false,false,,,,,,false,2025-04-14 08:28:32.562 -0700
"000000000000000AAA",WorkPlanHistory,1448,WorkPlanHistory,,,,WorkPlanHistory,Work Plan History,Work Plan History,Work Plan History,,false,false,false,false,false,,"017",false,false,true,true,false,false,false,true,true,false,true,false,true,false,/{ID},/{ID}/e,/017/e,,,,WorkPlanHistory.005UZ00000BrdXxYAJ,System,false,Private,Private,false,false,false,false,,,,,,false,2025-04-14 08:28:38.006 -0700
"000000000000000AAA",FlowVariableView,535,FlowVariableView,,,,FlowVariableView,Flow Variable,Flow Variable,Flow Variables,,false,false,false,false,false,,"3ad",false,false,false,false,false,false,false,false,true,true,true,false,true,false,/{ID},/{ID}/e,/3ad/e,,,,FlowVariableView.005UZ00000BrdXxYAJ,MetadataCatalog,false,ReadWrite,ReadWrite,false,false,false,false,,,,,,false,2025-04-14 08:28:34.533 -0700
"000000000000000AAA",Lead_Status__c,721,"01I1L000002ylKZ",2020-02-03 15:15:44.000 -0800,"00541000003jeZTAAY",,Lead_Status,Lead Status,Lead Status,Lead Status,Lead_Status__c.SYSTEM,true,true,true,true,true,Deployed,a1Z,false,false,true,true,true,true,true,true,true,true,true,false,true,false,/{ID},/{ID}/e,/a1Z/e,/01I1L000002ylKZ/e,,,"01I1L000002ylKZ.005UZ00000BrdXxYAJ",<local>,true,ReadWrite,Private,false,false,false,false,,,,,,false,2025-04-14 08:28:34.849 -0700
"000000000000000AAA",SBQQ__SearchFilter__ChangeEvent,1146,"01I41000002c7ie.ChangeEvent",,,SBQQ,SearchFilter__ChangeEvent,Change Event: Search Filter,Change Event: Search Filter,Change Event: Search Filter,,false,true,false,false,false,,"1CE",false,false,false,true,false,false,true,false,true,true,true,false,false,false,/{ID},/{ID}/e,/1CE/e,,,,"01I41000002c7ie.ChangeEvent.005UZ00000BrdXxYAJ",CDC,false,ReadWrite,ReadWrite,false,false,false,false,,,,,,false,2025-04-14 08:28:36.607 -0700
"000000000000000AAA",WorkPlanTemplateEntryChangeEvent,1453,WorkPlanTemplateEntryChangeEvent,,,,WorkPlanTemplateEntryChangeEvent,Work Plan Template Entry Change Event,Work Plan Template Entry Change Event,Work Plan Template Entry Change Event,,false,true,false,false,false,,"1CE",false,false,false,true,false,false,true,false,true,true,true,false,false,false,/{ID},/{ID}/e,/1CE/e,,,,WorkPlanTemplateEntryChangeEvent.005UZ00000BrdXxYAJ,CDC,false,ControlledByParent,ControlledByParent,false,false,false,false,,,,,,false,2025-04-14 08:28:38.006 -0700
"000000000000000AAA",ProductConsumptionSchedule,1064,ProductConsumptionSchedule,,,,ProductConsumptionSchedule,Product Consumption Schedule,Product Consumption Schedule,Product Consumption Schedules,ProductConsumptionSchedule.SYSTEM,true,true,false,false,true,,"0Mq",false,false,true,true,false,false,true,true,true,true,true,false,true,false,/{ID},/{ID}/e,/0Mq/e,,,,ProductConsumptionSchedule.005UZ00000BrdXxYAJ,System,true,ReadWrite,ReadWrite,false,false,false,false,,,,,,false,2025-04-14 08:28:36.604 -0700
"000000000000000AAA",LightningUsageByBrowserMetrics,739,LightningUsageByBrowserMetrics,,,,LightningUsageByBrowserMetrics,Lightning Usage By Browser Metrics,Lightning Usage By Browser Metrics,Lightning Usage By Browser Metrics,,false,false,false,false,false,,"3mK",false,false,false,true,false,false,false,true,true,true,true,false,true,false,/{ID},/{ID}/e,/3mK/e,,,,LightningUsageByBrowserMetrics.005UZ00000BrdXxYAJ,System,false,ReadWrite,ReadWrite,false,false,false,false,,,,,,false,2025-04-14 08:28:34.926 -0700
"000000000000000AAA",Solution,1277,Solution,,,,Solution,Solution,Solution,Solutions,Solution.SYSTEM,true,true,true,true,true,,"501",false,false,true,true,true,true,true,true,true,true,true,false,true,true,/{ID},/{ID}/e,/501/e,,,,Solution.005UZ00000BrdXxYAJ,System,true,ReadWrite,ReadWrite,false,false,false,false,,,,,,false,2025-04-14 08:28:37.959 -0700
"000000000000000AAA",ForecastingOwnerAdjustment,552,ForecastingOwnerAdjustment,,,,ForecastingOwnerAdjustment,Forecasting Owner Adjustment,Forecasting Owner Adjustment,Forecasting Owner Adjustments,,false,false,false,false,false,,"08Q",false,false,true,true,false,false,false,true,true,true,true,false,true,false,/{ID},/{ID}/e,/08Q/e,,,,ForecastingOwnerAdjustment.005UZ00000BrdXxYAJ,System,false,ReadWrite,ReadWrite,false,false,false,false,,,,,,false,2025-04-14 08:28:34.534 -0700
"000000000000000AAA",DeclinedEventRelation,421,DeclinedEventRelation,,,,DeclinedEventRelation,Declined Event Relation,Declined Event Relation,Declined Event Relations,,false,false,false,false,false,,,false,false,false,true,false,false,false,true,false,false,false,false,true,false,/{ID},/{ID}/e,/null/e,,,,DeclinedEventRelation.005UZ00000BrdXxYAJ,System,false,ReadWrite,ReadWrite,false,false,false,false,,,,,,false,2025-04-14 08:28:34.336 -0700
"000000000000000AAA",QuickTextHistory,933,QuickTextHistory,,,,QuickTextHistory,Quick Text History,Quick Text History,Quick Text History,,false,false,false,false,false,,"017",false,false,true,true,false,false,false,true,true,false,true,false,true,false,/{ID},/{ID}/e,/017/e,,,,QuickTextHistory.005UZ00000BrdXxYAJ,System,false,Private,Private,false,false,false,false,,,,,,false,2025-04-14 08:28:36.498 -0700
"000000000000000AAA",DataKitDeploymentLogShare,371,DataKitDeploymentLogShare,,,,DataKitDeploymentLogShare,Data Kit Deployment Log Share,Data Kit Deployment Log Share,Data Kit Deployment Log Share,,false,false,false,false,false,,"02c",false,false,false,true,false,false,false,true,true,true,true,false,true,false,/{ID},/{ID}/e,/02c/e,,,,DataKitDeploymentLogShare.005UZ00000BrdXxYAJ,System,false,Private,Private,false,false,false,false,,,,,,false,2025-04-14 08:28:32.878 -0700
"000000000000000AAA",HubSpot_Inc__HubSpot_Intelligence__ChangeEvent,618,"01I41000001lsOT.ChangeEvent",,,HubSpot_Inc,HubSpot_Intelligence__ChangeEvent,Change Event: HubSpot Intelligence,Change Event: HubSpot Intelligence,Change Event: HubSpot Intelligence,,false,true,false,false,false,,"1CE",false,false,false,true,false,false,true,false,true,true,true,false,false,false,/{ID},/{ID}/e,/1CE/e,,,,"01I41000001lsOT.ChangeEvent.005UZ00000BrdXxYAJ",CDC,false,ReadWrite,ReadWrite,false,false,false,false,,,,,,false,2025-04-14 08:28:34.763 -0700
"000000000000000AAA",License_Summary__ChangeEvent,731,"01I41000002zuJv.ChangeEvent",,,,License_Summary__ChangeEvent,Change Event: License Summary,Change Event: License Summary,Change Event: License Summary,,false,true,false,false,false,,"1CE",false,false,false,true,false,false,true,false,true,true,true,false,false,false,/{ID},/{ID}/e,/1CE/e,,,,"01I41000002zuJv.ChangeEvent.005UZ00000BrdXxYAJ",CDC,false,ReadWrite,ReadWrite,false,false,false,false,,,,,,false,2025-04-14 08:28:34.866 -0700
"000000000000000AAA",DataQueryWorkspaceShare,389,DataQueryWorkspaceShare,,,,DataQueryWorkspaceShare,Query Editor Share,Query Editor Share,Query Editor Share,,false,false,false,false,false,,"02c",false,false,false,true,false,false,false,true,true,true,true,false,true,false,/{ID},/{ID}/e,/02c/e,,,,DataQueryWorkspaceShare.005UZ00000BrdXxYAJ,System,false,Private,Private,false,false,false,false,,,,,,false,2025-04-14 08:28:32.879 -0700
"000000000000000AAA",MessagingEndUserShare,1185,MessagingEndUserShare,,,,MessagingEndUserShare,Messaging User Share,Messaging User Share,Messaging User Share,,false,false,false,false,false,,"02c",false,false,false,true,false,false,false,true,true,true,true,false,true,false,/{ID},/{ID}/e,/02c/e,,,,MessagingEndUserShare.005UZ00000BrdXxYAJ,System,false,ReadWrite,ReadWrite,false,false,false,false,,,,,,false,2025-04-14 08:28:36.617 -0700
"000000000000000AAA",NoteAndAttachment,1094,NoteAndAttachment,,,,NoteAndAttachment,Note and Attachment,Note and Attachment,Notes and Attachments,,false,false,false,false,false,,,false,false,false,false,false,false,false,true,false,false,false,false,false,false,/{ID},/{ID}/e,/null/e,,,,NoteAndAttachment.005UZ00000BrdXxYAJ,System,false,ReadWrite,ReadWrite,false,false,false,false,,,,,,false,2025-04-14 08:28:36.605 -0700
"000000000000000AAA",UnifiedMeeting,1364,UnifiedMeeting,,,,UnifiedMeeting,Unified Meeting,Unified Meeting,Unified Meetings,,false,false,false,false,false,,"1ab",false,false,false,true,false,false,false,true,true,true,true,false,true,false,/{ID},/{ID}/e,/1ab/e,,,,UnifiedMeeting.005UZ00000BrdXxYAJ,System,false,ReadWrite,ReadWrite,false,false,false,false,,,,,,false,2025-04-14 08:28:37.989 -0700
"000000000000000AAA",OpportunityShare,980,OpportunityShare,,,,OpportunityShare,Opportunity Share,Opportunity Share,Opportunity Share,,false,false,false,false,false,,"00t",false,false,false,true,false,false,false,true,true,true,true,false,true,false,/{ID},/{ID}/e,/00t/e,,,,OpportunityShare.005UZ00000BrdXxYAJ,System,false,ReadWrite,ReadWrite,false,false,false,false,,,,,,false,2025-04-14 08:28:36.576 -0700
"000000000000000AAA",agileed__Classification__ChangeEvent,1482,"01I8X0000018Sq8.ChangeEvent",,,agileed,Classification__ChangeEvent,Change Event: Classification,Change Event: Classification,Change Event: Classification,,false,true,false,false,false,,"1CE",false,false,false,true,false,false,true,false,true,true,true,false,false,false,/{ID},/{ID}/e,/1CE/e,,,,"01I8X0000018Sq8.ChangeEvent.005UZ00000BrdXxYAJ",CDC,false,ReadWrite,Private,false,false,false,false,,,,,,false,2025-04-14 08:28:38.016 -0700
"000000000000000AAA",AnalyticsTaskStatusEvent,43,AnalyticsTaskStatusEvent,,,,AnalyticsTaskStatusEvent,AnalyticsTaskStatusEvent,AnalyticsTaskStatusEvent,AnalyticsTaskStatusEvents,,false,true,false,false,false,,"1JX",false,false,false,false,false,false,true,false,true,false,false,false,false,false,/{ID},/{ID}/e,/1JX/e,,,,AnalyticsTaskStatusEvent.005UZ00000BrdXxYAJ,System,false,ReadWrite,ReadWrite,false,false,false,false,,,,,,false,2025-04-14 08:28:32.360 -0700
"000000000000000AAA",TaskFeed,1329,TaskFeed,,,,TaskFeed,Task Feed,Task Feed,Task Feed,,false,false,false,false,false,,"0D5",false,false,true,true,false,false,false,true,false,false,true,false,true,false,/{ID},/{ID}/e,/0D5/e,,,,TaskFeed.005UZ00000BrdXxYAJ,System,false,ControlledByParent,ControlledByParent,false,false,false,false,,,,,,false,2025-04-14 08:28:37.977 -0700
"000000000000000AAA",SBQQ__LookupData__c,853,"01I41000002c7iD",2024-10-12 01:17:42.000 -0700,"00541000003NPmqAAG",SBQQ,LookupData,Lookup Data,Lookup Data,Lookup Data,SBQQ__LookupData__c.SYSTEM,true,true,true,true,true,Deployed,a0Z,false,false,true,true,false,false,true,true,true,true,true,false,true,false,/{ID},/{ID}/e,/a0Z/e,/01I41000002c7iD/e,LookupQueryHelp,/06641000007WPED,"01I41000002c7iD.005UZ00000BrdXxYAJ",SBQQ,true,ReadWrite,ReadWrite,false,false,false,false,,,,,,false,2025-04-14 08:28:36.379 -0700
"000000000000000AAA",SBQQ__InstallProcessorLog__c,869,"01I41000002c7iA",2024-10-12 01:17:42.000 -0700,"00541000003NPmqAAG",SBQQ,InstallProcessorLog,Install Processor Log,Install Processor Log,Install Processor Logs,SBQQ__InstallProcessorLog__c.SYSTEM,true,true,true,true,true,Deployed,a0W,false,false,true,true,false,false,true,true,true,true,true,false,true,true,/{ID},/{ID}/e,/a0W/e,/01I41000002c7iA/e,ImportFormatHelp,/06641000007WPE8,"01I41000002c7iA.005UZ00000BrdXxYAJ",SBQQ,true,ReadWrite,ReadWrite,false,false,false,false,,,,,,false,2025-04-14 08:28:36.386 -0700
"000000000000000AAA",ChangeRequestRelatedIssueFeed,207,ChangeRequestRelatedIssueFeed,,,,ChangeRequestRelatedIssueFeed,Change Request Related Issue Feed,Change Request Related Issue Feed,Change Request Related Issue Feed,,false,false,false,false,false,,"0D5",false,false,true,true,false,false,false,true,false,false,true,false,true,false,/{ID},/{ID}/e,/0D5/e,,,,ChangeRequestRelatedIssueFeed.005UZ00000BrdXxYAJ,System,false,ControlledByParent,ControlledByParent,false,false,false,false,,,,,,false,2025-04-14 08:28:32.479 -0700
"000000000000000AAA",WorkPlanTemplateHistory,1457,WorkPlanTemplateHistory,,,,WorkPlanTemplateHistory,Work Plan Template History,Work Plan Template History,Work Plan Template History,,false,false,false,false,false,,"017",false,false,true,true,false,false,false,true,true,false,true,false,true,false,/{ID},/{ID}/e,/017/e,,,,WorkPlanTemplateHistory.005UZ00000BrdXxYAJ,System,false,Private,Private,false,false,false,false,,,,,,false,2025-04-14 08:28:38.006 -0700
"000000000000000AAA",agileed__Classification__c,1484,"01I8X0000018Sq8",2024-01-02 09:30:12.000 -0800,"00541000001SOPlAAO",agileed,Classification,Classification,Classification,Classifications,agileed__Classification__c.SYSTEM,true,true,true,true,true,Deployed,a63,false,false,true,true,false,false,true,true,true,true,true,false,true,false,/{ID},/{ID}/e,/a63/e,/01I8X0000018Sq8/e,,,"01I8X0000018Sq8.005UZ00000BrdXxYAJ",agileed,true,ReadWrite,Private,false,false,false,false,,,,,,false,2025-04-14 08:28:38.016 -0700
"000000000000000AAA",Gong__Topic__c,604,"01IUZ0000004zxy",2025-02-10 14:23:43.000 -0800,"005UZ00000B4tsPYAR",Gong,Topic,Topic,Topic,Topics,Gong__Topic__c.SYSTEM,true,true,true,true,true,Deployed,a2x,false,false,true,true,true,true,true,true,true,true,true,false,true,false,/{ID},/{ID}/e,/a2x/e,/01IUZ0000004zxy/e,,,"01IUZ0000004zxy.005UZ00000BrdXxYAJ",Gong,true,ControlledByParent,ControlledByParent,false,false,false,false,,,,,,false,2025-04-14 08:28:34.607 -0700
"000000000000000AAA",Gong__Gong_Call__c,580,"01IUZ0000004zxp",2025-02-10 14:23:43.000 -0800,"005UZ00000B4tsPYAR",Gong,Gong_Call,Conversation,Conversation,Conversations,Gong__Gong_Call__c.0AHUZ00000002kz,true,true,true,true,true,Deployed,a2g,false,false,true,true,true,true,true,true,true,true,true,false,true,true,/{ID},/{ID}/e,/a2g/e,/01IUZ0000004zxp/e,,,"01IUZ0000004zxp.005UZ00000BrdXxYAJ",Gong,true,ReadWrite,Private,false,false,false,false,,,,,,false,2025-04-14 08:28:34.606 -0700
"000000000000000AAA",Quote,1103,Quote,,,,Quote,Quote,Quote,Quotes,Quote.SYSTEM,true,true,true,true,true,,"0Q0",false,false,true,true,true,true,true,true,true,true,true,false,true,true,/{ID},/{ID}/e,/0Q0/e,,,,Quote.005UZ00000BrdXxYAJ,System,true,ControlledByParent,ControlledByParent,false,false,false,false,,,,,,false,2025-04-14 08:28:36.605 -0700
"000000000000000AAA",DataMultiOrgSyncStatus,382,DataMultiOrgSyncStatus,,,,DataMultiOrgSyncStatus,Multi Org Sync Status,Multi Org Sync Status,Multi Org Sync Statuses,,false,false,false,false,false,,"264",false,false,false,true,false,false,false,true,true,true,true,false,true,false,/{ID},/{ID}/e,/264/e,,,,DataMultiOrgSyncStatus.005UZ00000BrdXxYAJ,System,false,ReadWrite,ReadWrite,false,false,false,false,,,,,,false,2025-04-14 08:28:32.879 -0700
"000000000000000AAA",AppAnalyticsQueryRequest,59,AppAnalyticsQueryRequest,,,,AppAnalyticsQueryRequest,App Analytics Query Request,App Analytics Query Request,App Analytics Query Requests,,false,true,false,false,false,,"0XI",false,false,true,true,false,false,true,true,true,true,true,false,true,true,/{ID},/{ID}/e,/0XI/e,,,,AppAnalyticsQueryRequest.005UZ00000BrdXxYAJ,System,false,ReadWrite,ReadWrite,false,false,false,false,,,,,,false,2025-04-14 08:28:32.386 -0700
"000000000000000AAA",FlowInterviewShare,522,FlowInterviewShare,,,,FlowInterviewShare,Flow Interview Share,Flow Interview Share,Flow Interview Share,,false,false,false,false,false,,"02c",false,false,false,true,false,false,false,true,true,true,true,false,true,false,/{ID},/{ID}/e,/02c/e,,,,FlowInterviewShare.005UZ00000BrdXxYAJ,System,false,ReadWrite,ReadWrite,false,false,false,false,,,,,,false,2025-04-14 08:28:34.532 -0700
"000000000000000AAA",EmailRoutingAddress,442,EmailRoutingAddress,,,,EmailRoutingAddress,Email-to-Case Routing Address,Email-to-Case Routing Address,Email-to-Case Routing Address,,false,false,false,false,false,,"02t",false,false,false,true,false,false,false,true,true,true,true,false,true,false,/{ID},/{ID}/e,/02t/e,,,,EmailRoutingAddress.005UZ00000BrdXxYAJ,System,false,ReadWrite,ReadWrite,false,false,false,false,,,,,,false,2025-04-14 08:28:34.343 -0700
"000000000000000AAA",ApprovalSubmission,65,ApprovalSubmission,,,,ApprovalSubmission,Approval Submission,Approval Submission,Approval Submissions,ApprovalSubmission.SYSTEM,true,true,true,true,true,,"9iP",false,false,true,true,false,false,true,true,true,true,true,false,true,false,/{ID},/{ID}/e,/9iP/e,,,,ApprovalSubmission.005UZ00000BrdXxYAJ,System,true,Private,Private,false,false,false,false,,,,,,false,2025-04-14 08:28:32.388 -0700
"000000000000000AAA",KnowledgeArticleVersionHistory,670,KnowledgeArticleVersionHistory,,,,KnowledgeArticleVersionHistory,Article Version History,Article Version History,Article Version History,,false,false,false,false,false,,"0DP",false,false,true,true,false,false,false,true,false,false,false,false,true,false,/{ID},/{ID}/e,/0DP/e,,,,KnowledgeArticleVersionHistory.005UZ00000BrdXxYAJ,System,false,ReadWrite,ReadWrite,false,false,false,false,,,,,,false,2025-04-14 08:28:34.765 -0700
"000000000000000AAA",ActivityMetric,30,ActivityMetric,,,,ActivityMetric,Activity Metric,Activity Metric,Activity Metrics,,false,true,true,false,false,,"0Gq",false,false,false,true,false,false,true,true,true,true,true,false,true,false,/{ID},/{ID}/e,/0Gq/e,,,,ActivityMetric.005UZ00000BrdXxYAJ,System,false,ReadWrite,ReadWrite,false,false,false,false,,,,,,false,2025-04-14 08:28:32.353 -0700
"000000000000000AAA",SBQQ__PriceSchedule__ChangeEvent,1008,"01I41000002c7iJ.ChangeEvent",,,SBQQ,PriceSchedule__ChangeEvent,Change Event: Price Schedule,Change Event: Price Schedule,Change Event: Price Schedule,,false,true,false,false,false,,"1CE",false,false,false,true,false,false,true,false,true,true,true,false,false,false,/{ID},/{ID}/e,/1CE/e,,,,"01I41000002c7iJ.ChangeEvent.005UZ00000BrdXxYAJ",CDC,false,ReadWrite,ReadWrite,false,false,false,false,,,,,,false,2025-04-14 08:28:36.601 -0700
"000000000000000AAA",AssociatedLocationChangeEvent,84,AssociatedLocationChangeEvent,,,,AssociatedLocationChangeEvent,Associated Location Change Event,Associated Location Change Event,Associated Location Change Event,,false,true,false,false,false,,"1CE",false,false,false,true,false,false,true,false,true,true,true,false,false,false,/{ID},/{ID}/e,/1CE/e,,,,AssociatedLocationChangeEvent.005UZ00000BrdXxYAJ,CDC,false,ControlledByParent,ControlledByParent,false,false,false,false,,,,,,false,2025-04-14 08:28:32.389 -0700
"000000000000000AAA",SBQQ__ProductOption__c,813,"01I41000002c7iR",2024-10-12 01:17:42.000 -0700,"00541000003NPmqAAG",SBQQ,ProductOption,Product Option,Product Option,Product Options,SBQQ__ProductOption__c.SYSTEM,true,true,true,true,true,Deployed,a0n,false,false,true,true,true,true,true,true,true,true,true,false,true,true,/{ID},/{ID}/e,/a0n/e,/01I41000002c7iR/e,ProductOptionHelp,/06641000007WPEa,"01I41000002c7iR.005UZ00000BrdXxYAJ",SBQQ,true,ReadWrite,ReadWrite,false,false,false,false,,,,,,false,2025-04-14 08:28:36.337 -0700
"000000000000000AAA",TaskRelationChangeEvent,1333,TaskRelationChangeEvent,,,,TaskRelationChangeEvent,Task Relation Change Event,Task Relation Change Event,Task Relation Change Event,,false,true,false,false,false,,"1CE",false,false,false,true,false,false,true,false,true,true,true,false,false,false,/{ID},/{ID}/e,/1CE/e,,,,TaskRelationChangeEvent.005UZ00000BrdXxYAJ,CDC,false,ReadWrite,ReadWrite,false,false,false,false,,,,,,false,2025-04-14 08:28:37.977 -0700
"000000000000000AAA",CalcInsightStatusEvent,157,CalcInsightStatusEvent,,,,CalcInsightStatusEvent,Calculated Insight Status Event,Calculated Insight Status Event,Calculated Insight Status Events,,false,true,false,false,false,,"1e3",false,false,false,false,false,false,true,false,true,false,false,false,false,false,/{ID},/{ID}/e,/1e3/e,,,,CalcInsightStatusEvent.005UZ00000BrdXxYAJ,Conduit,false,ReadWrite,ReadWrite,false,false,false,false,,,,,,false,2025-04-14 08:28:32.462 -0700
"000000000000000AAA",SBQQ__Quote__History,1156,"01I41000002c7iZ.History",,,SBQQ,Quote__History,History: Quote,History: Quote,History: Quote,,false,false,false,false,false,,"017",false,false,true,true,false,false,false,true,true,false,true,false,true,false,/{ID},/{ID}/e,/017/e,,,,"01I41000002c7iZ.History.005UZ00000BrdXxYAJ",System,false,ReadWrite,ReadWrite,false,false,false,false,,,,,,false,2025-04-14 08:28:36.608 -0700
"000000000000000AAA",SBQQ__WebQuoteLine__ChangeEvent,1207,"01I41000002c7iq.ChangeEvent",,,SBQQ,WebQuoteLine__ChangeEvent,Change Event: Web Quote Line,Change Event: Web Quote Line,Change Event: Web Quote Line,,false,true,false,false,false,,"1CE",false,false,false,true,false,false,true,false,true,true,true,false,false,false,/{ID},/{ID}/e,/1CE/e,,,,"01I41000002c7iq.ChangeEvent.005UZ00000BrdXxYAJ",CDC,false,ControlledByParent,ControlledByParent,false,false,false,false,,,,,,false,2025-04-14 08:28:37.918 -0700
"000000000000000AAA",LightningOnboardingConfig,736,LightningOnboardingConfig,,,,LightningOnboardingConfig,Lightning Onboarding Config,Lightning Onboarding Config,Lightning Onboarding Configs,,false,false,false,false,false,,"7MM",false,false,false,true,false,false,false,true,true,true,true,false,true,false,/{ID},/{ID}/e,/7MM/e,,,,LightningOnboardingConfig.005UZ00000BrdXxYAJ,System,false,ReadWrite,ReadWrite,false,false,false,false,,,,,,false,2025-04-14 08:28:34.926 -0700
"000000000000000AAA",PromptVersion,1011,PromptVersion,,,,PromptVersion,Prompt Version,Prompt Version,Prompt Versions,,false,false,false,false,false,,"0bt",false,false,false,true,false,true,false,true,true,true,true,false,true,false,/{ID},/{ID}/e,/0bt/e,,,,PromptVersion.005UZ00000BrdXxYAJ,System,false,ReadWrite,ReadWrite,false,false,false,false,,,,,,false,2025-04-14 08:28:36.602 -0700
"000000000000000AAA",OpportunityTeamMember,1142,OpportunityTeamMember,,,,OpportunityTeamMember,Opportunity Team Member,Opportunity Team Member,Opportunity Team,OpportunityTeamMember.SYSTEM,true,true,true,false,true,,"00q",false,false,true,true,false,false,true,true,true,true,true,false,true,false,/{ID},/{ID}/e,/00q/e,,,,OpportunityTeamMember.005UZ00000BrdXxYAJ,System,true,ReadWrite,ReadWrite,false,false,false,false,,,,,,false,2025-04-14 08:28:36.607 -0700
"000000000000000AAA",Network,907,Network,,,,Network,Network,Network,Networks,,false,false,false,false,false,,"0DB",false,false,false,true,false,false,false,true,false,true,true,false,true,false,/{ID},/{ID}/e,/0DB/e,,,,Network.005UZ00000BrdXxYAJ,System,false,ReadWrite,ReadWrite,false,false,false,false,,,,,,false,2025-04-14 08:28:36.436 -0700
"000000000000000AAA",SBQQ__CustomActionCondition__c,866,"01I41000002c7ht",2024-10-12 01:17:42.000 -0700,"00541000003NPmqAAG",SBQQ,CustomActionCondition,Custom Action Condition,Custom Action Condition,Custom Action Conditions,SBQQ__CustomActionCondition__c.SYSTEM,true,true,true,true,true,Deployed,a0F,false,false,true,true,false,false,true,true,true,true,true,false,true,false,/{ID},/{ID}/e,/a0F/e,/01I41000002c7ht/e,CustomActionsHelp,/06641000007WPDl,"01I41000002c7ht.005UZ00000BrdXxYAJ",SBQQ,true,ControlledByParent,ControlledByParent,false,false,false,false,,,,,,false,2025-04-14 08:28:36.386 -0700
"000000000000000AAA",codesters__Codesters_License__History,1511,"01I8X000003YKay.History",,,codesters,Codesters_License__History,History: Codesters License,History: Codesters License,History: Codesters License,,false,false,false,false,false,,"017",false,false,true,true,false,false,false,true,true,false,true,false,true,false,/{ID},/{ID}/e,/017/e,,,,"01I8X000003YKay.History.005UZ00000BrdXxYAJ",System,false,ControlledByParent,ControlledByParent,false,false,false,false,,,,,,false,2025-04-14 08:28:38.030 -0700
"000000000000000AAA",codesters__Codesters_Organization__Share,1518,"01I8X000003YKb0.Share",,,codesters,Codesters_Organization__Share,Share: Codesters Organization,Share: Codesters Organization,Share: Codesters Organization,,false,false,false,false,false,,"02c",false,false,false,true,false,false,false,true,true,true,true,false,true,false,/{ID},/{ID}/e,/02c/e,,,,"01I8X000003YKb0.Share.005UZ00000BrdXxYAJ",System,false,ReadWrite,Private,false,false,false,false,,,,,,false,2025-04-14 08:28:38.030 -0700
"000000000000000AAA",Lead_Status__ChangeEvent,718,"01I1L000002ylKZ.ChangeEvent",,,,Lead_Status__ChangeEvent,Change Event: Lead Status,Change Event: Lead Status,Change Event: Lead Status,,false,true,false,false,false,,"1CE",false,false,false,true,false,false,true,false,true,true,true,false,false,false,/{ID},/{ID}/e,/1CE/e,,,,"01I1L000002ylKZ.ChangeEvent.005UZ00000BrdXxYAJ",CDC,false,ReadWrite,Private,false,false,false,false,,,,,,false,2025-04-14 08:28:34.849 -0700
"000000000000000AAA",Incident,644,Incident,,,,Incident,Incident,Incident,Incidents,Incident.SYSTEM,true,true,true,false,true,,"0ny",false,false,true,true,true,true,true,true,true,true,true,true,true,true,/{ID},/{ID}/e,/0ny/e,,,,Incident.005UZ00000BrdXxYAJ,System,true,Private,Private,false,false,false,false,,,,,,false,2025-04-14 08:28:34.764 -0700
"000000000000000AAA",EngagementInterface,455,EngagementInterface,,,,EngagementInterface,Engagement Interface,Engagement Interface,Engagement Interfaces,,false,false,false,false,false,,"0xo",false,false,false,true,false,false,false,true,true,true,true,false,true,false,/{ID},/{ID}/e,/0xo/e,,,,EngagementInterface.005UZ00000BrdXxYAJ,System,false,ReadWrite,ReadWrite,false,false,false,true,,"MessagingSession,VoiceCall",,,,false,2025-04-14 08:28:34.397 -0700
"000000000000000AAA",IdentityResolutionFeed,632,IdentityResolutionFeed,,,,IdentityResolutionFeed,Identity Resolution Feed,Identity Resolution Feed,Identity Resolution Feed,,false,false,false,false,false,,"0D5",false,false,true,true,false,false,false,true,false,false,true,false,true,false,/{ID},/{ID}/e,/0D5/e,,,,IdentityResolutionFeed.005UZ00000BrdXxYAJ,System,false,ReadWrite,ReadWrite,false,false,false,false,,,,,,false,2025-04-14 08:28:34.763 -0700
"000000000000000AAA",CallDisposition,165,CallDisposition,,,,CallDisposition,CallDisposition,CallDisposition,CallDispositions,,false,false,false,false,false,,"0dN",false,false,false,true,false,false,false,true,true,true,true,false,true,false,/{ID},/{ID}/e,/0dN/e,,,,CallDisposition.005UZ00000BrdXxYAJ,System,false,ReadWrite,ReadWrite,false,false,false,false,,,,,,false,2025-04-14 08:28:32.463 -0700
"000000000000000AAA",LiveChatButtonDeployment,755,LiveChatButtonDeployment,,,,LiveChatButtonDeployment,LiveChatButtonDeployment,LiveChatButtonDeployment,LiveChatButtonDeployments,,false,false,false,false,false,,"0HJ",false,false,false,true,false,false,false,true,true,true,true,false,true,false,/{ID},/{ID}/e,/0HJ/e,,,,LiveChatButtonDeployment.005UZ00000BrdXxYAJ,System,false,ReadWrite,ReadWrite,false,false,false,false,,,,,,false,2025-04-14 08:28:34.927 -0700
"000000000000000AAA",SBQQ__DiscountTier__ChangeEvent,1038,"01I41000002c7i0.ChangeEvent",,,SBQQ,DiscountTier__ChangeEvent,Change Event: Discount Tier,Change Event: Discount Tier,Change Event: Discount Tier,,false,true,false,false,false,,"1CE",false,false,false,true,false,false,true,false,true,true,true,false,false,false,/{ID},/{ID}/e,/1CE/e,,,,"01I41000002c7i0.ChangeEvent.005UZ00000BrdXxYAJ",CDC,false,ControlledByParent,ControlledByParent,false,false,false,false,,,,,,false,2025-04-14 08:28:36.603 -0700
"000000000000000AAA",BusinessProcess,150,BusinessProcess,,,,BusinessProcess,Business Process,Business Process,Business Process,,false,false,false,false,false,,"019",false,false,true,true,false,false,false,true,true,true,false,false,true,false,/{ID},/{ID}/e,/019/e,,,,BusinessProcess.005UZ00000BrdXxYAJ,System,false,ReadWrite,ReadWrite,false,false,false,false,,,,,,false,2025-04-14 08:28:32.461 -0700
"000000000000000AAA",LCOM_License_Site__c,686,"01IUZ000000NrQE",2024-05-16 23:24:21.000 -0700,"005UZ000002t937YAA",,LCOM_License_Site,LCOM License Site,LCOM License Site,LCOM License Sites,LCOM_License_Site__c.SYSTEM,true,true,true,true,true,Deployed,a3Z,false,false,true,true,true,true,true,true,true,true,true,false,true,false,/{ID},/{ID}/e,/a3Z/e,/01IUZ000000NrQE/e,,,"01IUZ000000NrQE.005UZ00000BrdXxYAJ",<local>,true,ControlledByParent,ControlledByParent,false,false,false,false,,,,,,false,2025-04-14 08:28:34.847 -0700
"000000000000000AAA",ContactPointTypeConsentShare,288,ContactPointTypeConsentShare,,,,ContactPointTypeConsentShare,Contact Point Type Consent Share,Contact Point Type Consent Share,Contact Point Type Consent Share,,false,false,false,false,false,,"02c",false,false,false,true,false,false,false,true,true,true,true,false,true,false,/{ID},/{ID}/e,/02c/e,,,,ContactPointTypeConsentShare.005UZ00000BrdXxYAJ,System,false,Private,Private,false,false,false,false,,,,,,false,2025-04-14 08:28:32.688 -0700
"000000000000000AAA",CategoryNode,199,CategoryNode,,,,CategoryNode,Category Node,Category Node,Category Nodes,,false,false,false,false,false,,"02n",false,false,true,true,false,false,false,true,true,true,true,false,true,false,/{ID},/{ID}/e,/02n/e,,,,CategoryNode.005UZ00000BrdXxYAJ,System,false,ReadWrite,ReadWrite,false,false,false,false,,,,,,false,2025-04-14 08:28:32.478 -0700
"000000000000000AAA",RelatedListDefinition,1046,RelatedListDefinition,,,,RelatedListDefinition,Related List Definition,Related List Definition,Related List Definition,,false,false,false,false,false,,"0rl",false,false,false,false,false,false,false,false,true,true,true,false,true,false,/{ID},/{ID}/e,/0rl/e,,,,RelatedListDefinition.005UZ00000BrdXxYAJ,System,false,ReadWrite,ReadWrite,false,false,false,false,,,,,,false,2025-04-14 08:28:36.603 -0700
"000000000000000AAA",SBQQ__Favorite__c,844,"01I41000002c7i4",2024-10-12 01:17:42.000 -0700,"00541000003NPmqAAG",SBQQ,Favorite,Favorite,Favorite,Favorites,SBQQ__Favorite__c.SYSTEM,true,true,true,true,true,Deployed,a0Q,false,false,true,true,false,false,true,true,true,true,true,false,true,true,/{ID},/{ID}/e,/a0Q/e,/01I41000002c7i4/e,FavoritesHelp,/06641000007WPE2,"01I41000002c7i4.005UZ00000BrdXxYAJ",SBQQ,true,ReadWrite,ReadWrite,false,false,false,false,,,,,,false,2025-04-14 08:28:36.372 -0700
"000000000000000AAA",AssetRelationshipChangeEvent,76,AssetRelationshipChangeEvent,,,,AssetRelationshipChangeEvent,Asset Relationship Change Event,Asset Relationship Change Event,Asset Relationship Change Event,,false,true,false,false,false,,"1CE",false,false,false,true,false,false,true,false,true,true,true,false,false,false,/{ID},/{ID}/e,/1CE/e,,,,AssetRelationshipChangeEvent.005UZ00000BrdXxYAJ,CDC,false,ControlledByParent,ControlledByParent,false,false,false,false,,,,,,false,2025-04-14 08:28:32.389 -0700
"000000000000000AAA",Gong__Gong_Call__History,578,"01IUZ0000004zxp.History",,,Gong,Gong_Call__History,History: Conversation,History: Conversation,History: Conversation,,false,false,false,false,false,,"017",false,false,true,true,false,false,false,true,true,false,true,false,true,false,/{ID},/{ID}/e,/017/e,,,,"01IUZ0000004zxp.History.005UZ00000BrdXxYAJ",System,false,ReadWrite,Private,false,false,false,false,,,,,,false,2025-04-14 08:28:34.605 -0700
"000000000000000AAA",LCOM_License__ChangeEvent,687,"01IUZ000000NrQF.ChangeEvent",,,,LCOM_License__ChangeEvent,Change Event: LCOM License,Change Event: LCOM License,Change Event: LCOM License,,false,true,false,false,false,,"1CE",false,false,false,true,false,false,true,false,true,true,true,false,false,false,/{ID},/{ID}/e,/1CE/e,,,,"01IUZ000000NrQF.ChangeEvent.005UZ00000BrdXxYAJ",CDC,false,ControlledByParent,ControlledByParent,false,false,false,false,,,,,,false,2025-04-14 08:28:34.847 -0700
"000000000000000AAA",Scontrol,1222,Scontrol,,,,Scontrol,Custom S-Control,Custom S-Control,Custom S-Controls,,false,false,false,false,false,,"01N",false,false,true,true,false,false,false,true,true,true,true,false,true,false,/{ID},/{ID}/e,/01N/e,,,,Scontrol.005UZ00000BrdXxYAJ,System,false,ReadWrite,ReadWrite,false,false,false,false,,,,,,false,2025-04-14 08:28:37.933 -0700
"000000000000000AAA",QuoteHistory,1179,QuoteHistory,,,,QuoteHistory,Quote History,Quote History,Quote History,,false,false,false,false,false,,"017",false,false,true,true,false,false,false,true,true,false,true,false,true,false,/{ID},/{ID}/e,/017/e,,,,QuoteHistory.005UZ00000BrdXxYAJ,System,false,ControlledByParent,ControlledByParent,false,false,false,false,,,,,,false,2025-04-14 08:28:36.617 -0700
"000000000000000AAA",ApexLog,49,ApexLog,,,,ApexLog,Apex Debug Log,Apex Debug Log,Apex Debug Log,,false,false,false,false,false,,"07L",false,false,false,true,false,false,false,true,false,false,true,false,true,false,/{ID},/{ID}/e,/07L/e,,,,ApexLog.005UZ00000BrdXxYAJ,System,false,ReadWrite,ReadWrite,false,false,false,false,,,,,,false,2025-04-14 08:28:32.361 -0700
"000000000000000AAA",DataLineageNodeSyncStatusShare,378,DataLineageNodeSyncStatusShare,,,,DataLineageNodeSyncStatusShare,Lineage Node Sync Status Share,Lineage Node Sync Status Share,Lineage Node Sync Status Share,,false,false,false,false,false,,"02c",false,false,false,true,false,false,false,true,true,true,true,false,true,false,/{ID},/{ID}/e,/02c/e,,,,DataLineageNodeSyncStatusShare.005UZ00000BrdXxYAJ,System,false,Private,Private,false,false,false,false,,,,,,false,2025-04-14 08:28:32.879 -0700
"000000000000000AAA",SkillRequirementHistory,1272,SkillRequirementHistory,,,,SkillRequirementHistory,Skill Requirement History,Skill Requirement History,Skill Requirement History,,false,false,false,false,false,,"017",false,false,true,true,false,false,false,true,true,false,true,false,true,false,/{ID},/{ID}/e,/017/e,,,,SkillRequirementHistory.005UZ00000BrdXxYAJ,System,false,ControlledByParent,ControlledByParent,false,false,false,false,,,,,,false,2025-04-14 08:28:37.959 -0700
"000000000000000AAA",EntityMilestoneFeed,467,EntityMilestoneFeed,,,,EntityMilestoneFeed,Object Milestone Feed,Object Milestone Feed,Object Milestone Feed,,false,false,false,false,false,,"0D5",false,false,true,true,false,false,false,true,false,false,true,false,true,false,/{ID},/{ID}/e,/0D5/e,,,,EntityMilestoneFeed.005UZ00000BrdXxYAJ,System,false,ReadWrite,ReadWrite,false,false,false,false,,,,,,false,2025-04-14 08:28:34.403 -0700
"000000000000000AAA",LiveChatTranscriptHistory,764,LiveChatTranscriptHistory,,,,LiveChatTranscriptHistory,Chat Transcript History,Chat Transcript History,Chat Transcript History,,false,false,false,false,false,,"017",false,false,true,true,false,false,false,true,true,false,true,false,true,false,/{ID},/{ID}/e,/017/e,,,,LiveChatTranscriptHistory.005UZ00000BrdXxYAJ,System,false,Private,Private,false,false,false,false,,,,,,false,2025-04-14 08:28:34.927 -0700
"000000000000000AAA",ConversationDefinitionDialog,328,ConversationDefinitionDialog,,,,ConversationDefinitionDialog,Dialog,Dialog,Dialogs,,false,false,false,false,false,,"0Xd",false,false,false,true,false,false,false,true,true,true,true,false,true,false,/{ID},/{ID}/e,/0Xd/e,,,,ConversationDefinitionDialog.005UZ00000BrdXxYAJ,System,false,ReadWrite,ReadWrite,false,false,false,false,,,,,,false,2025-04-14 08:28:32.876 -0700
"000000000000000AAA",EmailServicesFunction,444,EmailServicesFunction,,,,EmailServicesFunction,Email Service,Email Service,Email Services,,false,false,false,false,false,,"091",false,false,true,true,false,false,false,true,true,true,true,false,true,false,/{ID},/{ID}/e,/091/e,,,,EmailServicesFunction.005UZ00000BrdXxYAJ,System,false,ReadWrite,ReadWrite,false,false,false,false,,,,,,false,2025-04-14 08:28:34.394 -0700
"000000000000000AAA",ProfileSkillUserHistory,956,ProfileSkillUserHistory,,,,ProfileSkillUserHistory,Skill User History,Skill User History,Skill User History,,false,false,false,false,false,,"017",false,false,true,true,false,false,false,true,true,false,true,false,true,false,/{ID},/{ID}/e,/017/e,,,,ProfileSkillUserHistory.005UZ00000BrdXxYAJ,System,false,ControlledByParent,ControlledByParent,false,false,false,false,,,,,,false,2025-04-14 08:28:36.513 -0700
"000000000000000AAA",LocationChangeEvent,773,LocationChangeEvent,,,,LocationChangeEvent,Location Change Event,Location Change Event,Location Change Event,,false,true,false,false,false,,"1CE",false,false,false,true,false,false,true,false,true,true,true,false,false,false,/{ID},/{ID}/e,/1CE/e,,,,LocationChangeEvent.005UZ00000BrdXxYAJ,CDC,false,ReadWrite,ReadWrite,false,false,false,false,,,,,,false,2025-04-14 08:28:34.928 -0700
"000000000000000AAA",ActivityHistory,29,ActivityHistory,,,,ActivityHistory,Activity History,Activity History,Activity History,,false,false,false,false,false,,,false,false,false,false,false,false,false,true,false,false,false,false,false,false,/{ID},/{ID}/e,/null/e,,,,ActivityHistory.005UZ00000BrdXxYAJ,System,false,ReadWrite,ReadWrite,false,false,false,false,,,,,,false,2025-04-14 08:28:32.353 -0700
"000000000000000AAA",AddressHistory,34,AddressHistory,,,,AddressHistory,Address History,Address History,Address History,,false,false,false,false,false,,"017",false,false,true,true,false,false,false,true,true,false,true,false,true,false,/{ID},/{ID}/e,/017/e,,,,AddressHistory.005UZ00000BrdXxYAJ,System,false,ControlledByParent,ControlledByParent,false,false,false,false,,,,,,false,2025-04-14 08:28:32.353 -0700
"000000000000000AAA",EnhancedLetterhead,457,EnhancedLetterhead,,,,EnhancedLetterhead,Enhanced Letterhead,Enhanced Letterhead,Enhanced Letterheads,EnhancedLetterhead.SYSTEM,false,false,false,false,true,,"0Rn",false,false,true,true,true,true,false,true,true,true,true,false,true,true,/{ID},/{ID}/e,/0Rn/e,,,,EnhancedLetterhead.005UZ00000BrdXxYAJ,System,true,ReadWrite,ReadWrite,false,false,false,false,,,,,,false,2025-04-14 08:28:34.397 -0700
"000000000000000AAA",ExtDataShareFeed,491,ExtDataShareFeed,,,,ExtDataShareFeed,Data Share Feed,Data Share Feed,Data Share Feed,,false,false,false,false,false,,"0D5",false,false,true,true,false,false,false,true,false,false,true,false,true,false,/{ID},/{ID}/e,/0D5/e,,,,ExtDataShareFeed.005UZ00000BrdXxYAJ,System,false,ReadWrite,ReadWrite,false,false,false,false,,,,,,false,2025-04-14 08:28:34.417 -0700
"000000000000000AAA",AuthConfigProviders,98,AuthConfigProviders,,,,AuthConfigProviders,Authentication Configuration Auth. Provider,Authentication Configuration Auth. Provider,Authentication Configuration Auth. Providers,,false,false,false,false,false,,"07U",false,false,false,true,false,false,false,true,true,false,true,false,true,false,/{ID},/{ID}/e,/07U/e,,,,AuthConfigProviders.005UZ00000BrdXxYAJ,System,false,ReadWrite,ReadWrite,false,false,false,false,,,,,,false,2025-04-14 08:28:32.390 -0700
"000000000000000AAA",ConvDefDialogDailyMetric,321,ConvDefDialogDailyMetric,,,,ConvDefDialogDailyMetric,Conversation Definition Dialog Daily Metric,Conversation Definition Dialog Daily Metric,Conversation Definition Dialog Daily Metrics,,false,false,false,false,false,,"593",false,false,true,true,false,false,false,true,true,true,true,false,true,false,/{ID},/{ID}/e,/593/e,,,,ConvDefDialogDailyMetric.005UZ00000BrdXxYAJ,System,false,ReadWrite,ReadWrite,false,false,false,false,,,,,,false,2025-04-14 08:28:32.722 -0700
"000000000000000AAA",SharingRecordCollectionShare,1259,SharingRecordCollectionShare,,,,SharingRecordCollectionShare,Record Collection Share,Record Collection Share,Record Collection Share,,false,false,false,false,false,,"02c",false,false,false,true,false,false,false,true,true,true,true,false,true,false,/{ID},/{ID}/e,/02c/e,,,,SharingRecordCollectionShare.005UZ00000BrdXxYAJ,System,false,Private,Private,false,false,false,false,,,,,,false,2025-04-14 08:28:37.951 -0700
"000000000000000AAA",WorkOrderFeed,1436,WorkOrderFeed,,,,WorkOrderFeed,Work Order Feed,Work Order Feed,Work Order Feed,,false,false,false,false,false,,"0D5",false,false,true,true,false,false,false,true,false,false,true,false,true,false,/{ID},/{ID}/e,/0D5/e,,,,WorkOrderFeed.005UZ00000BrdXxYAJ,System,false,ReadWrite,ReadWrite,false,false,false,false,,,,,,false,2025-04-14 08:28:38.005 -0700
"000000000000000AAA",ForecastingCategoryMapping,540,ForecastingCategoryMapping,,,,ForecastingCategoryMapping,Forecasting Category Mapping,Forecasting Category Mapping,Forecasting Category Mappings,,false,false,false,false,false,,"0Jd",false,false,false,true,false,false,false,true,true,false,true,false,true,false,/{ID},/{ID}/e,/0Jd/e,,,,ForecastingCategoryMapping.005UZ00000BrdXxYAJ,System,false,ReadWrite,ReadWrite,false,false,false,false,,,,,,false,2025-04-14 08:28:34.533 -0700
"000000000000000AAA",DatacloudAddress,415,DatacloudAddress,,,,DatacloudAddress,Data.com Address,Data.com Address,Data.com Addresses,,false,false,false,false,false,,"07m",false,false,false,false,false,false,false,true,true,true,true,false,true,false,/{ID},/{ID}/e,/07m/e,,,,DatacloudAddress.005UZ00000BrdXxYAJ,System,false,ReadWrite,ReadWrite,false,false,false,false,,,,,,false,2025-04-14 08:28:34.329 -0700
"000000000000000AAA",PermissionSetGroup,1104,PermissionSetGroup,,,,PermissionSetGroup,Permission Set Group,Permission Set Group,Permission Set Groups,,false,false,false,false,false,,"0PG",false,false,false,true,false,false,false,true,true,true,true,false,true,true,/{ID},/{ID}/e,/0PG/e,,,,PermissionSetGroup.005UZ00000BrdXxYAJ,System,false,ReadWrite,ReadWrite,false,false,false,false,,,,,,false,2025-04-14 08:28:36.606 -0700
"000000000000000AAA",RecordAction,1045,RecordAction,,,,RecordAction,RecordAction,RecordAction,RecordActions,,true,true,false,false,false,,"0Rw",false,false,true,true,false,false,true,true,true,true,true,false,true,false,/{ID},/{ID}/e,/0Rw/e,,,,RecordAction.005UZ00000BrdXxYAJ,System,false,ReadWrite,ReadWrite,false,false,false,false,,,,,,false,2025-04-14 08:28:36.603 -0700
"000000000000000AAA",Organization,908,Organization,,,,Organization,Organization,Organization,Organizations,,false,false,true,false,false,,"00D",false,false,true,true,false,false,false,true,true,true,false,false,true,false,/{ID},/{ID}/e,/00D/e,,,,Organization.005UZ00000BrdXxYAJ,System,false,ReadWrite,ReadWrite,false,false,false,false,,,,,,false,2025-04-14 08:28:36.436 -0700
"000000000000000AAA",LiveChatUserConfig,767,LiveChatUserConfig,,,,LiveChatUserConfig,Chat Agent Configuration,Chat Agent Configuration,Chat Agent Configurations,,false,false,false,false,false,,"0C6",false,false,false,true,false,false,false,true,true,true,true,false,true,false,/{ID},/{ID}/e,/0C6/e,,,,LiveChatUserConfig.005UZ00000BrdXxYAJ,System,false,ReadWrite,ReadWrite,false,false,false,false,,,,,,false,2025-04-14 08:28:34.928 -0700
"000000000000000AAA",QuickTextUsage,1133,QuickTextUsage,,,,QuickTextUsage,Quick Text Usage,Quick Text Usage,Quick Text Usages,,false,true,true,true,false,,"5QL",false,false,true,true,false,false,true,true,true,true,true,false,true,false,/{ID},/{ID}/e,/5QL/e,,,,QuickTextUsage.005UZ00000BrdXxYAJ,System,false,Private,Private,false,false,false,false,,,,,,false,2025-04-14 08:28:36.607 -0700
"000000000000000AAA",CalendarView,159,CalendarView,,,,CalendarView,Calendar,Calendar,Calendars,,false,false,false,false,false,,"03A",false,false,true,true,false,false,false,true,true,true,true,false,true,false,/{ID},/{ID}/e,/03A/e,,,,CalendarView.005UZ00000BrdXxYAJ,System,false,Private,Private,false,false,false,false,,,,,,false,2025-04-14 08:28:32.462 -0700
"000000000000000AAA",DataQueryWorkspace,386,DataQueryWorkspace,,,,DataQueryWorkspace,Query Editor,Query Editor,Query Editor,DataQueryWorkspace.SYSTEM,true,true,true,true,true,,"20m",false,false,true,true,false,false,true,true,true,true,true,false,true,true,/{ID},/{ID}/e,/20m/e,,,,DataQueryWorkspace.005UZ00000BrdXxYAJ,System,true,Private,Private,false,false,false,false,,,,,,false,2025-04-14 08:28:32.879 -0700
"000000000000000AAA",KnowledgeArticle,668,KnowledgeArticle,,,,KnowledgeArticle,Knowledge Article,Knowledge Article,Knowledge Articles,,false,false,false,true,false,,kA#,false,false,false,true,false,false,false,true,true,true,true,false,true,true,/{ID},/{ID}/e,/kA#/e,,,,KnowledgeArticle.005UZ00000BrdXxYAJ,System,false,ReadWrite,ReadWrite,false,false,false,false,,,,,,false,2025-04-14 08:28:34.765 -0700
"000000000000000AAA",LoginHistory,777,LoginHistory,,,,LoginHistory,Login History,Login History,Login History,,false,false,false,false,false,,"0Ya",false,false,false,true,false,false,false,true,false,true,true,false,true,false,/{ID},/{ID}/e,/0Ya/e,,,,LoginHistory.005UZ00000BrdXxYAJ,System,false,ReadWrite,ReadWrite,false,false,false,false,,,,,,false,2025-04-14 08:28:34.928 -0700
"000000000000000AAA",SurveySubjectChangeEvent,1314,SurveySubjectChangeEvent,,,,SurveySubjectChangeEvent,Survey Subject Change Event,Survey Subject Change Event,Survey Subject Change Event,,false,true,false,false,false,,"1CE",false,false,false,true,false,false,true,false,true,true,true,false,false,false,/{ID},/{ID}/e,/1CE/e,,,,SurveySubjectChangeEvent.005UZ00000BrdXxYAJ,CDC,false,ControlledByParent,ControlledByParent,false,false,false,false,,,,,,false,2025-04-14 08:28:37.972 -0700
"000000000000000AAA",ObjectRelatedUrlChangeEvent,1071,ObjectRelatedUrlChangeEvent,,,,ObjectRelatedUrlChangeEvent,Object Related URL Change Event,Object Related URL Change Event,Object Related URL Change Event,,false,true,false,false,false,,"1CE",false,false,false,true,false,false,true,false,true,true,true,false,false,false,/{ID},/{ID}/e,/1CE/e,,,,ObjectRelatedUrlChangeEvent.005UZ00000BrdXxYAJ,CDC,false,ReadWrite,ReadWrite,false,false,false,false,,,,,,false,2025-04-14 08:28:36.604 -0700
"000000000000000AAA",SBQQ__TemplateSection__c,825,"01I41000002c7il",2024-10-12 01:17:42.000 -0700,"00541000003NPmqAAG",SBQQ,TemplateSection,Template Section,Template Section,Template Sections,SBQQ__TemplateSection__c.SYSTEM,true,true,true,true,true,Deployed,a17,false,false,true,true,false,false,true,true,true,true,true,false,true,false,/{ID},/{ID}/e,/a17/e,/01I41000002c7il/e,Template Section Help,/06641000007WPF7,"01I41000002c7il.005UZ00000BrdXxYAJ",SBQQ,true,ControlledByParent,ControlledByParent,false,false,false,false,,,,,,false,2025-04-14 08:28:36.357 -0700
"000000000000000AAA",SBQQ__PricingGuidanceTier__ChangeEvent,1091,"01I1L0000032yvq.ChangeEvent",,,SBQQ,PricingGuidanceTier__ChangeEvent,Change Event: Pricing Guidance Tier,Change Event: Pricing Guidance Tier,Change Event: Pricing Guidance Tier,,false,true,false,false,false,,"1CE",false,false,false,true,false,false,true,false,true,true,true,false,false,false,/{ID},/{ID}/e,/1CE/e,,,,"01I1L0000032yvq.ChangeEvent.005UZ00000BrdXxYAJ",CDC,false,ControlledByParent,ControlledByParent,false,false,false,false,,,,,,false,2025-04-14 08:28:36.605 -0700
"000000000000000AAA",Incp__timeZoneSelection__c,656,"01IUZ0000009U3i",2024-03-13 14:33:26.000 -0700,"0058X00000Fi8mPQAR",Incp,timeZoneSelection,Time Zone Selection,Time Zone Selection,Time Zone Selection,,true,false,false,false,false,Deployed,a31,true,false,true,true,true,true,false,true,true,true,true,false,true,false,/{ID},/{ID}/e,/a31/e,/01IUZ0000009U3i/e,,,"01IUZ0000009U3i.005UZ00000BrdXxYAJ",Incp,true,ReadWrite,ReadWrite,false,false,false,false,,,,,,false,2025-04-14 08:28:34.765 -0700
"000000000000000AAA",Graphics_Pack_Example__Share,610,"01IUZ000000Wh0F.Share",,,,Graphics_Pack_Example__Share,Share: Graphics Pack Example,Share: Graphics Pack Example,Share: Graphics Pack Example,,false,false,false,false,false,,"02c",false,false,false,true,false,false,false,true,true,true,true,false,true,false,/{ID},/{ID}/e,/02c/e,,,,"01IUZ000000Wh0F.Share.005UZ00000BrdXxYAJ",System,false,ReadWrite,Private,false,false,false,false,,,,,,false,2025-04-14 08:28:34.675 -0700
"000000000000000AAA",LeadShare,716,LeadShare,,,,LeadShare,Lead Share,Lead Share,Lead Share,,false,false,false,false,false,,"01o",false,false,false,true,false,false,false,true,true,true,true,false,true,false,/{ID},/{ID}/e,/01o/e,,,,LeadShare.005UZ00000BrdXxYAJ,System,false,ReadWrite,ReadWrite,false,false,false,false,,,,,,false,2025-04-14 08:28:34.849 -0700
"000000000000000AAA",orgtrusthealth__SFInstance__History,1541,"01I8X000002MYQD.History",,,orgtrusthealth,SFInstance__History,History: SFInstance,History: SFInstance,History: SFInstance,,false,false,false,false,false,,"017",false,false,true,true,false,false,false,true,true,false,true,false,true,false,/{ID},/{ID}/e,/017/e,,,,"01I8X000002MYQD.History.005UZ00000BrdXxYAJ",System,false,ReadWrite,Private,false,false,false,false,,,,,,false,2025-04-14 08:28:38.040 -0700
"000000000000000AAA",SBQQ__CustomScript__ChangeEvent,997,"01I41000002c7hw.ChangeEvent",,,SBQQ,CustomScript__ChangeEvent,Change Event: Custom Script,Change Event: Custom Script,Change Event: Custom Script,,false,true,false,false,false,,"1CE",false,false,false,true,false,false,true,false,true,true,true,false,false,false,/{ID},/{ID}/e,/1CE/e,,,,"01I41000002c7hw.ChangeEvent.005UZ00000BrdXxYAJ",CDC,false,ReadWrite,ReadWrite,false,false,false,false,,,,,,false,2025-04-14 08:28:36.583 -0700
"000000000000000AAA",AccountContactRoleChangeEvent,14,AccountContactRoleChangeEvent,,,,AccountContactRoleChangeEvent,Account Contact Role Change Event,Account Contact Role Change Event,Account Contact Role Change Event,,false,true,false,false,false,,"1CE",false,false,false,true,false,false,true,false,true,true,true,false,false,false,/{ID},/{ID}/e,/1CE/e,,,,AccountContactRoleChangeEvent.005UZ00000BrdXxYAJ,CDC,false,ControlledByParent,ControlledByParent,false,false,false,false,,,,,,false,2025-04-14 08:28:32.335 -0700
"000000000000000AAA",AccountChangeEvent,10,AccountChangeEvent,,,,AccountChangeEvent,Account Change Event,Account Change Event,Account Change Event,,false,true,false,false,false,,"1CE",false,false,false,true,false,false,true,false,true,true,true,false,false,false,/{ID},/{ID}/e,/1CE/e,,,,AccountChangeEvent.005UZ00000BrdXxYAJ,CDC,false,ReadWrite,ReadWrite,false,false,false,false,,,,,,false,2025-04-14 08:28:32.331 -0700
"000000000000000AAA",ConsumptionScheduleHistory,263,ConsumptionScheduleHistory,,,,ConsumptionScheduleHistory,Consumption Schedule History ID,Consumption Schedule History ID,Consumption Schedule History ID,,false,false,false,false,false,,"017",false,false,true,true,false,false,false,true,true,false,true,false,true,false,/{ID},/{ID}/e,/017/e,,,,ConsumptionScheduleHistory.005UZ00000BrdXxYAJ,System,false,Read,Read,false,false,false,false,,,,,,false,2025-04-14 08:28:32.665 -0700
"000000000000000AAA",WorkStepStatus,1463,WorkStepStatus,,,,WorkStepStatus,Work Step Status Value,Work Step Status Value,Work Step Status Value,,false,false,false,false,false,,,false,false,false,true,false,false,false,true,false,false,false,false,true,false,/{ID},/{ID}/e,/null/e,,,,WorkStepStatus.005UZ00000BrdXxYAJ,System,false,ReadWrite,ReadWrite,false,false,false,false,,,,,,false,2025-04-14 08:28:38.006 -0700
"000000000000000AAA",QuoteLineItemHistory,1052,QuoteLineItemHistory,,,,QuoteLineItemHistory,Quote Line Item History,Quote Line Item History,Quote Line Item History,,false,false,false,false,false,,"017",false,false,true,true,false,false,false,true,true,false,true,false,true,false,/{ID},/{ID}/e,/017/e,,,,QuoteLineItemHistory.005UZ00000BrdXxYAJ,System,false,ControlledByParent,ControlledByParent,false,false,false,false,,,,,,false,2025-04-14 08:28:36.603 -0700
"000000000000000AAA",Pricebook2ChangeEvent,1012,Pricebook2ChangeEvent,,,,Pricebook2ChangeEvent,Price Book Change Event,Price Book Change Event,Price Book Change Event,,false,true,false,false,false,,"1CE",false,false,false,true,false,false,true,false,true,true,true,false,false,false,/{ID},/{ID}/e,/1CE/e,,,,Pricebook2ChangeEvent.005UZ00000BrdXxYAJ,CDC,false,Read,Read,false,false,false,false,,,,,,false,2025-04-14 08:28:36.602 -0700
"000000000000000AAA",agileed__Position__ChangeEvent,1504,"01I41000001lWBZ.ChangeEvent",,,agileed,Position__ChangeEvent,Change Event: Position,Change Event: Position,Change Event: Position,,false,true,false,false,false,,"1CE",false,false,false,true,false,false,true,false,true,true,true,false,false,false,/{ID},/{ID}/e,/1CE/e,,,,"01I41000001lWBZ.ChangeEvent.005UZ00000BrdXxYAJ",CDC,false,ControlledByParent,ControlledByParent,false,false,false,false,,,,,,false,2025-04-14 08:28:38.025 -0700
"000000000000000AAA",DataCommCapDimValue,364,DataCommCapDimValue,,,,DataCommCapDimValue,Data Communication Capping Dimension Value,Data Communication Capping Dimension Value,Data Communication Capping Dimension Values,,false,false,false,false,false,,"1E5",false,false,false,true,false,false,false,true,true,true,true,false,true,false,/{ID},/{ID}/e,/1E5/e,,,,DataCommCapDimValue.005UZ00000BrdXxYAJ,System,false,ReadWrite,ReadWrite,false,false,false,false,,,,,,false,2025-04-14 08:28:32.878 -0700
"000000000000000AAA",X2020_Renewal_Pipeline_Snapshot__ChangeEvent,1472,"01I1L000002ua9z.ChangeEvent",,,,X2020_Renewal_Pipeline_Snapshot__ChangeEvent,Change Event: 2020 Renewal Pipeline Snapshot,Change Event: 2020 Renewal Pipeline Snapshot,Change Event: 2020 Renewal Pipeline Snapshot,,false,true,false,false,false,,"1CE",false,false,false,true,false,false,true,false,true,true,true,false,false,false,/{ID},/{ID}/e,/1CE/e,,,,"01I1L000002ua9z.ChangeEvent.005UZ00000BrdXxYAJ",CDC,false,ReadWrite,Private,false,false,false,false,,,,,,false,2025-04-14 08:28:38.015 -0700
"000000000000000AAA",ChangeRequestRelatedIssue,205,ChangeRequestRelatedIssue,,,,ChangeRequestRelatedIssue,Change Request Related Issue,Change Request Related Issue,Change Request Related Issues,ChangeRequestRelatedIssue.SYSTEM,true,true,true,false,true,,"0oK",false,false,true,true,false,false,true,true,true,true,true,false,true,false,/{ID},/{ID}/e,/0oK/e,,,,ChangeRequestRelatedIssue.005UZ00000BrdXxYAJ,System,true,ControlledByParent,ControlledByParent,false,false,false,false,,,,,,false,2025-04-14 08:28:32.479 -0700
"000000000000000AAA",ContactPointPhoneHistory,283,ContactPointPhoneHistory,,,,ContactPointPhoneHistory,Contact Point Phone History,Contact Point Phone History,Contact Point Phone History,,false,false,false,false,false,,"017",false,false,true,true,false,false,false,true,true,false,true,false,true,false,/{ID},/{ID}/e,/017/e,,,,ContactPointPhoneHistory.005UZ00000BrdXxYAJ,System,false,ControlledByParent,ControlledByParent,false,false,false,false,,,,,,false,2025-04-14 08:28:32.688 -0700
"000000000000000AAA",DecisionTableSourceCriteria,419,DecisionTableSourceCriteria,,,,DecisionTableSourceCriteria,Decision Table Source Criteria,Decision Table Source Criteria,Decision Table Source Criteria,,false,false,false,false,false,,"0VT",false,false,false,true,false,false,false,true,false,false,true,false,true,false,/{ID},/{ID}/e,/0VT/e,,,,DecisionTableSourceCriteria.005UZ00000BrdXxYAJ,System,false,ReadWrite,ReadWrite,false,false,false,false,,,,,,false,2025-04-14 08:28:34.336 -0700
"000000000000000AAA",MktMLSetupRunChgEvent,1145,MktMLSetupRunChgEvent,,,,MktMLSetupRunChgEvent,ML Setup Run Change Event,ML Setup Run Change Event,ML Setup Run Change Events,,false,true,false,false,false,,"1e9",false,false,false,false,false,false,true,false,true,false,false,false,false,false,/{ID},/{ID}/e,/1e9/e,,,,MktMLSetupRunChgEvent.005UZ00000BrdXxYAJ,Conduit,false,ReadWrite,ReadWrite,false,false,false,false,,,,,,false,2025-04-14 08:28:36.607 -0700
"000000000000000AAA",CombinedAttachment,228,CombinedAttachment,,,,CombinedAttachment,"Note, Attachment, Google Doc And File","Note, Attachment, Google Doc And File","Notes, Attachments, Google Docs And Files",,false,false,false,false,false,,,false,false,false,false,false,false,false,true,false,false,false,false,false,false,/{ID},/{ID}/e,/null/e,,,,CombinedAttachment.005UZ00000BrdXxYAJ,System,false,ReadWrite,ReadWrite,false,false,false,false,,,,,,false,2025-04-14 08:28:32.562 -0700
"000000000000000AAA",OrderStatus,1068,OrderStatus,,,,OrderStatus,Order Status Value,Order Status Value,Order Status Values,,false,false,false,false,false,,,false,false,false,true,false,false,false,true,false,false,false,false,true,false,/{ID},/{ID}/e,/null/e,,,,OrderStatus.005UZ00000BrdXxYAJ,System,false,ReadWrite,ReadWrite,false,false,false,false,,,,,,false,2025-04-14 08:28:36.604 -0700
"000000000000000AAA",agileed__Lead_Position__c,1503,"01I1L000002uaN1",2024-10-02 08:34:06.000 -0700,"00541000001SOPlAAO",agileed,Lead_Position,Lead Position,Lead Position,Lead Positions,agileed__Lead_Position__c.SYSTEM,true,true,true,true,true,Deployed,a5h,false,false,true,true,false,false,true,true,true,true,true,false,true,false,/{ID},/{ID}/e,/a5h/e,/01I1L000002uaN1/e,,,"01I1L000002uaN1.005UZ00000BrdXxYAJ",agileed,true,ControlledByParent,ControlledByParent,false,false,false,false,,,,,,false,2025-04-14 08:28:38.025 -0700
"000000000000000AAA",Gong__Call_Stat__c,576,"01IUZ0000004zxo",2025-02-10 14:23:43.000 -0800,"005UZ00000B4tsPYAR",Gong,Call_Stat,Interaction Stats,Interaction Stats,Interaction Stats,Gong__Call_Stat__c.SYSTEM,true,true,true,true,true,Deployed,a2f,false,false,true,true,true,true,true,true,true,true,true,false,true,false,/{ID},/{ID}/e,/a2f/e,/01IUZ0000004zxo/e,,,"01IUZ0000004zxo.005UZ00000BrdXxYAJ",Gong,true,ReadWrite,Private,false,false,false,false,,,,,,false,2025-04-14 08:28:34.605 -0700
"000000000000000AAA",agileed__Course__Share,1495,"01I8X0000018SqC.Share",,,agileed,Course__Share,Share: Course,Share: Course,Share: Course,,false,false,false,false,false,,"02c",false,false,false,true,false,false,false,true,true,true,true,false,true,false,/{ID},/{ID}/e,/02c/e,,,,"01I8X0000018SqC.Share.005UZ00000BrdXxYAJ",System,false,ReadWrite,Private,false,false,false,false,,,,,,false,2025-04-14 08:28:38.025 -0700
"000000000000000AAA",AuthConfig,97,AuthConfig,,,,AuthConfig,Authentication Configuration,Authentication Configuration,Authentication Configurations,,false,false,false,false,false,,"07T",false,false,false,true,false,false,false,true,false,false,false,false,true,false,/{ID},/{ID}/e,/07T/e,,,,AuthConfig.005UZ00000BrdXxYAJ,System,false,ReadWrite,ReadWrite,false,false,false,false,,,,,,false,2025-04-14 08:28:32.390 -0700
"000000000000000AAA",SiteRedirectMapping,1265,SiteRedirectMapping,,,,SiteRedirectMapping,Site Redirect Mapping,Site Redirect Mapping,Site Redirect Mapping,,false,false,false,false,false,,"0H0",false,false,false,true,false,false,false,true,true,true,true,false,true,false,/{ID},/{ID}/e,/0H0/e,,,,SiteRedirectMapping.005UZ00000BrdXxYAJ,System,false,ReadWrite,ReadWrite,false,false,false,false,,,,,,false,2025-04-14 08:28:37.954 -0700
"000000000000000AAA",NetworkAffinity,1108,NetworkAffinity,,,,NetworkAffinity,Default Community,Default Community,Default Communities,,false,false,false,false,false,,"0OV",false,false,false,true,false,false,false,true,true,true,true,false,true,false,/{ID},/{ID}/e,/0OV/e,,,,NetworkAffinity.005UZ00000BrdXxYAJ,System,false,ReadWrite,ReadWrite,false,false,false,false,,,,,,false,2025-04-14 08:28:36.606 -0700
"000000000000000AAA",PartyConsentFeed,1136,PartyConsentFeed,,,,PartyConsentFeed,Party Consent Feed,Party Consent Feed,Party Consent Feed,,false,false,false,false,false,,"0D5",false,false,true,true,false,false,false,true,false,false,true,false,true,false,/{ID},/{ID}/e,/0D5/e,,,,PartyConsentFeed.005UZ00000BrdXxYAJ,System,false,Private,Private,false,false,false,false,,,,,,false,2025-04-14 08:28:36.607 -0700
"000000000000000AAA",Gong__Call_Invitee__History,568,"01IUZ0000004zxm.History",,,Gong,Call_Invitee__History,History: Invitee,History: Invitee,History: Invitee,,false,false,false,false,false,,"017",false,false,true,true,false,false,false,true,true,false,true,false,true,false,/{ID},/{ID}/e,/017/e,,,,"01IUZ0000004zxm.History.005UZ00000BrdXxYAJ",System,false,ControlledByParent,ControlledByParent,false,false,false,false,,,,,,false,2025-04-14 08:28:34.605 -0700
"000000000000000AAA",BroadcastCommAudienceShare,133,BroadcastCommAudienceShare,,,,BroadcastCommAudienceShare,Broadcast Communication Audience Share,Broadcast Communication Audience Share,Broadcast Communication Audience Share,,false,false,false,false,false,,"02c",false,false,false,true,false,false,false,true,true,true,true,false,true,false,/{ID},/{ID}/e,/02c/e,,,,BroadcastCommAudienceShare.005UZ00000BrdXxYAJ,System,false,Read,Read,false,false,false,false,,,,,,false,2025-04-14 08:28:32.453 -0700
"000000000000000AAA",Seller,1231,Seller,,,,Seller,Seller,Seller,Sellers,Seller.SYSTEM,true,true,true,true,true,,"0q6",false,false,true,true,true,true,true,true,true,true,true,false,true,true,/{ID},/{ID}/e,/0q6/e,,,,Seller.005UZ00000BrdXxYAJ,System,true,ReadWrite,Private,false,false,false,false,,,,,,false,2025-04-14 08:28:37.934 -0700
"000000000000000AAA",SBQQ__QuoteLinePricingGuidance__History,1040,"01I1L0000032yvs.History",,,SBQQ,QuoteLinePricingGuidance__History,History: Quote Line Pricing Guidance,History: Quote Line Pricing Guidance,History: Quote Line Pricing Guidance,,false,false,false,false,false,,"017",false,false,true,true,false,false,false,true,true,false,true,false,true,false,/{ID},/{ID}/e,/017/e,,,,"01I1L0000032yvs.History.005UZ00000BrdXxYAJ",System,false,ControlledByParent,ControlledByParent,false,false,false,false,,,,,,false,2025-04-14 08:28:36.603 -0700
"000000000000000AAA",BusinessBrandShare,148,BusinessBrandShare,,,,BusinessBrandShare,Business Brand Share,Business Brand Share,Business Brand Share,,false,false,false,false,false,,"02c",false,false,false,true,false,false,false,true,true,true,true,false,true,false,/{ID},/{ID}/e,/02c/e,,,,BusinessBrandShare.005UZ00000BrdXxYAJ,System,false,ReadWrite,Private,false,false,false,false,,,,,,false,2025-04-14 08:28:32.461 -0700
"000000000000000AAA",SBQQ__QuoteTemplate__c,848,"01I41000002c7iX",2024-10-12 01:17:42.000 -0700,"00541000003NPmqAAG",SBQQ,QuoteTemplate,Quote Template,Quote Template,Quote Templates,SBQQ__QuoteTemplate__c.SYSTEM,true,true,true,true,true,Deployed,a0t,false,false,true,true,true,true,true,true,true,true,true,false,true,true,/{ID},/{ID}/e,/a0t/e,/01I41000002c7iX/e,QuoteTemplateHelp,/06641000007WPEk,"01I41000002c7iX.005UZ00000BrdXxYAJ",SBQQ,true,ReadWrite,ReadWrite,false,false,false,false,,,,,,false,2025-04-14 08:28:36.373 -0700
"000000000000000AAA",WorkThanksShare,1471,WorkThanksShare,,,,WorkThanksShare,Thanks Share,Thanks Share,Thanks Share,,false,false,false,false,false,,"02c",false,false,false,true,false,false,false,true,true,true,true,false,true,false,/{ID},/{ID}/e,/02c/e,,,,WorkThanksShare.005UZ00000BrdXxYAJ,System,false,Read,Read,false,false,false,false,,,,,,false,2025-04-14 08:28:38.015 -0700
"000000000000000AAA",CollaborationGroupMemberRequest,222,CollaborationGroupMemberRequest,,,,CollaborationGroupMemberRequest,Group Member Request,Group Member Request,Group Member Requests,,false,false,false,false,false,,"0I5",false,false,false,true,false,false,false,true,true,true,true,false,true,false,/{ID},/{ID}/e,/0I5/e,,,,CollaborationGroupMemberRequest.005UZ00000BrdXxYAJ,System,false,ReadWrite,ReadWrite,false,false,false,false,,,,,,false,2025-04-14 08:28:32.562 -0700
"000000000000000AAA",codesters__Opportunity_License__ChangeEvent,1526,"01I8X000003YKb4.ChangeEvent",,,codesters,Opportunity_License__ChangeEvent,Change Event: Opportunity License,Change Event: Opportunity License,Change Event: Opportunity License,,false,true,false,false,false,,"1CE",false,false,false,true,false,false,true,false,true,true,true,false,false,false,/{ID},/{ID}/e,/1CE/e,,,,"01I8X000003YKb4.ChangeEvent.005UZ00000BrdXxYAJ",CDC,false,ControlledByParent,ControlledByParent,false,false,false,false,,,,,,false,2025-04-14 08:28:38.031 -0700
"000000000000000AAA",CaseRelatedIssue,186,CaseRelatedIssue,,,,CaseRelatedIssue,Case Related Issue,Case Related Issue,Case Related Issues,CaseRelatedIssue.SYSTEM,true,true,true,false,true,,"0oL",false,false,true,true,false,false,true,true,true,true,true,false,true,false,/{ID},/{ID}/e,/0oL/e,,,,CaseRelatedIssue.005UZ00000BrdXxYAJ,System,true,ControlledByParent,ControlledByParent,false,false,false,false,,,,,,false,2025-04-14 08:28:32.477 -0700
"000000000000000AAA",OmniSupervisorConfigAction,1196,OmniSupervisorConfigAction,,,,OmniSupervisorConfigAction,Omni Supervisor Configuration Action,Omni Supervisor Configuration Action,Omni Supervisor Configuration Actions,,false,false,false,false,false,,"3UC",false,false,false,true,false,false,false,true,true,true,true,false,true,false,/{ID},/{ID}/e,/3UC/e,,,,OmniSupervisorConfigAction.005UZ00000BrdXxYAJ,System,false,ReadWrite,ReadWrite,false,false,false,false,,,,,,false,2025-04-14 08:28:36.618 -0700
"000000000000000AAA",UserAccountTeamMember,1373,UserAccountTeamMember,,,,UserAccountTeamMember,User Account Team Member,User Account Team Member,User Account Team Member,,false,false,false,false,false,,"01D",false,false,true,true,false,false,false,true,true,true,true,false,true,false,/{ID},/{ID}/e,/01D/e,,,,UserAccountTeamMember.005UZ00000BrdXxYAJ,System,false,ReadWrite,ReadWrite,false,false,false,false,,,,,,false,2025-04-14 08:28:37.989 -0700
"000000000000000AAA",EmailMessage,439,EmailMessage,,,,EmailMessage,Email Message,Email Message,Email Messages,EmailMessage.SYSTEM,true,true,true,true,true,,"02s",false,false,true,true,true,true,true,true,true,true,true,false,true,false,/{ID},/{ID}/e,/02s/e,,,,EmailMessage.005UZ00000BrdXxYAJ,System,true,ReadWrite,ReadWrite,false,false,false,false,,,,,,false,2025-04-14 08:28:34.343 -0700
"000000000000000AAA",AttachedContentDocument,89,AttachedContentDocument,,,,AttachedContentDocument,Attached Content Document,Attached Content Document,Attached Content Documents,,false,false,false,false,false,,,false,false,false,false,false,false,false,true,false,false,false,false,false,false,/{ID},/{ID}/e,/null/e,,,,AttachedContentDocument.005UZ00000BrdXxYAJ,System,false,Private,Private,false,false,false,false,,,,,,false,2025-04-14 08:28:32.390 -0700
"000000000000000AAA",LinkedArticleChangeEvent,743,LinkedArticleChangeEvent,,,,LinkedArticleChangeEvent,Linked Article Change Event,Linked Article Change Event,Linked Article Change Event,,false,true,false,false,false,,"1CE",false,false,false,true,false,false,true,false,true,true,true,false,false,false,/{ID},/{ID}/e,/1CE/e,,,,LinkedArticleChangeEvent.005UZ00000BrdXxYAJ,CDC,false,ReadWrite,ReadWrite,false,false,false,false,,,,,,false,2025-04-14 08:28:34.926 -0700
"000000000000000AAA",ContractLineItem,316,ContractLineItem,,,,ContractLineItem,Contract Line Item,Contract Line Item,Contract Line Items,ContractLineItem.SYSTEM,true,true,true,false,true,,"811",false,false,true,true,true,true,true,true,true,true,true,false,true,true,/{ID},/{ID}/e,/811/e,,,,ContractLineItem.005UZ00000BrdXxYAJ,System,true,ControlledByParent,ControlledByParent,false,false,false,false,,,,,,false,2025-04-14 08:28:32.722 -0700
"000000000000000AAA",SBQQ__ConfigurationRule__ChangeEvent,1044,"01I41000002c7hq.ChangeEvent",,,SBQQ,ConfigurationRule__ChangeEvent,Change Event: Configuration Rule,Change Event: Configuration Rule,Change Event: Configuration Rule,,false,true,false,false,false,,"1CE",false,false,false,true,false,false,true,false,true,true,true,false,false,false,/{ID},/{ID}/e,/1CE/e,,,,"01I41000002c7hq.ChangeEvent.005UZ00000BrdXxYAJ",CDC,false,ControlledByParent,ControlledByParent,false,false,false,false,,,,,,false,2025-04-14 08:28:36.603 -0700
"000000000000000AAA",UnifiedActvtyInsightKeyword,1361,UnifiedActvtyInsightKeyword,,,,UnifiedActvtyInsightKeyword,Unified Activity Insight Keyword,Unified Activity Insight Keyword,Unified Activity Insight Keywords,,false,false,false,false,false,,"1ar",false,false,false,false,false,false,false,false,true,true,true,false,true,false,/{ID},/{ID}/e,/1ar/e,,,,UnifiedActvtyInsightKeyword.005UZ00000BrdXxYAJ,System,false,ReadWrite,ReadWrite,false,false,false,false,,,,,,false,2025-04-14 08:28:37.989 -0700
"000000000000000AAA",dstore__Audit_Configuration__Feed,1529,"01I1L000002yl0j.Feed",,,dstore,Audit_Configuration__Feed,Feed: Audit Configuration,Feed: Audit Configuration,Feed: Audit Configuration,,false,false,false,false,false,,"0D5",false,false,true,true,false,false,false,true,false,false,true,false,true,false,/{ID},/{ID}/e,/0D5/e,,,,"01I1L000002yl0j.Feed.005UZ00000BrdXxYAJ",System,false,ReadWrite,Private,false,false,false,false,,,,,,false,2025-04-14 08:28:38.031 -0700
"000000000000000AAA",LocationHistory,775,LocationHistory,,,,LocationHistory,Location History,Location History,Location History,,false,false,false,false,false,,"017",false,false,true,true,false,false,false,true,true,false,true,false,true,false,/{ID},/{ID}/e,/017/e,,,,LocationHistory.005UZ00000BrdXxYAJ,System,false,ReadWrite,ReadWrite,false,false,false,false,,,,,,false,2025-04-14 08:28:34.928 -0700
"000000000000000AAA",SBQQ__ImportFormat__ChangeEvent,1192,"01I41000002c7i9.ChangeEvent",,,SBQQ,ImportFormat__ChangeEvent,Change Event: Import Format,Change Event: Import Format,Change Event: Import Format,,false,true,false,false,false,,"1CE",false,false,false,true,false,false,true,false,true,true,true,false,false,false,/{ID},/{ID}/e,/1CE/e,,,,"01I41000002c7i9.ChangeEvent.005UZ00000BrdXxYAJ",CDC,false,ReadWrite,ReadWrite,false,false,false,false,,,,,,false,2025-04-14 08:28:36.617 -0700
"000000000000000AAA",DuplicateJobDefinition,432,DuplicateJobDefinition,,,,DuplicateJobDefinition,Duplicate Job Definition,Duplicate Job Definition,Duplicate Job Definitions,,false,false,false,false,false,,"0PO",false,false,false,true,false,false,false,true,false,false,false,false,true,false,/{ID},/{ID}/e,/0PO/e,,,,DuplicateJobDefinition.005UZ00000BrdXxYAJ,System,false,ReadWrite,ReadWrite,false,false,false,false,,,,,,false,2025-04-14 08:28:34.342 -0700
"000000000000000AAA",UiFormulaRule,1354,UiFormulaRule,,,,UiFormulaRule,Ui Formula Rule,Ui Formula Rule,Ui Formula Rules,,false,false,false,false,false,,"09t",false,false,false,true,false,false,false,true,false,false,false,false,true,false,/{ID},/{ID}/e,/09t/e,,,,UiFormulaRule.005UZ00000BrdXxYAJ,System,false,ReadWrite,ReadWrite,false,false,false,false,,,,,,false,2025-04-14 08:28:37.984 -0700
"000000000000000AAA",CallCoachingMediaProvider,164,CallCoachingMediaProvider,,,,CallCoachingMediaProvider,CallCoachingMediaProvider,CallCoachingMediaProvider,CallCoachingMediaProviders,,false,false,false,false,false,,"0hn",false,false,false,true,false,false,false,true,true,true,true,false,true,false,/{ID},/{ID}/e,/0hn/e,,,,CallCoachingMediaProvider.005UZ00000BrdXxYAJ,System,false,ReadWrite,ReadWrite,false,false,false,false,,,,,,false,2025-04-14 08:28:32.463 -0700
"000000000000000AAA",Survey,1292,Survey,,,,Survey,Survey,Survey,Surveys,Survey.SYSTEM,false,true,true,true,true,,"0Kd",false,false,true,true,true,true,true,true,false,false,false,false,true,true,/{ID},/{ID}/e,/0Kd/e,,,,Survey.005UZ00000BrdXxYAJ,System,true,Private,Private,false,false,false,false,,,,,,false,2025-04-14 08:28:37.971 -0700
"000000000000000AAA",ContactRequestShare,290,ContactRequestShare,,,,ContactRequestShare,Contact Request Share,Contact Request Share,Contact Request Share,,false,false,false,false,false,,"02c",false,false,false,true,false,false,false,true,true,true,true,false,true,false,/{ID},/{ID}/e,/02c/e,,,,ContactRequestShare.005UZ00000BrdXxYAJ,System,false,ReadWrite,ReadWrite,false,false,false,false,,,,,,false,2025-04-14 08:28:32.696 -0700
"000000000000000AAA",IS_REQUEST_FORM__Share,625,"01I1L000002qRTm.Share",,,,IS_REQUEST_FORM__Share,Share: IS Request Form,Share: IS Request Form,Share: IS Request Form,,false,false,false,false,false,,"02c",false,false,false,true,false,false,false,true,true,true,true,false,true,false,/{ID},/{ID}/e,/02c/e,,,,"01I1L000002qRTm.Share.005UZ00000BrdXxYAJ",System,false,ReadWrite,Private,false,false,false,false,,,,,,false,2025-04-14 08:28:34.763 -0700
"000000000000000AAA",ServiceContractFeed,1239,ServiceContractFeed,,,,ServiceContractFeed,Service Contract Feed,Service Contract Feed,Service Contract Feed,,false,false,false,false,false,,"0D5",false,false,true,true,false,false,false,true,false,false,true,false,true,false,/{ID},/{ID}/e,/0D5/e,,,,ServiceContractFeed.005UZ00000BrdXxYAJ,System,false,Private,Private,false,false,false,false,,,,,,false,2025-04-14 08:28:37.942 -0700
"000000000000000AAA",WorkOrderLineItemStatus,1442,WorkOrderLineItemStatus,,,,WorkOrderLineItemStatus,Work Order Line Item Status Value,Work Order Line Item Status Value,Work Order Line Item Status Value,,false,false,false,false,false,,,false,false,false,true,false,false,false,true,false,false,false,false,true,false,/{ID},/{ID}/e,/null/e,,,,WorkOrderLineItemStatus.005UZ00000BrdXxYAJ,System,false,ReadWrite,ReadWrite,false,false,false,false,,,,,,false,2025-04-14 08:28:38.005 -0700
"000000000000000AAA",License_Summary__History,732,"01I41000002zuJv.History",,,,License_Summary__History,History: License Summary,History: License Summary,History: License Summary,,false,false,false,false,false,,"017",false,false,true,true,false,false,false,true,true,false,true,false,true,false,/{ID},/{ID}/e,/017/e,,,,"01I41000002zuJv.History.005UZ00000BrdXxYAJ",System,false,ReadWrite,ReadWrite,false,false,false,false,,,,,,false,2025-04-14 08:28:34.866 -0700
"000000000000000AAA",SBQQ__SearchFilter__c,861,"01I41000002c7ie",2024-10-12 01:17:42.000 -0700,"00541000003NPmqAAG",SBQQ,SearchFilter,Search Filter,Search Filter,Search Filters,SBQQ__SearchFilter__c.SYSTEM,true,true,true,true,true,Deployed,a10,false,false,true,true,true,true,true,true,true,true,true,false,true,true,/{ID},/{ID}/e,/a10/e,/01I41000002c7ie/e,Search Filter Help,/06641000007WPEv,"01I41000002c7ie.005UZ00000BrdXxYAJ",SBQQ,true,ReadWrite,ReadWrite,false,false,false,false,,,,,,false,2025-04-14 08:28:36.380 -0700
"000000000000000AAA",SlackAppConversationEvent,1276,SlackAppConversationEvent,,,,SlackAppConversationEvent,Slack Application Conversation Event,Slack Application Conversation Event,Slack Application Conversation Events,,false,true,false,false,false,,"10A",false,false,false,false,false,false,true,false,true,false,false,false,false,false,/{ID},/{ID}/e,/10A/e,,,,SlackAppConversationEvent.005UZ00000BrdXxYAJ,Conduit,false,ReadWrite,ReadWrite,false,false,false,false,,,,,,false,2025-04-14 08:28:37.959 -0700
"000000000000000AAA",SkillChangeEvent,1267,SkillChangeEvent,,,,SkillChangeEvent,Skill Change Event,Skill Change Event,Skill Change Event,,false,true,false,false,false,,"1CE",false,false,false,true,false,false,true,false,true,true,true,false,false,false,/{ID},/{ID}/e,/1CE/e,,,,SkillChangeEvent.005UZ00000BrdXxYAJ,CDC,false,ReadWrite,ReadWrite,false,false,false,false,,,,,,false,2025-04-14 08:28:37.955 -0700
"000000000000000AAA",SBQQ__ConfigurationAttribute__ChangeEvent,966,"01I41000002c7hp.ChangeEvent",,,SBQQ,ConfigurationAttribute__ChangeEvent,Change Event: Configuration Attribute,Change Event: Configuration Attribute,Change Event: Configuration Attribute,,false,true,false,false,false,,"1CE",false,false,false,true,false,false,true,false,true,true,true,false,false,false,/{ID},/{ID}/e,/1CE/e,,,,"01I41000002c7hp.ChangeEvent.005UZ00000BrdXxYAJ",CDC,false,ReadWrite,ReadWrite,false,false,false,false,,,,,,false,2025-04-14 08:28:36.540 -0700
"000000000000000AAA",EventRelationChangeEvent,478,EventRelationChangeEvent,,,,EventRelationChangeEvent,Event Relation Change Event,Event Relation Change Event,Event Relation Change Event,,false,true,false,false,false,,"1CE",false,false,false,true,false,false,true,false,true,true,true,false,false,false,/{ID},/{ID}/e,/1CE/e,,,,EventRelationChangeEvent.005UZ00000BrdXxYAJ,CDC,false,ReadWrite,ReadWrite,false,false,false,false,,,,,,false,2025-04-14 08:28:34.403 -0700
"000000000000000AAA",IncidentRelatedItem,648,IncidentRelatedItem,,,,IncidentRelatedItem,Incident Related Item,Incident Related Item,Incident Related Items,IncidentRelatedItem.SYSTEM,true,true,true,false,true,,"0tA",false,false,true,true,false,false,true,true,true,true,true,false,true,false,/{ID},/{ID}/e,/0tA/e,,,,IncidentRelatedItem.005UZ00000BrdXxYAJ,System,true,ControlledByParent,ControlledByParent,false,false,false,false,,,,,,false,2025-04-14 08:28:34.764 -0700
"000000000000000AAA",LiveChatButtonSkill,756,LiveChatButtonSkill,,,,LiveChatButtonSkill,LiveChatButtonSkill,LiveChatButtonSkill,LiveChatButtonSkills,,false,false,false,false,false,,"0If",false,false,false,true,false,false,false,true,true,true,true,false,true,false,/{ID},/{ID}/e,/0If/e,,,,LiveChatButtonSkill.005UZ00000BrdXxYAJ,System,false,ReadWrite,ReadWrite,false,false,false,false,,,,,,false,2025-04-14 08:28:34.927 -0700
"000000000000000AAA",DuplicateJob,431,DuplicateJob,,,,DuplicateJob,Duplicate Job,Duplicate Job,Duplicate Jobs,,false,false,false,false,false,,"0PB",false,false,true,true,false,false,false,true,false,true,false,false,true,true,/{ID},/{ID}/e,/0PB/e,,,,DuplicateJob.005UZ00000BrdXxYAJ,System,false,ReadWrite,ReadWrite,false,false,false,false,,,,,,false,2025-04-14 08:28:34.342 -0700
"000000000000000AAA",FeedRevision,510,FeedRevision,,,,FeedRevision,Feed Revision,Feed Revision,Feed Revisions,,false,false,false,false,false,,"08U",false,false,true,true,false,false,false,true,false,false,false,false,true,false,/{ID},/{ID}/e,/08U/e,,,,FeedRevision.005UZ00000BrdXxYAJ,System,false,ReadWrite,ReadWrite,false,false,false,false,,,,,,false,2025-04-14 08:28:34.508 -0700
"000000000000000AAA",UnifiedMeetingParticipant,1365,UnifiedMeetingParticipant,,,,UnifiedMeetingParticipant,Unified Meeting Participant,Unified Meeting Participant,Unified Meeting Participants,,false,false,false,false,false,,"1ac",false,false,false,true,false,false,false,false,true,true,true,false,true,false,/{ID},/{ID}/e,/1ac/e,,,,UnifiedMeetingParticipant.005UZ00000BrdXxYAJ,System,false,ReadWrite,ReadWrite,false,false,false,false,,,,,,false,2025-04-14 08:28:37.989 -0700
"000000000000000AAA",SBQQ__QuoteLineConsumptionRate__ChangeEvent,1028,"01I1L0000032xzA.ChangeEvent",,,SBQQ,QuoteLineConsumptionRate__ChangeEvent,Change Event: Quote Line Consumption Rate,Change Event: Quote Line Consumption Rate,Change Event: Quote Line Consumption Rate,,false,true,false,false,false,,"1CE",false,false,false,true,false,false,true,false,true,true,true,false,false,false,/{ID},/{ID}/e,/1CE/e,,,,"01I1L0000032xzA.ChangeEvent.005UZ00000BrdXxYAJ",CDC,false,ControlledByParent,ControlledByParent,false,false,false,false,,,,,,false,2025-04-14 08:28:36.602 -0700
"000000000000000AAA",ServiceResourceSkillFeed,1250,ServiceResourceSkillFeed,,,,ServiceResourceSkillFeed,Service Resource Skill Feed,Service Resource Skill Feed,Service Resource Skill Feed,,false,false,false,false,false,,"0D5",false,false,true,true,false,false,false,true,false,false,true,false,true,false,/{ID},/{ID}/e,/0D5/e,,,,ServiceResourceSkillFeed.005UZ00000BrdXxYAJ,System,false,ControlledByParent,ControlledByParent,false,false,false,false,,,,,,false,2025-04-14 08:28:37.950 -0700
"000000000000000AAA",WorkPlanFeed,1447,WorkPlanFeed,,,,WorkPlanFeed,Work Plan Feed,Work Plan Feed,Work Plan Feed,,false,false,false,false,false,,"0D5",false,false,true,true,false,false,false,true,false,false,true,false,true,false,/{ID},/{ID}/e,/0D5/e,,,,WorkPlanFeed.005UZ00000BrdXxYAJ,System,false,Private,Private,false,false,false,false,,,,,,false,2025-04-14 08:28:38.006 -0700
"000000000000000AAA",Macro,783,Macro,,,,Macro,Macro,Macro,Macros,Macro.SYSTEM,true,true,true,false,true,,"0JZ",false,false,true,true,true,true,true,true,true,true,true,false,true,true,/{ID},/{ID}/e,/0JZ/e,,,,Macro.005UZ00000BrdXxYAJ,System,true,Private,Private,false,false,false,false,,,,,,false,2025-04-14 08:28:34.928 -0700
"000000000000000AAA",PermissionSetLicenseAssign,1036,PermissionSetLicenseAssign,,,,PermissionSetLicenseAssign,Permission Set License Assignment,Permission Set License Assignment,Permission Set License Assignments,,false,false,false,false,false,,"2LA",false,false,false,true,false,false,false,true,true,true,true,false,true,false,/{ID},/{ID}/e,/2LA/e,,,,PermissionSetLicenseAssign.005UZ00000BrdXxYAJ,System,false,ReadWrite,ReadWrite,false,false,false,false,,,,,,false,2025-04-14 08:28:36.603 -0700
"000000000000000AAA",Training_Session__c,1351,"01I41000002T6LK",2025-04-02 13:41:56.000 -0700,"005UZ00000B4tsPYAR",,Training_Session,Training Session,Training Session,Training Sessions,Training_Session__c.SYSTEM,true,true,true,true,true,Deployed,a1o,false,false,true,true,true,true,true,true,true,true,true,false,true,true,/{ID},/{ID}/e,/a1o/e,/01I41000002T6LK/e,,,"01I41000002T6LK.005UZ00000BrdXxYAJ",<local>,true,ReadWrite,ReadWrite,false,false,false,false,,,,,,false,2025-04-14 08:28:37.984 -0700
"000000000000000AAA",Incp__timeZoneSelection__ChangeEvent,655,"01IUZ0000009U3i.ChangeEvent",,,Incp,timeZoneSelection__ChangeEvent,Change Event: Time Zone Selection,Change Event: Time Zone Selection,Change Event: Time Zone Selection,,false,true,false,false,false,,"1CE",false,false,false,true,false,false,true,false,true,true,true,false,false,false,/{ID},/{ID}/e,/1CE/e,,,,"01IUZ0000009U3i.ChangeEvent.005UZ00000BrdXxYAJ",CDC,false,ReadWrite,ReadWrite,false,false,false,false,,,,,,false,2025-04-14 08:28:34.765 -0700
"000000000000000AAA",SBQQ__Dimension__c,826,"01I41000002c7hx",2024-10-12 01:17:42.000 -0700,"00541000003NPmqAAG",SBQQ,Dimension,Price Dimension,Price Dimension,Price Dimensions,SBQQ__Dimension__c.SYSTEM,true,true,true,true,true,Deployed,a0J,false,false,true,true,false,false,true,true,true,true,true,false,true,false,/{ID},/{ID}/e,/a0J/e,/01I41000002c7hx/e,PriceDimensionHelp,/06641000007WPES,"01I41000002c7hx.005UZ00000BrdXxYAJ",SBQQ,true,ReadWrite,ReadWrite,false,false,false,false,,,,,,false,2025-04-14 08:28:36.357 -0700
"000000000000000AAA",Scheduled_Flow__ChangeEvent,1217,"01I1L0000032y9D.ChangeEvent",,,,Scheduled_Flow__ChangeEvent,Change Event: Scheduled Flow,Change Event: Scheduled Flow,Change Event: Scheduled Flow,,false,true,false,false,false,,"1CE",false,false,false,true,false,false,true,false,true,true,true,false,false,false,/{ID},/{ID}/e,/1CE/e,,,,"01I1L0000032y9D.ChangeEvent.005UZ00000BrdXxYAJ",CDC,false,ReadWrite,ReadWrite,false,false,false,false,,,,,,false,2025-04-14 08:28:37.933 -0700
"000000000000000AAA",EventWhoRelation,482,EventWhoRelation,,,,EventWhoRelation,Event Who Relation,Event Who Relation,Event Who Relations,,false,false,false,false,false,,,false,false,false,true,false,false,false,true,false,false,false,false,true,false,/{ID},/{ID}/e,/null/e,,,,EventWhoRelation.005UZ00000BrdXxYAJ,System,false,ReadWrite,ReadWrite,false,false,false,false,,,,,,false,2025-04-14 08:28:34.410 -0700
"000000000000000AAA",OpportunityLineItemChangeEvent,1090,OpportunityLineItemChangeEvent,,,,OpportunityLineItemChangeEvent,Opportunity Product Change Event,Opportunity Product Change Event,Opportunity Product Change Event,,false,true,false,false,false,,"1CE",false,false,false,true,false,false,true,false,true,true,true,false,false,false,/{ID},/{ID}/e,/1CE/e,,,,OpportunityLineItemChangeEvent.005UZ00000BrdXxYAJ,CDC,false,ReadWrite,ReadWrite,false,false,false,false,,,,,,false,2025-04-14 08:28:36.605 -0700
"000000000000000AAA",ActivePermSetLicenseMetric,26,ActivePermSetLicenseMetric,,,,ActivePermSetLicenseMetric,Active Permission Set License Metric,Active Permission Set License Metric,Active Permission Set License Metrics,,false,false,false,false,false,,"5H1",false,false,false,true,false,false,false,true,true,true,true,false,true,false,/{ID},/{ID}/e,/5H1/e,,,,ActivePermSetLicenseMetric.005UZ00000BrdXxYAJ,System,false,ReadWrite,ReadWrite,false,false,false,false,,,,,,false,2025-04-14 08:28:32.352 -0700
"000000000000000AAA",SurveyQuestionResponseChangeEvent,1308,SurveyQuestionResponseChangeEvent,,,,SurveyQuestionResponseChangeEvent,Survey Question Response Change Event,Survey Question Response Change Event,Survey Question Response Change Event,,false,true,false,false,false,,"1CE",false,false,false,true,false,false,true,false,true,true,true,false,false,false,/{ID},/{ID}/e,/1CE/e,,,,SurveyQuestionResponseChangeEvent.005UZ00000BrdXxYAJ,CDC,false,ControlledByParent,ControlledByParent,false,false,false,false,,,,,,false,2025-04-14 08:28:37.971 -0700
"000000000000000AAA",LCOM_Order_Modification__ChangeEvent,695,"01IUZ000000NrQJ.ChangeEvent",,,,LCOM_Order_Modification__ChangeEvent,Change Event: LCOM Order Modification,Change Event: LCOM Order Modification,Change Event: LCOM Order Modification,,false,true,false,false,false,,"1CE",false,false,false,true,false,false,true,false,true,true,true,false,false,false,/{ID},/{ID}/e,/1CE/e,,,,"01IUZ000000NrQJ.ChangeEvent.005UZ00000BrdXxYAJ",CDC,false,ControlledByParent,ControlledByParent,false,false,false,false,,,,,,false,2025-04-14 08:28:34.848 -0700
"000000000000000AAA",Knowledge__ka,678,"01IUZ0000006uXO",2024-02-27 13:10:34.000 -0800,"00541000000ybzQAAQ",,Knowledge,Knowledge,Knowledge,Knowledge,,false,false,false,false,false,Deployed,kA0,false,false,false,true,false,false,false,true,true,true,true,true,true,true,/{ID},/{ID}/e,/kA0/e,/01IUZ0000006uXO/e,,,"01IUZ0000006uXO.005UZ00000BrdXxYAJ",<local>,true,ReadWrite,ReadWrite,false,false,false,false,,,,,,false,2025-04-14 08:28:34.845 -0700
"000000000000000AAA",Gong__Call_Participant__c,572,"01IUZ0000004zxn",2025-02-10 14:23:43.000 -0800,"005UZ00000B4tsPYAR",Gong,Call_Participant,Participant,Participant,Participants,Gong__Call_Participant__c.SYSTEM,true,true,true,true,true,Deployed,a2e,false,false,true,true,true,true,true,true,true,true,true,false,true,false,/{ID},/{ID}/e,/a2e/e,/01IUZ0000004zxn/e,,,"01IUZ0000004zxn.005UZ00000BrdXxYAJ",Gong,true,ControlledByParent,ControlledByParent,false,false,false,false,,,,,,false,2025-04-14 08:28:34.605 -0700
"000000000000000AAA",WorkAccess,1424,WorkAccess,,,,WorkAccess,Access,Access,Access,,false,false,false,false,false,,"0W5",false,false,true,true,false,false,false,true,true,true,true,false,true,false,/{ID},/{ID}/e,/0W5/e,,,,WorkAccess.005UZ00000BrdXxYAJ,System,false,Private,Private,false,false,false,false,,,,,,false,2025-04-14 08:28:38.005 -0700
"000000000000000AAA",LiveChatVisitorChangeEvent,771,LiveChatVisitorChangeEvent,,,,LiveChatVisitorChangeEvent,Chat Visitor Change Event,Chat Visitor Change Event,Chat Visitor Change Event,,false,true,false,false,false,,"1CE",false,false,false,true,false,false,true,false,true,true,true,false,false,false,/{ID},/{ID}/e,/1CE/e,,,,LiveChatVisitorChangeEvent.005UZ00000BrdXxYAJ,CDC,false,ReadWrite,ReadWrite,false,false,false,false,,,,,,false,2025-04-14 08:28:34.928 -0700
"000000000000000AAA",JCFS__BetaFeature__c,667,"01IUZ000000U33i",2024-06-18 03:28:31.000 -0700,"005UZ000005J3XBYA0",JCFS,BetaFeature,Sync Feature,Sync Feature,Sync Feature,,true,false,false,false,false,Deployed,a5o,true,false,true,true,true,true,false,true,true,true,true,false,true,false,/{ID},/{ID}/e,/a5o/e,/01IUZ000000U33i/e,,,"01IUZ000000U33i.005UZ00000BrdXxYAJ",JCFS,true,ReadWrite,ReadWrite,false,false,false,false,,,,,,false,2025-04-14 08:28:34.765 -0700
"000000000000000AAA",LCOM_Order_Line__c,694,"01IUZ000000NrQI",2024-05-16 23:24:21.000 -0700,"005UZ000002t937YAA",,LCOM_Order_Line,LCOM Order Line,LCOM Order Line,LCOM Order Lines,LCOM_Order_Line__c.SYSTEM,true,true,true,true,true,Deployed,a3d,false,false,true,true,true,true,true,true,true,true,true,false,true,false,/{ID},/{ID}/e,/a3d/e,/01IUZ000000NrQI/e,,,"01IUZ000000NrQI.005UZ00000BrdXxYAJ",<local>,true,ControlledByParent,ControlledByParent,false,false,false,false,,,,,,false,2025-04-14 08:28:34.848 -0700
"000000000000000AAA",BriefcaseRule,128,BriefcaseRule,,,,BriefcaseRule,Briefcase Rule,Briefcase Rule,Briefcase Rules,,false,false,false,false,false,,"1rX",false,false,false,true,false,false,false,true,true,true,true,false,true,false,/{ID},/{ID}/e,/1rX/e,,,,BriefcaseRule.005UZ00000BrdXxYAJ,System,false,ReadWrite,ReadWrite,false,false,false,false,,,,,,false,2025-04-14 08:28:32.421 -0700
"000000000000000AAA",PipelineInspectionSumField,923,PipelineInspectionSumField,,,,PipelineInspectionSumField,Pipeline Inspection Summary Field,Pipeline Inspection Summary Field,Pipeline Inspection Summary Fields,,false,false,false,false,false,,"9xz",false,false,false,true,false,false,false,true,true,true,true,false,true,false,/{ID},/{ID}/e,/9xz/e,,,,PipelineInspectionSumField.005UZ00000BrdXxYAJ,System,false,ReadWrite,ReadWrite,false,false,false,false,,,,,,false,2025-04-14 08:28:36.468 -0700
"000000000000000AAA",IframeWhiteListUrl,634,IframeWhiteListUrl,,,,IframeWhiteListUrl,Trusted Domain for Inline Frames,Trusted Domain for Inline Frames,Trusted Domains for Inline Frames,,false,false,false,false,false,,"6TS",false,false,false,true,false,false,false,true,true,true,true,false,true,false,/{ID},/{ID}/e,/6TS/e,,,,IframeWhiteListUrl.005UZ00000BrdXxYAJ,System,true,ReadWrite,ReadWrite,false,false,false,false,,,,,,false,2025-04-14 08:28:34.764 -0700
"000000000000000AAA",ConversationParticipant,333,ConversationParticipant,,,,ConversationParticipant,Conversation Participant,Conversation Participant,Conversation Participants,,false,false,false,false,false,,"0ec",false,false,false,true,false,false,false,true,true,true,true,false,true,false,/{ID},/{ID}/e,/0ec/e,,,,ConversationParticipant.005UZ00000BrdXxYAJ,System,false,ReadWrite,ReadWrite,false,false,false,false,,,,,,false,2025-04-14 08:28:32.876 -0700
"000000000000000AAA",DataSourceBundle,396,DataSourceBundle,,,,DataSourceBundle,Data Source Bundle,Data Source Bundle,Data Source Bundles,,false,true,true,true,false,,"8Sj",false,false,true,true,false,false,true,true,true,true,true,false,true,false,/{ID},/{ID}/e,/8Sj/e,,,,DataSourceBundle.005UZ00000BrdXxYAJ,System,false,Private,Private,false,false,false,false,,,,,,false,2025-04-14 08:28:32.963 -0700
"000000000000000AAA",LCOM_License_Site__History,685,"01IUZ000000NrQE.History",,,,LCOM_License_Site__History,History: LCOM License Site,History: LCOM License Site,History: LCOM License Site,,false,false,false,false,false,,"017",false,false,true,true,false,false,false,true,true,false,true,false,true,false,/{ID},/{ID}/e,/017/e,,,,"01IUZ000000NrQE.History.005UZ00000BrdXxYAJ",System,false,ControlledByParent,ControlledByParent,false,false,false,false,,,,,,false,2025-04-14 08:28:34.847 -0700
"000000000000000AAA",snr__sr_KB_Global_Search_And_Replace__Share,1550,"01IUZ000000GKHJ.Share",,,snr,sr_KB_Global_Search_And_Replace__Share,Share: Lightning KB Global Search And Replace,Share: Lightning KB Global Search And Replace,Share: Lightning KB Global Search And Replace,,false,false,false,false,false,,"02c",false,false,false,true,false,false,false,true,true,true,true,false,true,false,/{ID},/{ID}/e,/02c/e,,,,"01IUZ000000GKHJ.Share.005UZ00000BrdXxYAJ",System,false,ReadWrite,Private,false,false,false,false,,,,,,false,2025-04-14 08:28:38.040 -0700
"000000000000000AAA",agileed__Course_Educator__c,1493,"01I8X0000018SqB",2024-10-02 08:34:06.000 -0700,"00541000001SOPlAAO",agileed,Course_Educator,Course/Educator,Course/Educator,Course Educators,agileed__Course_Educator__c.SYSTEM,true,true,true,true,true,Deployed,a66,false,false,true,true,false,false,true,true,true,true,true,false,true,false,/{ID},/{ID}/e,/a66/e,/01I8X0000018SqB/e,,,"01I8X0000018SqB.005UZ00000BrdXxYAJ",agileed,true,ControlledByParent,ControlledByParent,false,false,false,false,,,,,,false,2025-04-14 08:28:38.025 -0700
"000000000000000AAA",SBQQ__BlockPrice__c,821,"01I41000002c7hn",2024-10-12 01:17:42.000 -0700,"00541000003NPmqAAG",SBQQ,BlockPrice,Block Price,Block Price,Block Prices,SBQQ__BlockPrice__c.SYSTEM,true,true,true,true,true,Deployed,a09,false,false,true,true,true,true,true,true,true,true,true,false,true,false,/{ID},/{ID}/e,/a09/e,/01I41000002c7hn/e,Block Price Help,/06641000007WPDT,"01I41000002c7hn.005UZ00000BrdXxYAJ",SBQQ,true,ReadWrite,ReadWrite,false,false,false,false,,,,,,false,2025-04-14 08:28:36.356 -0700
"000000000000000AAA",DashboardComponent,347,DashboardComponent,,,,DashboardComponent,Dashboard Component,Dashboard Component,Dashboard Components,,false,false,false,false,false,,"01a",false,false,false,true,false,false,false,true,true,true,true,false,true,false,/{ID},/{ID}/e,/01a/e,,,,DashboardComponent.005UZ00000BrdXxYAJ,System,false,ReadWrite,ReadWrite,false,false,false,false,,,,,,false,2025-04-14 08:28:32.877 -0700
"000000000000000AAA",MsgChannelUsageExternalOrg,1070,MsgChannelUsageExternalOrg,,,,MsgChannelUsageExternalOrg,Messaging Channel Usage External Org,Messaging Channel Usage External Org,Messaging Channel Usage External Orgs,,false,false,false,false,false,,"0od",false,false,false,true,false,false,false,true,true,true,false,false,true,false,/{ID},/{ID}/e,/0od/e,,,,MsgChannelUsageExternalOrg.005UZ00000BrdXxYAJ,System,false,ReadWrite,ReadWrite,false,false,false,false,,,,,,false,2025-04-14 08:28:36.604 -0700
"000000000000000AAA",RecordType,990,RecordType,,,,RecordType,Record Type,Record Type,Record Types,,false,false,false,false,false,,"012",false,false,true,true,false,false,false,true,true,true,false,false,true,true,/{ID},/{ID}/e,/012/e,,,,RecordType.005UZ00000BrdXxYAJ,System,false,ReadWrite,ReadWrite,false,false,false,false,,,,,,false,2025-04-14 08:28:36.576 -0700
"000000000000000AAA",BusinessHours,149,BusinessHours,,,,BusinessHours,Business Hours,Business Hours,Business Hours,,false,false,false,false,false,,"01m",false,false,true,true,false,true,false,true,true,true,true,false,true,true,/{ID},/{ID}/e,/01m/e,,,,BusinessHours.005UZ00000BrdXxYAJ,System,true,ReadWrite,ReadWrite,false,false,false,false,,,,,,false,2025-04-14 08:28:32.461 -0700
"000000000000000AAA",Recommendation,1005,Recommendation,,,,Recommendation,Recommendation,Recommendation,Recommendations,Recommendation.SYSTEM,true,true,false,false,true,,"0pr",false,false,true,true,true,true,true,true,true,true,true,false,true,true,/{ID},/{ID}/e,/0pr/e,,,,Recommendation.005UZ00000BrdXxYAJ,System,true,ReadWrite,ReadWrite,false,false,false,false,,,,,,false,2025-04-14 08:28:36.584 -0700
"000000000000000AAA",EmailTemplate,446,EmailTemplate,,,,EmailTemplate,Email Template,Email Template,Email Templates,,false,false,false,false,false,,"00X",false,false,true,true,false,true,false,true,true,true,true,false,true,true,/{ID},/{ID}/e,/00X/e,,,,EmailTemplate.005UZ00000BrdXxYAJ,System,true,ReadWrite,ReadWrite,false,false,false,false,,,,,,false,2025-04-14 08:28:34.395 -0700
"000000000000000AAA",MailmergeTemplate,791,MailmergeTemplate,,,,MailmergeTemplate,Mail Merge Template,Mail Merge Template,Mail Merge Template,,false,false,false,false,false,,"01H",false,false,true,true,false,false,false,true,true,true,true,false,true,false,/{ID},/{ID}/e,/01H/e,,,,MailmergeTemplate.005UZ00000BrdXxYAJ,System,false,ReadWrite,ReadWrite,false,false,false,false,,,,,,false,2025-04-14 08:28:34.929 -0700
"000000000000000AAA",ContentDocumentHistory,299,ContentDocumentHistory,,,,ContentDocumentHistory,Content Document History,Content Document History,Content Document History,,false,false,false,false,false,,"017",false,false,true,true,false,false,false,true,true,false,true,false,true,false,/{ID},/{ID}/e,/017/e,,,,ContentDocumentHistory.005UZ00000BrdXxYAJ,System,false,Private,Private,false,false,false,false,,,,,,false,2025-04-14 08:28:32.697 -0700
"000000000000000AAA",IncidentHistory,647,IncidentHistory,,,,IncidentHistory,Incident History,Incident History,Incident History,,false,false,false,false,false,,"017",false,false,true,true,false,false,false,true,true,false,true,false,true,false,/{ID},/{ID}/e,/017/e,,,,IncidentHistory.005UZ00000BrdXxYAJ,System,false,Private,Private,false,false,false,false,,,,,,false,2025-04-14 08:28:34.764 -0700
"000000000000000AAA",Competitor_Profile__c,252,"01I8X000003Bcws",2023-11-02 16:19:01.000 -0700,"0051L000007gwhLQAQ",,Competitor_Profile,Competitor Profile,Competitor Profile,Competitor Profiles,Competitor_Profile__c.0AH8X000000t2iY,true,true,true,true,true,Deployed,a2Y,false,false,true,true,true,true,true,true,true,true,true,false,true,true,/{ID},/{ID}/e,/a2Y/e,/01I8X000003Bcws/e,,,"01I8X000003Bcws.005UZ00000BrdXxYAJ",<local>,true,ReadWrite,Private,false,false,false,false,,,,,,false,2025-04-14 08:28:32.650 -0700
"000000000000000AAA",DataUsePurposeShare,413,DataUsePurposeShare,,,,DataUsePurposeShare,Data Use Purpose Share,Data Use Purpose Share,Data Use Purpose Share,,false,false,false,false,false,,"02c",false,false,false,true,false,false,false,true,true,true,true,false,true,false,/{ID},/{ID}/e,/02c/e,,,,DataUsePurposeShare.005UZ00000BrdXxYAJ,System,false,Private,Private,false,false,false,false,,,,,,false,2025-04-14 08:28:34.329 -0700
"000000000000000AAA",Competitor_Profile__ChangeEvent,249,"01I8X000003Bcws.ChangeEvent",,,,Competitor_Profile__ChangeEvent,Change Event: Competitor Profile,Change Event: Competitor Profile,Change Event: Competitor Profile,,false,true,false,false,false,,"1CE",false,false,false,true,false,false,true,false,true,true,true,false,false,false,/{ID},/{ID}/e,/1CE/e,,,,"01I8X000003Bcws.ChangeEvent.005UZ00000BrdXxYAJ",CDC,false,ReadWrite,Private,false,false,false,false,,,,,,false,2025-04-14 08:28:32.650 -0700
"000000000000000AAA",AdditionalNumber,32,AdditionalNumber,,,,AdditionalNumber,Additional Directory Number,Additional Directory Number,Additional Directory Numbers,,false,false,false,false,false,,"04m",false,false,true,true,false,false,false,true,true,true,true,false,true,false,/{ID},/{ID}/e,/04m/e,,,,AdditionalNumber.005UZ00000BrdXxYAJ,System,false,ReadWrite,ReadWrite,false,false,false,false,,,,,,false,2025-04-14 08:28:32.353 -0700
"000000000000000AAA",Stamp,1282,Stamp,,,,Stamp,Stamp,Stamp,Stamps,,false,false,false,false,false,,"1ST",false,false,false,true,false,false,false,true,true,true,true,false,true,false,/{ID},/{ID}/e,/1ST/e,,,,Stamp.005UZ00000BrdXxYAJ,System,false,ReadWrite,ReadWrite,false,false,false,false,,,,,,false,2025-04-14 08:28:37.959 -0700
"000000000000000AAA",ConversationDefinitionDialogLocalization,329,ConversationDefinitionDialogLocalization,,,,ConversationDefinitionDialogLocalization,Translation,Translation,Translation,,false,false,false,false,false,,"01j",false,false,true,true,false,false,false,true,true,true,true,false,true,false,/{ID},/{ID}/e,/01j/e,,,,ConversationDefinitionDialogLocalization.005UZ00000BrdXxYAJ,System,false,ReadWrite,ReadWrite,false,false,false,false,,,,,,false,2025-04-14 08:28:32.876 -0700
"000000000000000AAA",SurveyVersionAddlInfo,1316,SurveyVersionAddlInfo,,,,SurveyVersionAddlInfo,Survey Version Additional Info,Survey Version Additional Info,Survey Version Additional Info,,false,true,false,false,false,,"0iA",false,false,true,true,false,false,true,true,false,false,false,false,true,false,/{ID},/{ID}/e,/0iA/e,,,,SurveyVersionAddlInfo.005UZ00000BrdXxYAJ,System,false,ControlledByParent,ControlledByParent,false,false,false,false,,,,,,false,2025-04-14 08:28:37.972 -0700
"000000000000000AAA",IdentityResolution,631,IdentityResolution,,,,IdentityResolution,Identity Resolution,Identity Resolution,Identity Resolutions,IdentityResolution.SYSTEM,false,true,true,true,true,,"1ir",false,false,true,true,true,true,true,true,true,true,true,true,true,true,/{ID},/{ID}/e,/1ir/e,,,,IdentityResolution.005UZ00000BrdXxYAJ,System,true,ReadWrite,ReadWrite,false,false,false,false,,,,,,false,2025-04-14 08:28:34.763 -0700
"000000000000000AAA",CollaborationGroup,219,CollaborationGroup,,,,CollaborationGroup,Group,Group,Groups,CollaborationGroup.SYSTEM,false,true,true,false,true,,"0F9",false,false,false,true,true,true,true,true,true,true,true,true,true,true,/{ID},/{ID}/e,/0F9/e,,,,CollaborationGroup.005UZ00000BrdXxYAJ,System,true,ReadWrite,ReadWrite,false,false,false,false,,,,,,false,2025-04-14 08:28:32.505 -0700
"000000000000000AAA",FeedAttachment,506,FeedAttachment,,,,FeedAttachment,Feed Attachment,Feed Attachment,Feed Attachments,,false,false,false,false,false,,"08M",false,false,false,true,false,false,false,true,true,true,true,false,true,false,/{ID},/{ID}/e,/08M/e,,,,FeedAttachment.005UZ00000BrdXxYAJ,System,false,ReadWrite,ReadWrite,false,false,false,false,,,,,,false,2025-04-14 08:28:34.508 -0700
"000000000000000AAA",Gong__Agenda__c,566,"01IUZ0000004zxl",2025-02-10 14:23:43.000 -0800,"005UZ00000B4tsPYAR",Gong,Agenda,Structure,Structure,Structure,Gong__Agenda__c.SYSTEM,true,true,true,true,true,Deployed,a2c,false,false,true,true,true,true,true,true,true,true,true,false,true,false,/{ID},/{ID}/e,/a2c/e,/01IUZ0000004zxl/e,,,"01IUZ0000004zxl.005UZ00000BrdXxYAJ",Gong,true,ControlledByParent,ControlledByParent,false,false,false,false,,,,,,false,2025-04-14 08:28:34.605 -0700
"000000000000000AAA",ServiceContract,1237,ServiceContract,,,,ServiceContract,Service Contract,Service Contract,Service Contracts,ServiceContract.SYSTEM,true,true,true,true,true,,"810",false,false,true,true,true,true,true,true,true,true,true,false,true,true,/{ID},/{ID}/e,/810/e,,,,ServiceContract.005UZ00000BrdXxYAJ,System,true,Private,Private,false,false,false,false,,,,,,false,2025-04-14 08:28:37.942 -0700
"000000000000000AAA",ExternalDataSrcDescriptor,499,ExternalDataSrcDescriptor,,,,ExternalDataSrcDescriptor,External Data Source Descriptor,External Data Source Descriptor,External Data Source Descriptors,,false,false,false,false,false,,"6Ay",false,false,false,true,false,false,false,true,true,true,true,false,true,false,/{ID},/{ID}/e,/6Ay/e,,,,ExternalDataSrcDescriptor.005UZ00000BrdXxYAJ,System,false,ReadWrite,ReadWrite,false,false,false,false,,,,,,false,2025-04-14 08:28:34.417 -0700
"000000000000000AAA",Note,898,Note,,,,Note,Note,Note,Notes,,false,true,false,false,false,,"002",false,false,true,true,false,true,true,true,true,true,true,false,true,false,/{ID},/{ID}/e,/002/e,,,,Note.005UZ00000BrdXxYAJ,System,true,ReadWrite,ReadWrite,false,false,false,false,,,,,,false,2025-04-14 08:28:36.434 -0700
"000000000000000AAA",AgentWork,35,AgentWork,,,,AgentWork,Agent Work,Agent Work,Agent Work,,true,true,true,false,false,,"0Bz",false,false,true,true,false,false,true,true,true,true,true,false,true,false,/{ID},/{ID}/e,/0Bz/e,,,,AgentWork.005UZ00000BrdXxYAJ,System,false,Read,Read,false,false,false,false,,,,,,false,2025-04-14 08:28:32.353 -0700
"000000000000000AAA",ContentVersionChangeEvent,308,ContentVersionChangeEvent,,,,ContentVersionChangeEvent,Content Version Change Event,Content Version Change Event,Content Version Change Event,,false,true,false,false,false,,"1CE",false,false,false,true,false,false,true,false,true,true,true,false,false,false,/{ID},/{ID}/e,/1CE/e,,,,ContentVersionChangeEvent.005UZ00000BrdXxYAJ,CDC,false,Private,Private,false,false,false,false,,,,,,false,2025-04-14 08:28:32.697 -0700
"000000000000000AAA",SBQQ__SubscribedQuoteLine__c,841,"01I41000002zuTb",2024-10-12 01:17:42.000 -0700,"00541000003NPmqAAG",SBQQ,SubscribedQuoteLine,Subscribed Quote Line,Subscribed Quote Line,Subscribed Quote Lines,SBQQ__SubscribedQuoteLine__c.SYSTEM,true,true,true,true,true,Deployed,a25,false,false,true,true,false,false,true,true,true,true,true,false,true,false,/{ID},/{ID}/e,/a25/e,/01I41000002zuTb/e,SubscribedAssetHelp,/06641000007WPF3,"01I41000002zuTb.005UZ00000BrdXxYAJ",SBQQ,true,ReadWrite,ReadWrite,false,false,false,false,,,,,,false,2025-04-14 08:28:36.365 -0700
"000000000000000AAA",EventRecurrenceException,476,EventRecurrenceException,,,,EventRecurrenceException,Event Recurrence Exception,Event Recurrence Exception,Event Recurrence Exception,,false,false,false,false,false,,"10z",false,false,true,true,false,false,false,true,false,false,false,false,true,false,/{ID},/{ID}/e,/10z/e,,,,EventRecurrenceException.005UZ00000BrdXxYAJ,System,false,ReadWrite,ReadWrite,false,false,false,false,,,,,,false,2025-04-14 08:28:34.403 -0700
"000000000000000AAA",LCOM_Organization__ChangeEvent,701,"01IUZ000000NrQL.ChangeEvent",,,,LCOM_Organization__ChangeEvent,Change Event: LCOM Organization,Change Event: LCOM Organization,Change Event: LCOM Organization,,false,true,false,false,false,,"1CE",false,false,false,true,false,false,true,false,true,true,true,false,false,false,/{ID},/{ID}/e,/1CE/e,,,,"01IUZ000000NrQL.ChangeEvent.005UZ00000BrdXxYAJ",CDC,false,ControlledByParent,ControlledByParent,false,false,false,false,,,,,,false,2025-04-14 08:28:34.848 -0700
"000000000000000AAA",ForecastingUserPreference,560,ForecastingUserPreference,,,,ForecastingUserPreference,Forecasting User Preference,Forecasting User Preference,Forecasting User Preferences,,false,false,false,false,false,,"0Cl",false,false,false,false,false,false,false,false,true,true,false,false,true,false,/{ID},/{ID}/e,/0Cl/e,,,,ForecastingUserPreference.005UZ00000BrdXxYAJ,System,false,ReadWrite,ReadWrite,false,false,false,false,,,,,,false,2025-04-14 08:28:34.534 -0700
"000000000000000AAA",CategoryNodeLocalization,200,CategoryNodeLocalization,,,,CategoryNodeLocalization,Category Node Localization,Category Node Localization,Category Node Localization,,false,false,false,false,false,,"01j",false,false,true,true,false,false,false,true,true,true,true,false,true,false,/{ID},/{ID}/e,/01j/e,,,,CategoryNodeLocalization.005UZ00000BrdXxYAJ,System,false,ReadWrite,ReadWrite,false,false,false,false,,,,,,false,2025-04-14 08:28:32.479 -0700
"000000000000000AAA",ManagedContent,792,ManagedContent,,,,ManagedContent,Managed Content,Managed Content,Managed Contents,ManagedContent.SYSTEM,false,false,false,false,true,,"20Y",false,false,true,true,false,false,false,true,false,false,true,false,true,false,/{ID},/{ID}/e,/20Y/e,,,,ManagedContent.005UZ00000BrdXxYAJ,System,true,ReadWrite,ReadWrite,false,false,false,false,,,,,,false,2025-04-14 08:28:34.929 -0700
"000000000000000AAA",KnowledgeArticleVoteStat,672,KnowledgeArticleVoteStat,,,,KnowledgeArticleVoteStat,Article Vote Statistics,Article Vote Statistics,Article Vote Statistics,,false,false,false,false,false,,"085",false,false,false,true,false,false,false,true,false,false,false,false,true,false,/{ID},/{ID}/e,/085/e,,,,KnowledgeArticleVoteStat.005UZ00000BrdXxYAJ,System,false,ReadWrite,ReadWrite,false,false,false,false,,,,,,false,2025-04-14 08:28:34.844 -0700
"000000000000000AAA",ActivityMetricRollup,31,ActivityMetricRollup,,,,ActivityMetricRollup,Activity Metric Rollup,Activity Metric Rollup,Activity Metric Rollups,,false,true,true,false,false,,"01K",false,false,false,true,false,false,true,true,true,true,true,false,true,false,/{ID},/{ID}/e,/01K/e,,,,ActivityMetricRollup.005UZ00000BrdXxYAJ,System,false,ReadWrite,ReadWrite,false,false,false,false,,,,,,false,2025-04-14 08:28:32.353 -0700
"000000000000000AAA",ContentVersionHistory,309,ContentVersionHistory,,,,ContentVersionHistory,Content Version History,Content Version History,Content Version History,,false,false,false,false,false,,"017",false,false,true,true,false,false,false,true,true,false,true,false,true,false,/{ID},/{ID}/e,/017/e,,,,ContentVersionHistory.005UZ00000BrdXxYAJ,System,false,Private,Private,false,false,false,false,,,,,,false,2025-04-14 08:28:32.697 -0700
"000000000000000AAA",SBQQ__ConfigurationAttribute__c,835,"01I41000002c7hp",2024-10-12 01:17:42.000 -0700,"00541000003NPmqAAG",SBQQ,ConfigurationAttribute,Configuration Attribute,Configuration Attribute,Configuration Attributes,SBQQ__ConfigurationAttribute__c.SYSTEM,true,true,true,true,true,Deployed,a0B,false,false,true,true,false,false,true,true,true,true,true,false,true,true,/{ID},/{ID}/e,/a0B/e,/01I41000002c7hp/e,Configuration Attribute Help,/06641000007WPDc,"01I41000002c7hp.005UZ00000BrdXxYAJ",SBQQ,true,ReadWrite,ReadWrite,false,false,false,false,,,,,,false,2025-04-14 08:28:36.364 -0700
"000000000000000AAA",Approval,64,Approval,,,,Approval,Approval,Approval,Approval,,false,false,false,false,false,,"806",false,false,true,true,false,false,false,true,true,true,false,false,true,false,/{ID},/{ID}/e,/806/e,,,,Approval.005UZ00000BrdXxYAJ,System,false,ReadWrite,ReadWrite,false,false,false,false,,,,,,false,2025-04-14 08:28:32.388 -0700
"000000000000000AAA",SBQQ__QuoteLineConsumptionRate__c,872,"01I1L0000032xzA",2024-10-12 01:17:42.000 -0700,"00541000003NPmqAAG",SBQQ,QuoteLineConsumptionRate,Quote Line Consumption Rate,Quote Line Consumption Rate,Quote Line Consumption Rates,SBQQ__QuoteLineConsumptionRate__c.SYSTEM,true,true,true,true,true,Deployed,a2j,false,false,true,true,true,true,true,true,true,true,true,false,true,false,/{ID},/{ID}/e,/a2j/e,/01I1L0000032xzA/e,,,"01I1L0000032xzA.005UZ00000BrdXxYAJ",SBQQ,true,ControlledByParent,ControlledByParent,false,false,false,false,,,,,,false,2025-04-14 08:28:36.392 -0700
"000000000000000AAA",agileed__Course__c,1496,"01I8X0000018SqC",2024-10-02 08:34:06.000 -0700,"00541000001SOPlAAO",agileed,Course,Course,Course,Courses,agileed__Course__c.SYSTEM,true,true,true,true,true,Deployed,a67,false,false,true,true,true,true,true,true,true,true,true,false,true,true,/{ID},/{ID}/e,/a67/e,/01I8X0000018SqC/e,,,"01I8X0000018SqC.005UZ00000BrdXxYAJ",agileed,true,ReadWrite,Private,false,false,false,false,,,,,,false,2025-04-14 08:28:38.025 -0700
"000000000000000AAA",ProfileSkillShare,1047,ProfileSkillShare,,,,ProfileSkillShare,Skill Share,Skill Share,Skill Share,,false,false,false,false,false,,"02c",false,false,false,true,false,false,false,true,true,true,true,false,true,false,/{ID},/{ID}/e,/02c/e,,,,ProfileSkillShare.005UZ00000BrdXxYAJ,System,false,ReadWrite,ReadWrite,false,false,false,false,,,,,,false,2025-04-14 08:28:36.603 -0700
"000000000000000AAA",EmailTemplateChangeEvent,447,EmailTemplateChangeEvent,,,,EmailTemplateChangeEvent,Email Template Change Event,Email Template Change Event,Email Template Change Event,,false,true,false,false,false,,"1CE",false,false,false,true,false,false,true,false,true,true,true,false,false,false,/{ID},/{ID}/e,/1CE/e,,,,EmailTemplateChangeEvent.005UZ00000BrdXxYAJ,CDC,false,ReadWrite,ReadWrite,false,false,false,false,,,,,,false,2025-04-14 08:28:34.395 -0700
"000000000000000AAA",WorkPlanTemplateEntry,1452,WorkPlanTemplateEntry,,,,WorkPlanTemplateEntry,Work Plan Template Entry,Work Plan Template Entry,Work Plan Template Entries,WorkPlanTemplateEntry.SYSTEM,true,true,true,true,true,,"8xu",false,false,true,true,true,true,true,true,true,true,true,false,true,true,/{ID},/{ID}/e,/8xu/e,,,,WorkPlanTemplateEntry.005UZ00000BrdXxYAJ,System,true,ControlledByParent,ControlledByParent,false,false,false,false,,,,,,false,2025-04-14 08:28:38.006 -0700
"000000000000000AAA",AssetRelationshipHistory,78,AssetRelationshipHistory,,,,AssetRelationshipHistory,Asset Relationship History,Asset Relationship History,Asset Relationship History,,false,false,false,false,false,,"017",false,false,true,true,false,false,false,true,true,false,true,false,true,false,/{ID},/{ID}/e,/017/e,,,,AssetRelationshipHistory.005UZ00000BrdXxYAJ,System,false,ControlledByParent,ControlledByParent,false,false,false,false,,,,,,false,2025-04-14 08:28:32.389 -0700
"000000000000000AAA",SBQQ__FavoriteProduct__ChangeEvent,909,"01I41000002c7i2.ChangeEvent",,,SBQQ,FavoriteProduct__ChangeEvent,Change Event: Favorite Product,Change Event: Favorite Product,Change Event: Favorite Product,,false,true,false,false,false,,"1CE",false,false,false,true,false,false,true,false,true,true,true,false,false,false,/{ID},/{ID}/e,/1CE/e,,,,"01I41000002c7i2.ChangeEvent.005UZ00000BrdXxYAJ",CDC,false,ControlledByParent,ControlledByParent,false,false,false,false,,,,,,false,2025-04-14 08:28:36.436 -0700
"000000000000000AAA",ApexComponent,48,ApexComponent,,,,ApexComponent,Visualforce Component,Visualforce Component,Visualforce Components,,false,false,false,false,false,,"099",false,false,true,true,false,true,false,true,true,true,true,false,true,true,/{ID},/{ID}/e,/099/e,,,,ApexComponent.005UZ00000BrdXxYAJ,System,false,ReadWrite,ReadWrite,false,false,false,false,,,,,,false,2025-04-14 08:28:32.361 -0700
"000000000000000AAA",SBQQ__LookupQuery__c,875,"01I41000002c7iE",2024-10-12 01:17:42.000 -0700,"00541000003NPmqAAG",SBQQ,LookupQuery,Lookup Query,Lookup Query,Lookup Queries,SBQQ__LookupQuery__c.SYSTEM,true,true,true,true,true,Deployed,a0a,false,false,true,true,false,false,true,true,true,true,true,false,true,false,/{ID},/{ID}/e,/a0a/e,/01I41000002c7iE/e,LookupQueryHelp,/06641000007WPED,"01I41000002c7iE.005UZ00000BrdXxYAJ",SBQQ,true,ReadWrite,ReadWrite,false,false,false,false,,,,,,false,2025-04-14 08:28:36.395 -0700
"000000000000000AAA",TaskChangeEvent,1328,TaskChangeEvent,,,,TaskChangeEvent,Task Change Event,Task Change Event,Task Change Event,,false,true,false,false,false,,"1CE",false,false,false,true,false,false,true,false,true,true,true,false,false,false,/{ID},/{ID}/e,/1CE/e,,,,TaskChangeEvent.005UZ00000BrdXxYAJ,CDC,false,ControlledByParent,ControlledByParent,false,false,false,false,,,,,,false,2025-04-14 08:28:37.977 -0700
"000000000000000AAA",SBQQ__PriceCondition__ChangeEvent,1096,"01I41000002c7iH.ChangeEvent",,,SBQQ,PriceCondition__ChangeEvent,Change Event: Price Condition,Change Event: Price Condition,Change Event: Price Condition,,false,true,false,false,false,,"1CE",false,false,false,true,false,false,true,false,true,true,true,false,false,false,/{ID},/{ID}/e,/1CE/e,,,,"01I41000002c7iH.ChangeEvent.005UZ00000BrdXxYAJ",CDC,false,ControlledByParent,ControlledByParent,false,false,false,false,,,,,,false,2025-04-14 08:28:36.605 -0700
"000000000000000AAA",SBQQ__Localization__c,829,"01I41000002c7iC",2024-10-12 01:17:42.000 -0700,"00541000003NPmqAAG",SBQQ,Localization,Localization,Localization,Localizations,SBQQ__Localization__c.SYSTEM,true,true,true,true,true,Deployed,a0Y,false,false,true,true,true,true,true,true,true,true,true,false,true,true,/{ID},/{ID}/e,/a0Y/e,/01I41000002c7iC/e,LocalizationHelp,/06641000007WPEC,"01I41000002c7iC.005UZ00000BrdXxYAJ",SBQQ,true,ReadWrite,ReadWrite,false,false,false,false,,,,,,false,2025-04-14 08:28:36.360 -0700
"000000000000000AAA",ForecastingColumnDefinition,541,ForecastingColumnDefinition,,,,ForecastingColumnDefinition,Forecasting Item Pivot Field Definition,Forecasting Item Pivot Field Definition,Forecasting Item Pivot Field Definitions,,false,false,false,false,false,,"0vv",false,false,false,true,false,false,false,true,true,true,true,false,true,false,/{ID},/{ID}/e,/0vv/e,,,,ForecastingColumnDefinition.005UZ00000BrdXxYAJ,System,false,ReadWrite,ReadWrite,false,false,false,false,,,,,,false,2025-04-14 08:28:34.533 -0700
"000000000000000AAA",ChangeRequestShare,213,ChangeRequestShare,,,,ChangeRequestShare,Change Request Share,Change Request Share,Change Request Share,,false,false,false,false,false,,"02c",false,false,false,true,false,false,false,true,true,true,true,false,true,false,/{ID},/{ID}/e,/02c/e,,,,ChangeRequestShare.005UZ00000BrdXxYAJ,System,false,Private,Private,false,false,false,false,,,,,,false,2025-04-14 08:28:32.504 -0700
"000000000000000AAA",EmailBounceEvent,438,EmailBounceEvent,,,,EmailBounceEvent,Email Bounce Event,Email Bounce Event,Email Bounce Events,,false,true,false,false,false,,"16M",false,false,false,false,false,false,true,false,true,false,false,false,false,false,/{ID},/{ID}/e,/16M/e,,,,EmailBounceEvent.005UZ00000BrdXxYAJ,Conduit,false,ReadWrite,ReadWrite,false,false,false,false,,,,,,false,2025-04-14 08:28:34.343 -0700
"000000000000000AAA",LCOM_Account__c,683,"01IUZ000000NrQD",2024-05-16 23:24:21.000 -0700,"005UZ000002t937YAA",,LCOM_Account,LCOM Account,LCOM Account,LCOM Accounts,LCOM_Account__c.0AHUZ0000000F77,true,true,true,true,true,Deployed,a3Y,false,false,true,true,true,true,true,true,true,true,true,false,true,true,/{ID},/{ID}/e,/a3Y/e,/01IUZ000000NrQD/e,,,"01IUZ000000NrQD.005UZ00000BrdXxYAJ",<local>,true,ControlledByParent,ControlledByParent,false,false,false,false,,,,,,false,2025-04-14 08:28:34.845 -0700
"000000000000000AAA",SurveyResponseChangeEvent,1311,SurveyResponseChangeEvent,,,,SurveyResponseChangeEvent,Survey Response Change Event,Survey Response Change Event,Survey Response Change Event,,false,true,false,false,false,,"1CE",false,false,false,true,false,false,true,false,true,true,true,false,false,false,/{ID},/{ID}/e,/1CE/e,,,,SurveyResponseChangeEvent.005UZ00000BrdXxYAJ,CDC,false,ReadWrite,ReadWrite,false,false,false,false,,,,,,false,2025-04-14 08:28:37.972 -0700
"000000000000000AAA",AuraDefinitionBundleInfo,95,AuraDefinitionBundleInfo,,,,AuraDefinitionBundleInfo,Aura Definition Bundle Info,Aura Definition Bundle Info,Aura Definition Bundle Infos,,false,false,false,false,false,,"0ab",false,false,false,false,false,false,false,false,true,true,true,false,true,false,/{ID},/{ID}/e,/0ab/e,,,,AuraDefinitionBundleInfo.005UZ00000BrdXxYAJ,System,false,ReadWrite,ReadWrite,false,false,false,false,,,,,,false,2025-04-14 08:28:32.390 -0700
"000000000000000AAA",Contact,265,Contact,,,,Contact,Contact,Contact,Contacts,Contact.0AH41000002YLMY,true,true,true,true,true,,"003",false,false,true,true,true,true,true,true,true,true,true,true,true,true,/{ID},/{ID}/e,/003/e,,,,Contact.005UZ00000BrdXxYAJ,System,true,Read,Read,false,false,true,false,,,,,,false,2025-04-14 08:28:32.665 -0700
"000000000000000AAA",EventBusSubscriber,472,EventBusSubscriber,,,,EventBusSubscriber,Platform Event Subscription,Platform Event Subscription,Platform Event Subscription,,false,false,false,false,false,,"0Cd",false,false,false,false,false,false,false,false,true,true,true,false,true,false,/{ID},/{ID}/e,/0Cd/e,,,,EventBusSubscriber.005UZ00000BrdXxYAJ,Conduit,false,ReadWrite,ReadWrite,false,false,false,false,,,,,,false,2025-04-14 08:28:34.403 -0700
"000000000000000AAA",SBQQ__TimingLog__c,878,"01I41000002c7io",2024-10-12 01:17:42.000 -0700,"00541000003NPmqAAG",SBQQ,TimingLog,Timing Log,Timing Log,Timing Logs,SBQQ__TimingLog__c.SYSTEM,true,true,true,true,true,Deployed,a1A,false,false,true,true,false,false,true,true,true,true,true,false,true,false,/{ID},/{ID}/e,/a1A/e,/01I41000002c7io/e,,,"01I41000002c7io.005UZ00000BrdXxYAJ",SBQQ,true,ReadWrite,ReadWrite,false,false,false,false,,,,,,false,2025-04-14 08:28:36.395 -0700
"000000000000000AAA",SBQQ__PriceAction__ChangeEvent,902,"01I41000002c7iG.ChangeEvent",,,SBQQ,PriceAction__ChangeEvent,Change Event: Price Action,Change Event: Price Action,Change Event: Price Action,,false,true,false,false,false,,"1CE",false,false,false,true,false,false,true,false,true,true,true,false,false,false,/{ID},/{ID}/e,/1CE/e,,,,"01I41000002c7iG.ChangeEvent.005UZ00000BrdXxYAJ",CDC,false,ControlledByParent,ControlledByParent,false,false,false,false,,,,,,false,2025-04-14 08:28:36.435 -0700
"000000000000000AAA",Meetings__c,873,"01I1L0000032yNo",2019-03-28 13:28:59.000 -0700,"00541000003jeZTAAY",,Meetings,Meeting,Meeting,Meetings,Meetings__c.SYSTEM,true,true,true,true,true,Deployed,a3D,false,false,true,true,true,true,true,true,true,true,true,false,true,false,/{ID},/{ID}/e,/a3D/e,/01I1L0000032yNo/e,,,"01I1L0000032yNo.005UZ00000BrdXxYAJ",<local>,true,ReadWrite,ReadWrite,false,false,false,false,,,,,,false,2025-04-14 08:28:36.393 -0700
"000000000000000AAA",UserPrioritizedRecord,1402,UserPrioritizedRecord,,,,UserPrioritizedRecord,User Prioritized Record,User Prioritized Record,User Prioritized Records,,false,true,true,true,false,,"2g0",false,false,true,true,false,false,true,true,true,true,true,false,true,false,/{ID},/{ID}/e,/2g0/e,,,,UserPrioritizedRecord.005UZ00000BrdXxYAJ,System,false,Private,Private,false,false,false,false,,,,,,false,2025-04-14 08:28:37.991 -0700
"000000000000000AAA",RecommendationResponse,929,RecommendationResponse,,,,RecommendationResponse,Recommendation Response,Recommendation Response,Recommendation Responses,,false,true,false,false,false,,"0rr",false,false,true,true,false,false,true,true,true,false,true,false,true,false,/{ID},/{ID}/e,/0rr/e,,,,RecommendationResponse.005UZ00000BrdXxYAJ,System,false,ReadWrite,ReadWrite,false,false,false,false,,,,,,false,2025-04-14 08:28:36.468 -0700
"000000000000000AAA",WorkStepFeed,1461,WorkStepFeed,,,,WorkStepFeed,Work Step Feed,Work Step Feed,Work Step Feed,,false,false,false,false,false,,"0D5",false,false,true,true,false,false,false,true,false,false,true,false,true,false,/{ID},/{ID}/e,/0D5/e,,,,WorkStepFeed.005UZ00000BrdXxYAJ,System,false,ControlledByParent,ControlledByParent,false,false,false,false,,,,,,false,2025-04-14 08:28:38.006 -0700
"000000000000000AAA",QuickTextShare,1176,QuickTextShare,,,,QuickTextShare,Quick Text Share,Quick Text Share,Quick Text Share,,false,false,false,false,false,,"02c",false,false,false,true,false,false,false,true,true,true,true,false,true,false,/{ID},/{ID}/e,/02c/e,,,,QuickTextShare.005UZ00000BrdXxYAJ,System,false,Private,Private,false,false,false,false,,,,,,false,2025-04-14 08:28:36.617 -0700
"000000000000000AAA",Gong__Note__c,589,"01IUZ0000004zxt",2025-02-10 14:23:43.000 -0800,"005UZ00000B4tsPYAR",Gong,Note,Note,Note,Notes,Gong__Note__c.SYSTEM,true,true,true,true,true,Deployed,a2s,false,false,true,true,true,true,true,true,true,true,true,false,true,false,/{ID},/{ID}/e,/a2s/e,/01IUZ0000004zxt/e,,,"01IUZ0000004zxt.005UZ00000BrdXxYAJ",Gong,true,ReadWrite,Private,false,false,false,false,,,,,,false,2025-04-14 08:28:34.606 -0700
"000000000000000AAA",ObjectFromEmailAcceptedFields__ChangeEvent,899,"01I1L000002ylHz.ChangeEvent",,,,ObjectFromEmailAcceptedFields__ChangeEvent,Change Event: Object From Email Accepted Fields,Change Event: Object From Email Accepted Fields,Change Event: Object From Email Accepted Fields,,false,true,false,false,false,,"1CE",false,false,false,true,false,false,true,false,true,true,true,false,false,false,/{ID},/{ID}/e,/1CE/e,,,,"01I1L000002ylHz.ChangeEvent.005UZ00000BrdXxYAJ",CDC,false,ReadWrite,ReadWrite,false,false,false,false,,,,,,false,2025-04-14 08:28:36.435 -0700
"000000000000000AAA",SBQQ__BlockPrice__ChangeEvent,1074,"01I41000002c7hn.ChangeEvent",,,SBQQ,BlockPrice__ChangeEvent,Change Event: Block Price,Change Event: Block Price,Change Event: Block Price,,false,true,false,false,false,,"1CE",false,false,false,true,false,false,true,false,true,true,true,false,false,false,/{ID},/{ID}/e,/1CE/e,,,,"01I41000002c7hn.ChangeEvent.005UZ00000BrdXxYAJ",CDC,false,ReadWrite,ReadWrite,false,false,false,false,,,,,,false,2025-04-14 08:28:36.604 -0700
"000000000000000AAA",UserDefinedLabel,1384,UserDefinedLabel,,,,UserDefinedLabel,Label,Label,Labels,,false,false,false,false,false,,"0vm",false,false,true,true,false,true,false,true,true,true,true,false,true,true,/{ID},/{ID}/e,/0vm/e,,,,UserDefinedLabel.005UZ00000BrdXxYAJ,System,true,Private,Private,false,false,false,false,,,,,,false,2025-04-14 08:28:37.990 -0700
"000000000000000AAA",MessagingSessionShare,958,MessagingSessionShare,,,,MessagingSessionShare,Messaging Session Share,Messaging Session Share,Messaging Session Share,,false,false,false,false,false,,"02c",false,false,false,true,false,false,false,true,true,true,true,false,true,false,/{ID},/{ID}/e,/02c/e,,,,MessagingSessionShare.005UZ00000BrdXxYAJ,System,false,ReadWrite,ReadWrite,false,false,false,false,,,,,,false,2025-04-14 08:28:36.540 -0700
"000000000000000AAA",LCOM_License_Site__ChangeEvent,684,"01IUZ000000NrQE.ChangeEvent",,,,LCOM_License_Site__ChangeEvent,Change Event: LCOM License Site,Change Event: LCOM License Site,Change Event: LCOM License Site,,false,true,false,false,false,,"1CE",false,false,false,true,false,false,true,false,true,true,true,false,false,false,/{ID},/{ID}/e,/1CE/e,,,,"01IUZ000000NrQE.ChangeEvent.005UZ00000BrdXxYAJ",CDC,false,ControlledByParent,ControlledByParent,false,false,false,false,,,,,,false,2025-04-14 08:28:34.847 -0700
"000000000000000AAA",SBQQ__QuoteLine__ChangeEvent,942,"01I41000002c7iV.ChangeEvent",,,SBQQ,QuoteLine__ChangeEvent,Change Event: Quote Line,Change Event: Quote Line,Change Event: Quote Line,,false,true,false,false,false,,"1CE",false,false,false,true,false,false,true,false,true,true,true,false,false,false,/{ID},/{ID}/e,/1CE/e,,,,"01I41000002c7iV.ChangeEvent.005UZ00000BrdXxYAJ",CDC,false,ControlledByParent,ControlledByParent,false,false,false,false,,,,,,false,2025-04-14 08:28:36.502 -0700
"000000000000000AAA",BotVersion,120,BotVersion,,,,BotVersion,Bot Version,Bot Version,Bot Versions,,false,false,false,false,false,,"0X9",false,false,false,true,false,false,false,true,true,true,true,false,true,false,/{ID},/{ID}/e,/0X9/e,,,,BotVersion.005UZ00000BrdXxYAJ,System,false,ReadWrite,ReadWrite,false,false,false,false,,,,,,false,2025-04-14 08:28:32.420 -0700
"000000000000000AAA",ConversationDefinitionSession,330,ConversationDefinitionSession,,,,ConversationDefinitionSession,Conversation Definition Session,Conversation Definition Session,Conversation Definition Sessions,,false,false,false,false,false,,"5CB",false,false,false,true,false,false,false,true,true,true,true,false,true,false,/{ID},/{ID}/e,/5CB/e,,,,ConversationDefinitionSession.005UZ00000BrdXxYAJ,System,false,ReadWrite,ReadWrite,false,false,false,false,,,,,,false,2025-04-14 08:28:32.876 -0700
"000000000000000AAA",codesters__Codesters_Organization__ChangeEvent,1516,"01I8X000003YKb0.ChangeEvent",,,codesters,Codesters_Organization__ChangeEvent,Change Event: Codesters Organization,Change Event: Codesters Organization,Change Event: Codesters Organization,,false,true,false,false,false,,"1CE",false,false,false,true,false,false,true,false,true,true,true,false,false,false,/{ID},/{ID}/e,/1CE/e,,,,"01I8X000003YKb0.ChangeEvent.005UZ00000BrdXxYAJ",CDC,false,ReadWrite,Private,false,false,false,false,,,,,,false,2025-04-14 08:28:38.030 -0700
"000000000000000AAA",snr__sr_Mapping_Articles__c,1557,"01IUZ000000GKHL",2024-04-15 17:01:40.000 -0700,"0058X00000Fi8mPQAR",snr,sr_Mapping_Articles,Mapping Articles,Mapping Articles,Mapping Articles,snr__sr_Mapping_Articles__c.SYSTEM,true,true,true,true,true,Deployed,a3X,false,false,true,true,false,false,true,true,true,true,true,false,true,false,/{ID},/{ID}/e,/a3X/e,/01IUZ000000GKHL/e,,,"01IUZ000000GKHL.005UZ00000BrdXxYAJ",snr,true,ReadWrite,Private,false,false,false,false,,,,,,false,2025-04-14 08:28:38.041 -0700
"000000000000000AAA",State_Profile__c,1287,"01I1L000002qRWv",2022-04-07 12:11:26.000 -0700,"0051L000007iU2YQAU",,State_Profile,State Profile,State Profile,State Profiles,State_Profile__c.SYSTEM,true,true,true,true,true,Deployed,a5k,false,false,true,true,true,true,true,true,true,true,true,false,true,true,/{ID},/{ID}/e,/a5k/e,/01I1L000002qRWv/e,,,"01I1L000002qRWv.005UZ00000BrdXxYAJ",<local>,true,ReadWrite,Private,false,false,false,false,,,,,,false,2025-04-14 08:28:37.959 -0700
"000000000000000AAA",DataSyncConnectorEvent,404,DataSyncConnectorEvent,,,,DataSyncConnectorEvent,Data Sync Connector Status Event,Data Sync Connector Status Event,Data Sync Connector Status Events,,false,true,false,false,false,,"9cs",false,false,false,false,false,false,true,false,true,false,false,false,false,false,/{ID},/{ID}/e,/9cs/e,,,,DataSyncConnectorEvent.005UZ00000BrdXxYAJ,Conduit,false,ReadWrite,ReadWrite,false,false,false,false,,,,,,false,2025-04-14 08:28:34.328 -0700
"000000000000000AAA",Product2History,1164,Product2History,,,,Product2History,Product History,Product History,Product History,,false,false,false,false,false,,"017",false,false,true,true,false,false,false,true,true,false,true,false,true,false,/{ID},/{ID}/e,/017/e,,,,Product2History.005UZ00000BrdXxYAJ,System,false,ReadWrite,ReadWrite,false,false,false,false,,,,,,false,2025-04-14 08:28:36.610 -0700
"000000000000000AAA",SurveyQuestionChoice,1305,SurveyQuestionChoice,,,,SurveyQuestionChoice,Survey Question Choice,Survey Question Choice,Survey Question Choices,SurveyQuestionChoice.SYSTEM,false,true,true,true,true,,"0Kc",false,false,true,true,false,false,true,true,false,false,false,false,true,false,/{ID},/{ID}/e,/0Kc/e,,,,SurveyQuestionChoice.005UZ00000BrdXxYAJ,System,true,ControlledByParent,ControlledByParent,false,false,false,false,,,,,,false,2025-04-14 08:28:37.971 -0700
"000000000000000AAA",NetworkDataCategory,1137,NetworkDataCategory,,,,NetworkDataCategory,Network Data Category,Network Data Category,Network Data Categories,,false,false,false,false,false,,"9cn",false,false,false,true,false,false,false,true,true,true,true,false,true,false,/{ID},/{ID}/e,/9cn/e,,,,NetworkDataCategory.005UZ00000BrdXxYAJ,System,false,ReadWrite,ReadWrite,false,false,false,false,,,,,,false,2025-04-14 08:28:36.607 -0700
"000000000000000AAA",X2020_Upsell_Pipeline_Snapshot__Share,1478,"01I1L000002uaA4.Share",,,,X2020_Upsell_Pipeline_Snapshot__Share,Share: 2020 Upsell Pipeline Snapshot,Share: 2020 Upsell Pipeline Snapshot,Share: 2020 Upsell Pipeline Snapshot,,false,false,false,false,false,,"02c",false,false,false,true,false,false,false,true,true,true,true,false,true,false,/{ID},/{ID}/e,/02c/e,,,,"01I1L000002uaA4.Share.005UZ00000BrdXxYAJ",System,false,ReadWrite,Private,false,false,false,false,,,,,,false,2025-04-14 08:28:38.016 -0700
"000000000000000AAA",MessagingEndUserChangeEvent,1048,MessagingEndUserChangeEvent,,,,MessagingEndUserChangeEvent,Messaging User Change Event,Messaging User Change Event,Messaging User Change Event,,false,true,false,false,false,,"1CE",false,false,false,true,false,false,true,false,true,true,true,false,false,false,/{ID},/{ID}/e,/1CE/e,,,,MessagingEndUserChangeEvent.005UZ00000BrdXxYAJ,CDC,false,ReadWrite,ReadWrite,false,false,false,false,,,,,,false,2025-04-14 08:28:36.603 -0700
"000000000000000AAA",PresenceUserConfigProfile,893,PresenceUserConfigProfile,,,,PresenceUserConfigProfile,Presence Configuration for Profile,Presence Configuration for Profile,Presence Configurations for Profiles,,false,false,false,false,false,,"0Nf",false,false,false,true,false,false,false,true,true,true,true,false,true,false,/{ID},/{ID}/e,/0Nf/e,,,,PresenceUserConfigProfile.005UZ00000BrdXxYAJ,System,false,ReadWrite,ReadWrite,false,false,false,false,,,,,,false,2025-04-14 08:28:36.407 -0700
"000000000000000AAA",ApexTestSuite,56,ApexTestSuite,,,,ApexTestSuite,Apex Test Suite,Apex Test Suite,Apex Test Suites,,false,false,false,false,false,,"05F",false,false,false,true,false,false,false,true,true,true,true,false,true,false,/{ID},/{ID}/e,/05F/e,,,,ApexTestSuite.005UZ00000BrdXxYAJ,System,false,ReadWrite,ReadWrite,false,false,false,false,,,,,,false,2025-04-14 08:28:32.361 -0700
"000000000000000AAA",ProblemShare,1018,ProblemShare,,,,ProblemShare,Problem Share,Problem Share,Problem Share,,false,false,false,false,false,,"02c",false,false,false,true,false,false,false,true,true,true,true,false,true,false,/{ID},/{ID}/e,/02c/e,,,,ProblemShare.005UZ00000BrdXxYAJ,System,false,Private,Private,false,false,false,false,,,,,,false,2025-04-14 08:28:36.602 -0700
"000000000000000AAA",agileed__Course_Educator__ChangeEvent,1492,"01I8X0000018SqB.ChangeEvent",,,agileed,Course_Educator__ChangeEvent,Change Event: Course/Educator,Change Event: Course/Educator,Change Event: Course/Educator,,false,true,false,false,false,,"1CE",false,false,false,true,false,false,true,false,true,true,true,false,false,false,/{ID},/{ID}/e,/1CE/e,,,,"01I8X0000018SqB.ChangeEvent.005UZ00000BrdXxYAJ",CDC,false,ControlledByParent,ControlledByParent,false,false,false,false,,,,,,false,2025-04-14 08:28:38.016 -0700
"000000000000000AAA",SBQQ__ProductFeature__c,865,"01I41000002c7iQ",2024-10-12 01:17:42.000 -0700,"00541000003NPmqAAG",SBQQ,ProductFeature,Product Feature,Product Feature,Product Features,SBQQ__ProductFeature__c.SYSTEM,true,true,true,true,true,Deployed,a0m,false,false,true,true,true,true,true,true,true,true,true,false,true,false,/{ID},/{ID}/e,/a0m/e,/01I41000002c7iQ/e,ProductFeatureHelp,/06641000007WPEZ,"01I41000002c7iQ.005UZ00000BrdXxYAJ",SBQQ,true,ReadWrite,ReadWrite,false,false,false,false,,,,,,false,2025-04-14 08:28:36.386 -0700
"000000000000000AAA",MktDataTransformFeed,897,MktDataTransformFeed,,,,MktDataTransformFeed,Data Transform Feed,Data Transform Feed,Data Transform Feed,,false,false,false,false,false,,"0D5",false,false,true,true,false,false,false,true,false,false,true,false,true,false,/{ID},/{ID}/e,/0D5/e,,,,MktDataTransformFeed.005UZ00000BrdXxYAJ,System,false,Private,Private,false,false,false,false,,,,,,false,2025-04-14 08:28:36.434 -0700
"000000000000000AAA",SurveyResponse,1310,SurveyResponse,,,,SurveyResponse,Survey Response,Survey Response,Survey Responses,SurveyResponse.SYSTEM,false,true,true,true,true,,"0My",false,false,true,true,false,false,true,true,false,false,true,false,true,true,/{ID},/{ID}/e,/0My/e,,,,SurveyResponse.005UZ00000BrdXxYAJ,System,true,ReadWrite,ReadWrite,false,false,false,false,,,,,,false,2025-04-14 08:28:37.972 -0700
"000000000000000AAA",WaveAutoInstallRequest,1421,WaveAutoInstallRequest,,,,WaveAutoInstallRequest,Wave Auto Install Request,Wave Auto Install Request,Wave Auto Install Requests,,false,false,false,false,false,,"0UZ",false,false,true,true,false,false,false,true,true,true,true,false,true,false,/{ID},/{ID}/e,/0UZ/e,,,,WaveAutoInstallRequest.005UZ00000BrdXxYAJ,System,false,ReadWrite,ReadWrite,false,false,false,false,,,,,,false,2025-04-14 08:28:38.001 -0700
"000000000000000AAA",DataObjectMetadataChgEvent,385,DataObjectMetadataChgEvent,,,,DataObjectMetadataChgEvent,Data Object Metadata Change Event,Data Object Metadata Change Event,Data Object Metadata Change Events,,false,true,false,false,false,,"1e4",false,false,false,false,false,false,true,false,true,false,false,false,false,false,/{ID},/{ID}/e,/1e4/e,,,,DataObjectMetadataChgEvent.005UZ00000BrdXxYAJ,Conduit,false,ReadWrite,ReadWrite,false,false,false,false,,,,,,false,2025-04-14 08:28:32.879 -0700
"000000000000000AAA",SBQQ__QuoteTerm__ChangeEvent,1140,"01I41000002c7iY.ChangeEvent",,,SBQQ,QuoteTerm__ChangeEvent,Change Event: Quote Term,Change Event: Quote Term,Change Event: Quote Term,,false,true,false,false,false,,"1CE",false,false,false,true,false,false,true,false,true,true,true,false,false,false,/{ID},/{ID}/e,/1CE/e,,,,"01I41000002c7iY.ChangeEvent.005UZ00000BrdXxYAJ",CDC,false,ReadWrite,ReadWrite,false,false,false,false,,,,,,false,2025-04-14 08:28:36.607 -0700
"000000000000000AAA",OpportunityTeamMemberHistory,1056,OpportunityTeamMemberHistory,,,,OpportunityTeamMemberHistory,Opportunity Team Member History,Opportunity Team Member History,Opportunity Team Member History,,false,false,false,false,false,,"017",false,false,true,true,false,false,false,true,true,false,true,false,true,false,/{ID},/{ID}/e,/017/e,,,,OpportunityTeamMemberHistory.005UZ00000BrdXxYAJ,System,false,ReadWrite,ReadWrite,false,false,false,false,,,,,,false,2025-04-14 08:28:36.604 -0700
"000000000000000AAA",IS2_TGH__ISPHStageList__c,622,"01I1L000002ykdz",2019-09-24 14:35:49.000 -0700,"00541000003jeZTAAY",IS2_TGH,ISPHStageList,ISPHStageList,ISPHStageList,ISPHStageLists,IS2_TGH__ISPHStageList__c.SYSTEM,true,true,true,true,true,Deployed,a5M,false,false,true,true,true,true,true,true,true,true,true,false,true,false,/{ID},/{ID}/e,/a5M/e,/01I1L000002ykdz/e,,,"01I1L000002ykdz.005UZ00000BrdXxYAJ",IS2_TGH,true,ReadWrite,Private,false,false,false,false,,,,,,false,2025-04-14 08:28:34.763 -0700
"000000000000000AAA",codesters__Codesters_License__ChangeEvent,1510,"01I8X000003YKay.ChangeEvent",,,codesters,Codesters_License__ChangeEvent,Change Event: Codesters License,Change Event: Codesters License,Change Event: Codesters License,,false,true,false,false,false,,"1CE",false,false,false,true,false,false,true,false,true,true,true,false,false,false,/{ID},/{ID}/e,/1CE/e,,,,"01I8X000003YKay.ChangeEvent.005UZ00000BrdXxYAJ",CDC,false,ControlledByParent,ControlledByParent,false,false,false,false,,,,,,false,2025-04-14 08:28:38.030 -0700
"000000000000000AAA",ExternalSourceStatusEvent,505,ExternalSourceStatusEvent,,,,ExternalSourceStatusEvent,External Source Status Event,External Source Status Event,External Source Status Events,,false,true,false,false,false,,"2e1",false,false,false,false,false,false,true,false,true,false,false,false,false,false,/{ID},/{ID}/e,/2e1/e,,,,ExternalSourceStatusEvent.005UZ00000BrdXxYAJ,Conduit,false,ReadWrite,ReadWrite,false,false,false,false,,,,,,false,2025-04-14 08:28:34.508 -0700
"000000000000000AAA",DataStreamNewFieldEvent,402,DataStreamNewFieldEvent,,,,DataStreamNewFieldEvent,Data Stream New Field Event,Data Stream New Field Event,Data Stream New Field Events,,false,true,false,false,false,,"1e8",false,false,false,false,false,false,true,false,true,false,false,false,false,false,/{ID},/{ID}/e,/1e8/e,,,,DataStreamNewFieldEvent.005UZ00000BrdXxYAJ,Conduit,false,ReadWrite,ReadWrite,false,false,false,false,,,,,,false,2025-04-14 08:28:34.328 -0700
"000000000000000AAA",FlowOrchestrationLog,526,FlowOrchestrationLog,,,,FlowOrchestrationLog,Orchestration Run Log,Orchestration Run Log,Orchestration Run Log,FlowOrchestrationLog.SYSTEM,true,false,false,false,true,,"0mZ",false,false,true,true,false,false,false,true,true,true,true,false,true,false,/{ID},/{ID}/e,/0mZ/e,,,,FlowOrchestrationLog.005UZ00000BrdXxYAJ,System,true,ReadWrite,ReadWrite,false,false,false,false,,,,,,false,2025-04-14 08:28:34.532 -0700
"000000000000000AAA",WorkBadgeChangeEvent,1428,WorkBadgeChangeEvent,,,,WorkBadgeChangeEvent,Badge Received Change Event,Badge Received Change Event,Badge Received Change Event,,false,true,false,false,false,,"1CE",false,false,false,true,false,false,true,false,true,true,true,false,false,false,/{ID},/{ID}/e,/1CE/e,,,,WorkBadgeChangeEvent.005UZ00000BrdXxYAJ,CDC,false,ControlledByParent,ControlledByParent,false,false,false,false,,,,,,false,2025-04-14 08:28:38.005 -0700
"000000000000000AAA",IncidentRelatedItemChangeEvent,649,IncidentRelatedItemChangeEvent,,,,IncidentRelatedItemChangeEvent,Incident Related Item Change Event,Incident Related Item Change Event,Incident Related Item Change Event,,false,true,false,false,false,,"1CE",false,false,false,true,false,false,true,false,true,true,true,false,false,false,/{ID},/{ID}/e,/1CE/e,,,,IncidentRelatedItemChangeEvent.005UZ00000BrdXxYAJ,CDC,false,ControlledByParent,ControlledByParent,false,false,false,false,,,,,,false,2025-04-14 08:28:34.764 -0700
"000000000000000AAA",WorkPlanChangeEvent,1446,WorkPlanChangeEvent,,,,WorkPlanChangeEvent,Work Plan Change Event,Work Plan Change Event,Work Plan Change Event,,false,true,false,false,false,,"1CE",false,false,false,true,false,false,true,false,true,true,true,false,false,false,/{ID},/{ID}/e,/1CE/e,,,,WorkPlanChangeEvent.005UZ00000BrdXxYAJ,CDC,false,Private,Private,false,false,false,false,,,,,,false,2025-04-14 08:28:38.006 -0700
"000000000000000AAA",CampaignMemberStatus,174,CampaignMemberStatus,,,,CampaignMemberStatus,Campaign Member Status,Campaign Member Status,Campaign Member Statuses,CampaignMemberStatus.SYSTEM,false,false,false,false,true,,"01Y",false,false,true,true,false,false,false,true,true,true,true,false,true,false,/{ID},/{ID}/e,/01Y/e,,,,CampaignMemberStatus.005UZ00000BrdXxYAJ,System,true,FullAccess,FullAccess,false,false,false,false,,,,,,false,2025-04-14 08:28:32.475 -0700
"000000000000000AAA",NPS_Survey_Responses__c,805,"01I1L000002uaSa",2021-04-19 13:15:24.000 -0700,"00541000002fJRjAAM",,NPS_Survey_Responses,NPS Survey Response,NPS Survey Response,NPS Survey Responses,NPS_Survey_Responses__c.SYSTEM,true,true,true,true,true,Deployed,a5P,false,false,true,true,true,true,true,true,true,true,true,false,true,true,/{ID},/{ID}/e,/a5P/e,/01I1L000002uaSa/e,,,"01I1L000002uaSa.005UZ00000BrdXxYAJ",<local>,true,ControlledByParent,ControlledByParent,false,false,false,false,,,,,,false,2025-04-14 08:28:36.333 -0700
"000000000000000AAA",agileed__ConnectLink_Metric__ChangeEvent,1485,"01IUZ000000rbav.ChangeEvent",,,agileed,ConnectLink_Metric__ChangeEvent,Change Event: ConnectLink Metric,Change Event: ConnectLink Metric,Change Event: ConnectLink Metric,,false,true,false,false,false,,"1CE",false,false,false,true,false,false,true,false,true,true,true,false,false,false,/{ID},/{ID}/e,/1CE/e,,,,"01IUZ000000rbav.ChangeEvent.005UZ00000BrdXxYAJ",CDC,false,ReadWrite,Private,false,false,false,false,,,,,,false,2025-04-14 08:28:38.016 -0700
"000000000000000AAA",Task,1327,Task,,,,Task,Task,Task,Tasks,Task.SYSTEM,true,true,true,false,true,,"00T",false,false,true,true,true,true,true,true,true,true,true,false,true,true,/{ID},/{ID}/e,/00T/e,,,,Task.005UZ00000BrdXxYAJ,System,true,ControlledByParent,ControlledByParent,false,false,false,false,,,,,,false,2025-04-14 08:28:37.977 -0700
"000000000000000AAA",codesters__Codesters_License__c,1512,"01I8X000003YKay",2023-11-15 17:05:29.000 -0800,"0051L000007gwhLQAQ",codesters,Codesters_License,Codesters License,Codesters License,Codesters Licenses,codesters__Codesters_License__c.SYSTEM,true,true,true,true,true,Deployed,a2G,false,false,true,true,true,true,true,true,true,true,true,false,true,true,/{ID},/{ID}/e,/a2G/e,/01I8X000003YKay/e,,,"01I8X000003YKay.005UZ00000BrdXxYAJ",codesters,true,ControlledByParent,ControlledByParent,false,false,false,false,,,,,,false,2025-04-14 08:28:38.030 -0700
"000000000000000AAA",SBQQ__ProductAction__c,806,"01I41000002c7iO",2024-10-12 01:17:42.000 -0700,"00541000003NPmqAAG",SBQQ,ProductAction,Product Action,Product Action,Product Actions,SBQQ__ProductAction__c.SYSTEM,true,true,true,true,true,Deployed,a0k,false,false,true,true,false,false,true,true,true,true,true,false,true,false,/{ID},/{ID}/e,/a0k/e,/01I41000002c7iO/e,ProductActionHelp,/06641000007WPEY,"01I41000002c7iO.005UZ00000BrdXxYAJ",SBQQ,true,ControlledByParent,ControlledByParent,false,false,false,false,,,,,,false,2025-04-14 08:28:36.333 -0700
"000000000000000AAA",LiveChatTranscriptShare,765,LiveChatTranscriptShare,,,,LiveChatTranscriptShare,Chat Transcript Share,Chat Transcript Share,Chat Transcript Share,,false,false,false,false,false,,"02c",false,false,false,true,false,false,false,true,true,true,true,false,true,false,/{ID},/{ID}/e,/02c/e,,,,LiveChatTranscriptShare.005UZ00000BrdXxYAJ,System,false,Private,Private,false,false,false,false,,,,,,false,2025-04-14 08:28:34.927 -0700
"000000000000000AAA",LCOM_Member__ChangeEvent,690,"01IUZ000000NrQG.ChangeEvent",,,,LCOM_Member__ChangeEvent,Change Event: LCOM Member,Change Event: LCOM Member,Change Event: LCOM Member,,false,true,false,false,false,,"1CE",false,false,false,true,false,false,true,false,true,true,true,false,false,false,/{ID},/{ID}/e,/1CE/e,,,,"01IUZ000000NrQG.ChangeEvent.005UZ00000BrdXxYAJ",CDC,false,ControlledByParent,ControlledByParent,false,false,false,false,,,,,,false,2025-04-14 08:28:34.848 -0700
"000000000000000AAA",Business_Ops_Request__c,156,"01I1L000002ykzv",2025-03-10 20:13:49.000 -0700,"005UZ00000B4tsPYAR",,Business_Ops_Request,Business Ops Request,Business Ops Request,Business Ops Requests,Business_Ops_Request__c.0AHUZ0000000Qlh,true,true,true,true,true,Deployed,a1I,false,false,true,true,true,true,true,true,true,true,true,true,true,true,/{ID},/{ID}/e,/a1I/e,/01I1L000002ykzv/e,,,"01I1L000002ykzv.005UZ00000BrdXxYAJ",<local>,true,ReadWrite,Private,false,false,false,false,,,,,,false,2025-04-14 08:28:32.462 -0700
"000000000000000AAA",LCOM_License__c,689,"01IUZ000000NrQF",2024-05-16 23:24:21.000 -0700,"005UZ000002t937YAA",,LCOM_License,LCOM License,LCOM License,LCOM Licenses,LCOM_License__c.SYSTEM,true,true,true,true,true,Deployed,a3a,false,false,true,true,true,true,true,true,true,true,true,false,true,true,/{ID},/{ID}/e,/a3a/e,/01IUZ000000NrQF/e,,,"01IUZ000000NrQF.005UZ00000BrdXxYAJ",<local>,true,ControlledByParent,ControlledByParent,false,false,false,false,,,,,,false,2025-04-14 08:28:34.848 -0700
"000000000000000AAA",agileed__ConnectLink_Metric__Share,1486,"01IUZ000000rbav.Share",,,agileed,ConnectLink_Metric__Share,Share: ConnectLink Metric,Share: ConnectLink Metric,Share: ConnectLink Metric,,false,false,false,false,false,,"02c",false,false,false,true,false,false,false,true,true,true,true,false,true,false,/{ID},/{ID}/e,/02c/e,,,,"01IUZ000000rbav.Share.005UZ00000BrdXxYAJ",System,false,ReadWrite,Private,false,false,false,false,,,,,,false,2025-04-14 08:28:38.016 -0700
"000000000000000AAA",ApprovalWorkItem,68,ApprovalWorkItem,,,,ApprovalWorkItem,Approval Work Item,Approval Work Item,Approval Work Items,ApprovalWorkItem.SYSTEM,true,true,true,true,true,,"9jR",false,false,true,true,false,false,true,true,true,true,true,false,true,false,/{ID},/{ID}/e,/9jR/e,,,,ApprovalWorkItem.005UZ00000BrdXxYAJ,System,true,ControlledByParent,ControlledByParent,false,false,false,false,,,,,,false,2025-04-14 08:28:32.388 -0700
"000000000000000AAA",CommSubscriptionConsentShare,240,CommSubscriptionConsentShare,,,,CommSubscriptionConsentShare,Communication Subscription Consent Share,Communication Subscription Consent Share,Communication Subscription Consent Share,,false,false,false,false,false,,"02c",false,false,false,true,false,false,false,true,true,true,true,false,true,false,/{ID},/{ID}/e,/02c/e,,,,CommSubscriptionConsentShare.005UZ00000BrdXxYAJ,System,false,Private,Private,false,false,false,false,,,,,,false,2025-04-14 08:28:32.617 -0700
"000000000000000AAA",FeedSignal,511,FeedSignal,,,,FeedSignal,Feed Signal,Feed Signal,Feed Signals,,false,false,false,false,false,,"0QJ",false,false,false,false,false,false,false,true,true,false,true,false,false,false,/{ID},/{ID}/e,/0QJ/e,,,,FeedSignal.005UZ00000BrdXxYAJ,System,false,ReadWrite,ReadWrite,false,false,false,false,,,,,,false,2025-04-14 08:28:34.508 -0700
"000000000000000AAA",ForecastingColumnDefinitionLocalization,542,ForecastingColumnDefinitionLocalization,,,,ForecastingColumnDefinitionLocalization,Translation,Translation,Translation,,false,false,false,false,false,,"01j",false,false,true,true,false,false,false,true,true,true,true,false,true,false,/{ID},/{ID}/e,/01j/e,,,,ForecastingColumnDefinitionLocalization.005UZ00000BrdXxYAJ,System,false,ReadWrite,ReadWrite,false,false,false,false,,,,,,false,2025-04-14 08:28:34.533 -0700
"000000000000000AAA",NavigationLinkSet,977,NavigationLinkSet,,,,NavigationLinkSet,Navigation Link Set,Navigation Link Set,Navigation Link Sets,,false,false,false,false,false,,"0Lm",false,false,false,true,false,false,false,true,true,true,true,false,true,false,/{ID},/{ID}/e,/0Lm/e,,,,NavigationLinkSet.005UZ00000BrdXxYAJ,System,false,ReadWrite,ReadWrite,false,false,false,false,,,,,,false,2025-04-14 08:28:36.575 -0700
"000000000000000AAA",ProfileSkillUserFeed,1082,ProfileSkillUserFeed,,,,ProfileSkillUserFeed,Skill User Feed,Skill User Feed,Skill User Feed,,false,false,false,false,false,,"0D5",false,false,true,true,false,false,false,true,false,false,true,false,true,false,/{ID},/{ID}/e,/0D5/e,,,,ProfileSkillUserFeed.005UZ00000BrdXxYAJ,System,false,ControlledByParent,ControlledByParent,false,false,false,false,,,,,,false,2025-04-14 08:28:36.605 -0700
"000000000000000AAA",ChatterExtensionConfig,216,ChatterExtensionConfig,,,,ChatterExtensionConfig,Chatter Extension Configuration,Chatter Extension Configuration,Chatter Extension Configurations,,false,false,false,false,false,,"0Ob",false,false,false,true,false,false,false,true,true,true,true,false,true,false,/{ID},/{ID}/e,/0Ob/e,,,,ChatterExtensionConfig.005UZ00000BrdXxYAJ,System,false,ReadWrite,ReadWrite,false,false,false,false,,,,,,false,2025-04-14 08:28:32.505 -0700
"000000000000000AAA",LiveAgentSessionChangeEvent,750,LiveAgentSessionChangeEvent,,,,LiveAgentSessionChangeEvent,Chat Session Change Event,Chat Session Change Event,Chat Session Change Event,,false,true,false,false,false,,"1CE",false,false,false,true,false,false,true,false,true,true,true,false,false,false,/{ID},/{ID}/e,/1CE/e,,,,LiveAgentSessionChangeEvent.005UZ00000BrdXxYAJ,CDC,false,Private,Private,false,false,false,false,,,,,,false,2025-04-14 08:28:34.927 -0700
"000000000000000AAA",OpportunityHistory,979,OpportunityHistory,,,,OpportunityHistory,Opportunity History,Opportunity History,Opportunity History,,false,false,false,false,false,,"008",false,false,true,true,false,false,false,true,true,true,true,false,true,false,/{ID},/{ID}/e,/008/e,,,,OpportunityHistory.005UZ00000BrdXxYAJ,System,false,ReadWrite,ReadWrite,false,false,false,false,,,,,,false,2025-04-14 08:28:36.576 -0700
"000000000000000AAA",ApexTestResultLimits,54,ApexTestResultLimits,,,,ApexTestResultLimits,Apex Test Result Limit,Apex Test Result Limit,Apex Test Result Limit,,false,false,false,false,false,,"05n",false,false,false,true,false,false,false,true,true,true,true,false,true,false,/{ID},/{ID}/e,/05n/e,,,,ApexTestResultLimits.005UZ00000BrdXxYAJ,System,false,ReadWrite,ReadWrite,false,false,false,false,,,,,,false,2025-04-14 08:28:32.361 -0700
"000000000000000AAA",MLEngagementEvent,780,MLEngagementEvent,,,,MLEngagementEvent,ML Engagement Event,ML Engagement Event,ML Engagement Events,,false,true,false,false,false,,"9Qb",false,false,false,false,false,false,true,false,true,false,false,false,false,false,/{ID},/{ID}/e,/9Qb/e,,,,MLEngagementEvent.005UZ00000BrdXxYAJ,System,false,ReadWrite,ReadWrite,false,false,false,false,,,,,,false,2025-04-14 08:28:34.928 -0700
"000000000000000AAA",StreamingChannel,1289,StreamingChannel,,,,StreamingChannel,Streaming Channel,Streaming Channel,Streaming Channels,,false,true,true,true,false,,"0M6",false,false,true,true,false,false,true,true,true,true,true,false,true,true,/{ID},/{ID}/e,/0M6/e,,,,StreamingChannel.005UZ00000BrdXxYAJ,System,true,ReadWrite,ReadWrite,false,false,false,false,,,,,,false,2025-04-14 08:28:37.971 -0700
"000000000000000AAA",RelatedListColumnDefinition,1186,RelatedListColumnDefinition,,,,RelatedListColumnDefinition,Related List Column Definition,Related List Column Definition,Related List Column Definition,,false,false,false,false,false,,"0rc",false,false,false,false,false,false,false,false,true,true,true,false,true,false,/{ID},/{ID}/e,/0rc/e,,,,RelatedListColumnDefinition.005UZ00000BrdXxYAJ,System,false,ReadWrite,ReadWrite,false,false,false,false,,,,,,false,2025-04-14 08:28:36.617 -0700
"000000000000000AAA",EmailMessageRelation,441,EmailMessageRelation,,,,EmailMessageRelation,Email Message Relation,Email Message Relation,Email Message Relations,,false,false,false,false,false,,"0CZ",false,false,true,true,false,false,false,true,true,true,true,false,true,false,/{ID},/{ID}/e,/0CZ/e,,,,EmailMessageRelation.005UZ00000BrdXxYAJ,System,false,ReadWrite,ReadWrite,false,false,false,false,,,,,,false,2025-04-14 08:28:34.343 -0700
"000000000000000AAA",LiveChatButton,754,LiveChatButton,,,,LiveChatButton,Chat Button,Chat Button,Chat Buttons,,false,false,false,false,false,,"573",false,false,false,true,false,false,false,true,true,true,false,false,true,false,/{ID},/{ID}/e,/573/e,,,,LiveChatButton.005UZ00000BrdXxYAJ,System,false,ReadWrite,ReadWrite,false,false,false,false,,,,,,false,2025-04-14 08:28:34.927 -0700
"000000000000000AAA",IS_REQUEST_FORM__ChangeEvent,623,"01I1L000002qRTm.ChangeEvent",,,,IS_REQUEST_FORM__ChangeEvent,Change Event: IS Request Form,Change Event: IS Request Form,Change Event: IS Request Form,,false,true,false,false,false,,"1CE",false,false,false,true,false,false,true,false,true,true,true,false,false,false,/{ID},/{ID}/e,/1CE/e,,,,"01I1L000002qRTm.ChangeEvent.005UZ00000BrdXxYAJ",CDC,false,ReadWrite,Private,false,false,false,false,,,,,,false,2025-04-14 08:28:34.763 -0700
"000000000000000AAA",X2020_Renewal_Pipeline_Snapshot__History,1473,"01I1L000002ua9z.History",,,,X2020_Renewal_Pipeline_Snapshot__History,History: 2020 Renewal Pipeline Snapshot,History: 2020 Renewal Pipeline Snapshot,History: 2020 Renewal Pipeline Snapshot,,false,false,false,false,false,,"017",false,false,true,true,false,false,false,true,true,false,true,false,true,false,/{ID},/{ID}/e,/017/e,,,,"01I1L000002ua9z.History.005UZ00000BrdXxYAJ",System,false,ReadWrite,Private,false,false,false,false,,,,,,false,2025-04-14 08:28:38.015 -0700
"000000000000000AAA",Problem,1106,Problem,,,,Problem,Problem,Problem,Problems,Problem.SYSTEM,true,true,true,false,true,,"0o2",false,false,true,true,true,true,true,true,true,true,true,true,true,true,/{ID},/{ID}/e,/0o2/e,,,,Problem.005UZ00000BrdXxYAJ,System,true,Private,Private,false,false,false,false,,,,,,false,2025-04-14 08:28:36.606 -0700
"000000000000000AAA",EventRelayConfig,479,EventRelayConfig,,,,EventRelayConfig,Event Relay Config,Event Relay Config,Event Relay Configs,,false,false,false,false,false,,"7k2",false,false,false,true,false,false,false,true,true,true,true,false,true,false,/{ID},/{ID}/e,/7k2/e,,,,EventRelayConfig.005UZ00000BrdXxYAJ,System,false,ReadWrite,ReadWrite,false,false,false,false,,,,,,false,2025-04-14 08:28:34.410 -0700
"000000000000000AAA",WaveCompatibilityCheckItem,1423,WaveCompatibilityCheckItem,,,,WaveCompatibilityCheckItem,Wave Compatibility Check Item,Wave Compatibility Check Item,Wave Compatibility Check Items,,false,false,false,false,false,,"0OZ",false,false,true,true,false,false,false,true,true,true,true,false,true,false,/{ID},/{ID}/e,/0OZ/e,,,,WaveCompatibilityCheckItem.005UZ00000BrdXxYAJ,System,false,ReadWrite,ReadWrite,false,false,false,false,,,,,,false,2025-04-14 08:28:38.005 -0700
"000000000000000AAA",agileed__ConnectLink_Metric__c,1487,"01IUZ000000rbav",2024-10-02 08:34:06.000 -0700,"00541000001SOPlAAO",agileed,ConnectLink_Metric,ConnectLink Metric,ConnectLink Metric,ConnectLink Metrics,agileed__ConnectLink_Metric__c.SYSTEM,true,true,true,true,true,Deployed,a5s,false,false,true,true,true,true,true,true,true,true,true,false,true,true,/{ID},/{ID}/e,/a5s/e,/01IUZ000000rbav/e,,,"01IUZ000000rbav.005UZ00000BrdXxYAJ",agileed,true,ReadWrite,Private,false,false,false,false,,,,,,false,2025-04-14 08:28:38.016 -0700
"000000000000000AAA",DataObjBillableStatusEvent,383,DataObjBillableStatusEvent,,,,DataObjBillableStatusEvent,Data Object Billable Status Event,Data Object Billable Status Event,Data Object Billable Status Events,,false,true,false,false,false,,"1DC",false,false,false,false,false,false,true,false,true,false,false,false,false,false,/{ID},/{ID}/e,/1DC/e,,,,DataObjBillableStatusEvent.005UZ00000BrdXxYAJ,Conduit,false,ReadWrite,ReadWrite,false,false,false,false,,,,,,false,2025-04-14 08:28:32.879 -0700
"000000000000000AAA",TestSuiteMembership,1337,TestSuiteMembership,,,,TestSuiteMembership,Test Suite Membership,Test Suite Membership,Test Suite Memberships,,false,false,false,false,false,,"0Hd",false,false,false,true,false,false,false,true,true,true,true,false,true,false,/{ID},/{ID}/e,/0Hd/e,,,,TestSuiteMembership.005UZ00000BrdXxYAJ,System,false,ReadWrite,ReadWrite,false,false,false,false,,,,,,false,2025-04-14 08:28:37.977 -0700
"000000000000000AAA",ApexTestRunResult,55,ApexTestRunResult,,,,ApexTestRunResult,Apex Test Run Result,Apex Test Run Result,Apex Test Run Result,,false,false,false,false,false,,"05m",false,false,false,true,false,false,false,true,true,true,true,false,true,false,/{ID},/{ID}/e,/05m/e,,,,ApexTestRunResult.005UZ00000BrdXxYAJ,System,false,ReadWrite,ReadWrite,false,false,false,false,,,,,,false,2025-04-14 08:28:32.361 -0700
"000000000000000AAA",TimelineObjectDefinition,1339,TimelineObjectDefinition,,,,TimelineObjectDefinition,Timeline Object Definition,Timeline Object Definition,Timeline Object Definition,,false,false,false,false,false,,"0sY",false,false,false,true,false,false,false,true,true,true,true,false,true,false,/{ID},/{ID}/e,/0sY/e,,,,TimelineObjectDefinition.005UZ00000BrdXxYAJ,System,false,ReadWrite,ReadWrite,false,false,false,false,,,,,,false,2025-04-14 08:28:37.977 -0700
"000000000000000AAA",SiteFeed,1262,SiteFeed,,,,SiteFeed,Site,Site,Site,,false,false,false,false,false,,"0D5",false,false,true,true,false,false,false,true,false,false,true,false,true,false,/{ID},/{ID}/e,/0D5/e,,,,SiteFeed.005UZ00000BrdXxYAJ,System,false,ReadWrite,ReadWrite,false,false,false,false,,,,,,false,2025-04-14 08:28:37.951 -0700
"000000000000000AAA",ObjectFromEmailDefaultFields__ChangeEvent,1100,"01I1L000002ylI0.ChangeEvent",,,,ObjectFromEmailDefaultFields__ChangeEvent,Change Event: Object From Email Default Fields,Change Event: Object From Email Default Fields,Change Event: Object From Email Default Fields,,false,true,false,false,false,,"1CE",false,false,false,true,false,false,true,false,true,true,true,false,false,false,/{ID},/{ID}/e,/1CE/e,,,,"01I1L000002ylI0.ChangeEvent.005UZ00000BrdXxYAJ",CDC,false,ReadWrite,ReadWrite,false,false,false,false,,,,,,false,2025-04-14 08:28:36.605 -0700
"000000000000000AAA",SBQQ__SubscribedAsset__c,818,"01I41000002c7ih",2024-10-12 01:17:42.000 -0700,"00541000003NPmqAAG",SBQQ,SubscribedAsset,Subscribed Asset,Subscribed Asset,Subscribed Assets,SBQQ__SubscribedAsset__c.SYSTEM,true,true,true,true,true,Deployed,a13,false,false,true,true,false,false,true,true,true,true,true,false,true,false,/{ID},/{ID}/e,/a13/e,/01I41000002c7ih/e,SubscribedAssetHelp,/06641000007WPF3,"01I41000002c7ih.005UZ00000BrdXxYAJ",SBQQ,true,ControlledByParent,ControlledByParent,false,false,false,false,,,,,,false,2025-04-14 08:28:36.353 -0700
"000000000000000AAA",SolutionStatus,1280,SolutionStatus,,,,SolutionStatus,Solution Status Value,Solution Status Value,Solution Status Value,,false,false,false,false,false,,,false,false,false,true,false,false,false,true,false,false,false,false,true,false,/{ID},/{ID}/e,/null/e,,,,SolutionStatus.005UZ00000BrdXxYAJ,System,false,ReadWrite,ReadWrite,false,false,false,false,,,,,,false,2025-04-14 08:28:37.959 -0700
"000000000000000AAA",ARR_Snapshot__Share,6,"01I1L000002ylfD.Share",,,,ARR_Snapshot__Share,Share: ARR Snapshot,Share: ARR Snapshot,Share: ARR Snapshot,,false,false,false,false,false,,"02c",false,false,false,true,false,false,false,true,true,true,true,false,true,false,/{ID},/{ID}/e,/02c/e,,,,"01I1L000002ylfD.Share.005UZ00000BrdXxYAJ",System,false,ReadWrite,Private,false,false,false,false,,,,,,false,2025-04-14 08:28:32.318 -0700
"000000000000000AAA",Holiday,617,Holiday,,,,Holiday,Holiday,Holiday,Holidays,,false,false,false,false,false,,"0C0",false,false,true,true,false,true,false,true,true,true,true,false,true,false,/{ID},/{ID}/e,/0C0/e,,,,Holiday.005UZ00000BrdXxYAJ,System,true,ReadWrite,ReadWrite,false,false,false,false,,,,,,false,2025-04-14 08:28:34.763 -0700
"000000000000000AAA",codesters__Opportunity_License__c,1527,"01I8X000003YKb4",2023-11-15 17:05:30.000 -0800,"0051L000007gwhLQAQ",codesters,Opportunity_License,Opportunity License,Opportunity License,Opportunity Licenses,codesters__Opportunity_License__c.SYSTEM,true,true,true,true,true,Deployed,a2O,false,false,true,true,false,false,true,true,true,true,true,false,true,false,/{ID},/{ID}/e,/a2O/e,/01I8X000003YKb4/e,,,"01I8X000003YKb4.005UZ00000BrdXxYAJ",codesters,true,ControlledByParent,ControlledByParent,false,false,false,false,,,,,,false,2025-04-14 08:28:38.031 -0700
"000000000000000AAA",WorkOrderStatus,1444,WorkOrderStatus,,,,WorkOrderStatus,Work Order Status Value,Work Order Status Value,Work Order Status Value,,false,false,false,false,false,,,false,false,false,true,false,false,false,true,false,false,false,false,true,false,/{ID},/{ID}/e,/null/e,,,,WorkOrderStatus.005UZ00000BrdXxYAJ,System,false,ReadWrite,ReadWrite,false,false,false,false,,,,,,false,2025-04-14 08:28:38.006 -0700
"000000000000000AAA",PlatformEventUsageMetric,1023,PlatformEventUsageMetric,,,,PlatformEventUsageMetric,Platform Event Usage Metric,Platform Event Usage Metric,Platform Event Usage Metrics,,false,false,false,false,false,,"8Kk",false,false,false,false,false,false,false,false,true,true,true,false,true,false,/{ID},/{ID}/e,/8Kk/e,,,,PlatformEventUsageMetric.005UZ00000BrdXxYAJ,System,false,ReadWrite,ReadWrite,false,false,false,false,,,,,,false,2025-04-14 08:28:36.602 -0700
"000000000000000AAA",SBQQ__DiscountCategory__c,839,"01I41000002c7hy",2024-10-12 01:17:42.000 -0700,"00541000003NPmqAAG",SBQQ,DiscountCategory,Discount Category,Discount Category,Discount Categories,SBQQ__DiscountCategory__c.SYSTEM,true,true,true,true,true,Deployed,a0K,false,false,true,true,false,false,true,true,true,true,true,false,true,true,/{ID},/{ID}/e,/a0K/e,/01I41000002c7hy/e,DiscountCategoryHelp,/06641000007WPDo,"01I41000002c7hy.005UZ00000BrdXxYAJ",SBQQ,true,ReadWrite,ReadWrite,false,false,false,false,,,,,,false,2025-04-14 08:28:36.365 -0700
"000000000000000AAA",CollaborationGroupRecord,223,CollaborationGroupRecord,,,,CollaborationGroupRecord,Group Record,Group Record,Group Records,,false,true,false,false,false,,"0Aa",false,false,true,true,false,false,true,true,true,true,true,false,true,false,/{ID},/{ID}/e,/0Aa/e,,,,CollaborationGroupRecord.005UZ00000BrdXxYAJ,System,true,ReadWrite,ReadWrite,false,false,false,false,,,,,,false,2025-04-14 08:28:32.562 -0700
"000000000000000AAA",PartnerRole,1061,PartnerRole,,,,PartnerRole,Partner Role Value,Partner Role Value,Partner Role Value,,false,false,false,false,false,,,false,false,false,true,false,false,false,true,false,false,false,false,true,false,/{ID},/{ID}/e,/null/e,,,,PartnerRole.005UZ00000BrdXxYAJ,System,false,ReadWrite,ReadWrite,false,false,false,false,,,,,,false,2025-04-14 08:28:36.604 -0700
"000000000000000AAA",ServiceResourceHistory,1246,ServiceResourceHistory,,,,ServiceResourceHistory,Service Resource History,Service Resource History,Service Resource History,,false,false,false,false,false,,"017",false,false,true,true,false,false,false,true,true,false,true,false,true,false,/{ID},/{ID}/e,/017/e,,,,ServiceResourceHistory.005UZ00000BrdXxYAJ,System,false,Private,Private,false,false,false,false,,,,,,false,2025-04-14 08:28:37.942 -0700
"000000000000000AAA",agileed__District_Institution__c,1499,"01I8X0000018SqD",2024-10-02 08:34:06.000 -0700,"00541000001SOPlAAO",agileed,District_Institution,District Institution,District Institution,District Institutions,agileed__District_Institution__c.SYSTEM,true,true,true,true,true,Deployed,a68,false,false,true,true,false,false,true,true,true,true,true,false,true,false,/{ID},/{ID}/e,/a68/e,/01I8X0000018SqD/e,,,"01I8X0000018SqD.005UZ00000BrdXxYAJ",agileed,true,ReadWrite,Private,false,false,false,false,,,,,,false,2025-04-14 08:28:38.025 -0700
"000000000000000AAA",rcsfl__AdminSetting__c,1545,"01I8X000003FV6r",2023-10-10 14:36:42.000 -0700,"0058X00000Fi8mPQAR",rcsfl,AdminSetting,AdminSetting,AdminSetting,AdminSetting,,true,false,false,false,false,Deployed,a2V,true,false,true,true,true,true,false,true,true,true,true,false,true,false,/{ID},/{ID}/e,/a2V/e,/01I8X000003FV6r/e,,,"01I8X000003FV6r.005UZ00000BrdXxYAJ",rcsfl,true,ReadWrite,ReadWrite,false,false,false,false,,,,,,false,2025-04-14 08:28:38.040 -0700
"000000000000000AAA",SBQQ__RecordJob__c,874,"01I41000002c7ia",2024-10-12 01:17:42.000 -0700,"00541000003NPmqAAG",SBQQ,RecordJob,Record Job,Record Job,Record Jobs,SBQQ__RecordJob__c.SYSTEM,true,true,true,true,true,Deployed,a0w,false,false,true,true,false,false,true,true,true,true,true,false,true,false,/{ID},/{ID}/e,/a0w/e,/01I41000002c7ia/e,RecordJobHelp,/06641000007WPEo,"01I41000002c7ia.005UZ00000BrdXxYAJ",SBQQ,true,ReadWrite,ReadWrite,false,false,false,false,,,,,,false,2025-04-14 08:28:36.395 -0700
"000000000000000AAA",dstore__Grocery_Store_Review__ChangeEvent,1532,"01I1L000002yl0k.ChangeEvent",,,dstore,Grocery_Store_Review__ChangeEvent,Change Event: Grocery Store Review (Example),Change Event: Grocery Store Review (Example),Change Event: Grocery Store Review (Example),,false,true,false,false,false,,"1CE",false,false,false,true,false,false,true,false,true,true,true,false,false,false,/{ID},/{ID}/e,/1CE/e,,,,"01I1L000002yl0k.ChangeEvent.005UZ00000BrdXxYAJ",CDC,false,ReadWrite,Private,false,false,false,false,,,,,,false,2025-04-14 08:28:38.032 -0700
"000000000000000AAA",AgentWorkSkillChangeEvent,39,AgentWorkSkillChangeEvent,,,,AgentWorkSkillChangeEvent,Agent Work Skill Change Event,Agent Work Skill Change Event,Agent Work Skill Change Event,,false,true,false,false,false,,"1CE",false,false,false,true,false,false,true,false,true,true,true,false,false,false,/{ID},/{ID}/e,/1CE/e,,,,AgentWorkSkillChangeEvent.005UZ00000BrdXxYAJ,CDC,false,ControlledByParent,ControlledByParent,false,false,false,false,,,,,,false,2025-04-14 08:28:32.356 -0700
"000000000000000AAA",ContentBody,293,ContentBody,,,,ContentBody,Content Body,Content Body,Content Bodies,,false,false,false,false,false,,"05T",false,false,false,false,false,false,false,true,true,true,true,false,false,false,/{ID},/{ID}/e,/05T/e,,,,ContentBody.005UZ00000BrdXxYAJ,System,false,ReadWrite,ReadWrite,false,false,false,false,,,,,,false,2025-04-14 08:28:32.696 -0700
"000000000000000AAA",ConnectedApplication,258,ConnectedApplication,,,,ConnectedApplication,Connected App,Connected App,Connected Apps,,false,false,false,false,false,,"0H4",false,false,false,true,false,false,false,true,false,false,false,false,true,false,/{ID},/{ID}/e,/0H4/e,,,,ConnectedApplication.005UZ00000BrdXxYAJ,System,false,ReadWrite,ReadWrite,false,false,false,false,,,,,,false,2025-04-14 08:28:32.657 -0700
"000000000000000AAA",ManagedContentSpace,795,ManagedContentSpace,,,,ManagedContentSpace,Managed Content Space,Managed Content Space,Managed Content Spaces,,false,false,false,false,false,,"0Zu",false,false,true,true,false,false,false,true,true,true,true,false,true,true,/{ID},/{ID}/e,/0Zu/e,,,,ManagedContentSpace.005UZ00000BrdXxYAJ,System,false,ReadWrite,ReadWrite,false,false,false,false,,,,,,false,2025-04-14 08:28:34.929 -0700
"000000000000000AAA",ServiceContractChangeEvent,1238,ServiceContractChangeEvent,,,,ServiceContractChangeEvent,Service Contract Change Event,Service Contract Change Event,Service Contract Change Event,,false,true,false,false,false,,"1CE",false,false,false,true,false,false,true,false,true,true,true,false,false,false,/{ID},/{ID}/e,/1CE/e,,,,ServiceContractChangeEvent.005UZ00000BrdXxYAJ,CDC,false,Private,Private,false,false,false,false,,,,,,false,2025-04-14 08:28:37.942 -0700
"000000000000000AAA",DecisionTableParameter,418,DecisionTableParameter,,,,DecisionTableParameter,Decision Table Parameter,Decision Table Parameter,Decision Table Parameters,,false,false,false,false,false,,"0lP",false,false,false,true,false,false,false,true,true,true,true,false,true,false,/{ID},/{ID}/e,/0lP/e,,,,DecisionTableParameter.005UZ00000BrdXxYAJ,System,false,ReadWrite,ReadWrite,false,false,false,false,,,,,,false,2025-04-14 08:28:34.336 -0700
"000000000000000AAA",CustomerShare,345,CustomerShare,,,,CustomerShare,Customer Share,Customer Share,Customer Share,,false,false,false,false,false,,"02c",false,false,false,true,false,false,false,true,true,true,true,false,true,false,/{ID},/{ID}/e,/02c/e,,,,CustomerShare.005UZ00000BrdXxYAJ,System,false,ReadWrite,Private,false,false,false,false,,,,,,false,2025-04-14 08:28:32.877 -0700
"000000000000000AAA",OrderHistory,1077,OrderHistory,,,,OrderHistory,Order History,Order History,Order History,,false,false,false,false,false,,"017",false,false,true,true,false,false,false,true,true,false,true,false,true,false,/{ID},/{ID}/e,/017/e,,,,OrderHistory.005UZ00000BrdXxYAJ,System,false,ReadWrite,ReadWrite,false,false,false,false,,,,,,false,2025-04-14 08:28:36.604 -0700
"000000000000000AAA",ContactPointAddressHistory,271,ContactPointAddressHistory,,,,ContactPointAddressHistory,Contact Point Address History,Contact Point Address History,Contact Point Address History,,false,false,false,false,false,,"017",false,false,true,true,false,false,false,true,true,false,true,false,true,false,/{ID},/{ID}/e,/017/e,,,,ContactPointAddressHistory.005UZ00000BrdXxYAJ,System,false,ControlledByParent,ControlledByParent,false,false,false,false,,,,,,false,2025-04-14 08:28:32.676 -0700
"000000000000000AAA",AuraDefinitionInfo,96,AuraDefinitionInfo,,,,AuraDefinitionInfo,Aura Definition Info,Aura Definition Info,Aura Definition Infos,,false,false,false,false,false,,"0ad",false,false,false,false,false,false,false,false,true,true,true,false,true,false,/{ID},/{ID}/e,/0ad/e,,,,AuraDefinitionInfo.005UZ00000BrdXxYAJ,System,false,ReadWrite,ReadWrite,false,false,false,false,,,,,,false,2025-04-14 08:28:32.390 -0700
"000000000000000AAA",CampaignChangeEvent,168,CampaignChangeEvent,,,,CampaignChangeEvent,Campaign Change Event,Campaign Change Event,Campaign Change Event,,false,true,false,false,false,,"1CE",false,false,false,true,false,false,true,false,true,true,true,false,false,false,/{ID},/{ID}/e,/1CE/e,,,,CampaignChangeEvent.005UZ00000BrdXxYAJ,CDC,false,FullAccess,FullAccess,false,false,false,false,,,,,,false,2025-04-14 08:28:32.463 -0700
"000000000000000AAA",ScorecardMetric,1226,ScorecardMetric,,,,ScorecardMetric,Scorecard Metric,Scorecard Metric,Scorecard Metrics,ScorecardMetric.SYSTEM,true,false,false,false,true,,"0Om",false,false,true,true,false,false,false,true,true,true,true,false,true,false,/{ID},/{ID}/e,/0Om/e,,,,ScorecardMetric.005UZ00000BrdXxYAJ,System,true,ControlledByParent,ControlledByParent,false,false,false,false,,,,,,false,2025-04-14 08:28:37.934 -0700
"000000000000000AAA",DataGraph,367,DataGraph,,,,DataGraph,Data Graph,Data Graph,Data Graphs,DataGraph.SYSTEM,false,true,true,true,true,,"0g7",false,false,true,true,true,true,true,true,true,true,true,false,true,true,/{ID},/{ID}/e,/0g7/e,,,,DataGraph.005UZ00000BrdXxYAJ,System,true,ReadWrite,ReadWrite,false,false,false,false,,,,,,false,2025-04-14 08:28:32.878 -0700
"000000000000000AAA",LiveChatUserConfigUser,769,LiveChatUserConfigUser,,,,LiveChatUserConfigUser,Chat User Config User,Chat User Config User,Chat User Config Users,,false,false,false,false,false,,"0CB",false,false,false,true,false,false,false,true,true,true,true,false,true,false,/{ID},/{ID}/e,/0CB/e,,,,LiveChatUserConfigUser.005UZ00000BrdXxYAJ,System,false,ReadWrite,ReadWrite,false,false,false,false,,,,,,false,2025-04-14 08:28:34.928 -0700
"000000000000000AAA",BrandingSetProperty,123,BrandingSetProperty,,,,BrandingSetProperty,Branding Set Property,Branding Set Property,Branding Set Properties,,false,false,false,false,false,,"0Ly",false,false,false,true,false,false,false,true,true,true,true,false,true,false,/{ID},/{ID}/e,/0Ly/e,,,,BrandingSetProperty.005UZ00000BrdXxYAJ,System,false,ReadWrite,ReadWrite,false,false,false,false,,,,,,false,2025-04-14 08:28:32.421 -0700
"000000000000000AAA",SBQQ__SolutionGroup__ChangeEvent,940,"01I41000002c7ig.ChangeEvent",,,SBQQ,SolutionGroup__ChangeEvent,Change Event: Solution Group,Change Event: Solution Group,Change Event: Solution Group,,false,true,false,false,false,,"1CE",false,false,false,true,false,false,true,false,true,true,true,false,false,false,/{ID},/{ID}/e,/1CE/e,,,,"01I41000002c7ig.ChangeEvent.005UZ00000BrdXxYAJ",CDC,false,ReadWrite,ReadWrite,false,false,false,false,,,,,,false,2025-04-14 08:28:36.502 -0700
"000000000000000AAA",WorkOrderLineItem,1438,WorkOrderLineItem,,,,WorkOrderLineItem,Work Order Line Item,Work Order Line Item,Work Order Line Items,WorkOrderLineItem.SYSTEM,true,true,true,true,true,,"1WL",false,false,true,true,true,true,true,true,true,true,true,true,true,true,/{ID},/{ID}/e,/1WL/e,,,,WorkOrderLineItem.005UZ00000BrdXxYAJ,System,true,ControlledByParent,ControlledByParent,false,false,false,false,,,,,,false,2025-04-14 08:28:38.005 -0700
"000000000000000AAA",agileed__fieldmapping__c,1507,"01I41000001lWBc",2016-11-28 12:00:47.000 -0800,"00541000000K0azAAC",agileed,fieldmapping,ConnectLink Mappings,ConnectLink Mappings,ConnectLink Mappings,,true,false,false,false,false,Deployed,a06,true,false,true,true,true,true,false,true,true,true,true,false,true,false,/{ID},/{ID}/e,/a06/e,/01I41000001lWBc/e,,,"01I41000001lWBc.005UZ00000BrdXxYAJ",agileed,true,ReadWrite,ReadWrite,false,false,false,false,,,,,,false,2025-04-14 08:28:38.030 -0700
"000000000000000AAA",CaseExternalDocument,182,CaseExternalDocument,,,,CaseExternalDocument,Case External Document,Case External Document,Case External Documents,,false,true,false,false,false,,"1OZ",false,false,true,true,false,false,true,true,true,true,true,false,true,false,/{ID},/{ID}/e,/1OZ/e,,,,CaseExternalDocument.005UZ00000BrdXxYAJ,System,false,ControlledByParent,ControlledByParent,false,false,false,false,,,,,,false,2025-04-14 08:28:32.477 -0700
"000000000000000AAA",ContactHistory,268,ContactHistory,,,,ContactHistory,Contact History,Contact History,Contact History,,false,false,false,false,false,,"017",false,false,true,true,false,false,false,true,true,false,true,false,true,false,/{ID},/{ID}/e,/017/e,,,,ContactHistory.005UZ00000BrdXxYAJ,System,false,Read,Read,false,false,false,false,,,,,,false,2025-04-14 08:28:32.667 -0700
"000000000000000AAA",AuthorizationFormConsent,102,AuthorizationFormConsent,,,,AuthorizationFormConsent,Authorization Form Consent,Authorization Form Consent,Authorization Form Consents,AuthorizationFormConsent.SYSTEM,true,true,true,true,true,,"0cK",false,false,true,true,true,true,true,true,true,true,true,false,true,true,/{ID},/{ID}/e,/0cK/e,,,,AuthorizationFormConsent.005UZ00000BrdXxYAJ,System,true,Private,Private,false,false,false,false,,,,,,false,2025-04-14 08:28:32.419 -0700
"000000000000000AAA",CustomNotificationType,341,CustomNotificationType,,,,CustomNotificationType,Custom Notification Type,Custom Notification Type,Custom Notification Types,,false,false,false,false,false,,"0ML",false,false,false,true,false,false,false,true,true,true,true,false,true,false,/{ID},/{ID}/e,/0ML/e,,,,CustomNotificationType.005UZ00000BrdXxYAJ,System,false,ReadWrite,ReadWrite,false,false,false,false,,,,,,false,2025-04-14 08:28:32.877 -0700
"000000000000000AAA",LiveChatTranscriptChangeEvent,760,LiveChatTranscriptChangeEvent,,,,LiveChatTranscriptChangeEvent,Chat Transcript Change Event,Chat Transcript Change Event,Chat Transcript Change Event,,false,true,false,false,false,,"1CE",false,false,false,true,false,false,true,false,true,true,true,false,false,false,/{ID},/{ID}/e,/1CE/e,,,,LiveChatTranscriptChangeEvent.005UZ00000BrdXxYAJ,CDC,false,Private,Private,false,false,false,false,,,,,,false,2025-04-14 08:28:34.927 -0700
"000000000000000AAA",codesters__Codesters_Transaction__c,1525,"01I8X000003YKb3",2023-11-15 17:05:30.000 -0800,"0051L000007gwhLQAQ",codesters,Codesters_Transaction,Codesters Transaction,Codesters Transaction,Codesters Transactions,codesters__Codesters_Transaction__c.SYSTEM,true,true,true,true,true,Deployed,a2N,false,false,true,true,false,false,true,true,true,true,true,false,true,false,/{ID},/{ID}/e,/a2N/e,/01I8X000003YKb3/e,,,"01I8X000003YKb3.005UZ00000BrdXxYAJ",codesters,true,ControlledByParent,ControlledByParent,false,false,false,false,,,,,,false,2025-04-14 08:28:38.031 -0700
"000000000000000AAA",TaskWhoRelation,1335,TaskWhoRelation,,,,TaskWhoRelation,Task Who Relation,Task Who Relation,Task Who Relations,,false,false,false,false,false,,,false,false,false,true,false,false,false,true,false,false,false,false,true,false,/{ID},/{ID}/e,/null/e,,,,TaskWhoRelation.005UZ00000BrdXxYAJ,System,false,ReadWrite,ReadWrite,false,false,false,false,,,,,,false,2025-04-14 08:28:37.977 -0700
"000000000000000AAA",LiveAgentSessionShare,752,LiveAgentSessionShare,,,,LiveAgentSessionShare,Chat Session Share,Chat Session Share,Chat Session Share,,false,false,false,false,false,,"02c",false,false,false,true,false,false,false,true,true,true,true,false,true,false,/{ID},/{ID}/e,/02c/e,,,,LiveAgentSessionShare.005UZ00000BrdXxYAJ,System,false,Private,Private,false,false,false,false,,,,,,false,2025-04-14 08:28:34.927 -0700
"000000000000000AAA",ContentNote,306,ContentNote,,,,ContentNote,Note,Note,Notes,,false,false,false,false,false,,"069",false,false,false,true,false,true,false,true,true,true,true,false,true,true,/{ID},/{ID}/e,/069/e,,,,ContentNote.005UZ00000BrdXxYAJ,System,true,Private,Private,false,false,false,false,,,,,,false,2025-04-14 08:28:32.697 -0700
"000000000000000AAA",IncidentRelatedItemHistory,651,IncidentRelatedItemHistory,,,,IncidentRelatedItemHistory,Incident Related Item History,Incident Related Item History,Incident Related Item History,,false,false,false,false,false,,"017",false,false,true,true,false,false,false,true,true,false,true,false,true,false,/{ID},/{ID}/e,/017/e,,,,IncidentRelatedItemHistory.005UZ00000BrdXxYAJ,System,false,ControlledByParent,ControlledByParent,false,false,false,false,,,,,,false,2025-04-14 08:28:34.764 -0700
"000000000000000AAA",Learning_com_Sales__ChangeEvent,728,"01I41000002ygra.ChangeEvent",,,,Learning_com_Sales__ChangeEvent,Change Event: Learning.com Sales,Change Event: Learning.com Sales,Change Event: Learning.com Sales,,false,true,false,false,false,,"1CE",false,false,false,true,false,false,true,false,true,true,true,false,false,false,/{ID},/{ID}/e,/1CE/e,,,,"01I41000002ygra.ChangeEvent.005UZ00000BrdXxYAJ",CDC,false,ReadWrite,ReadWrite,false,false,false,false,,,,,,false,2025-04-14 08:28:34.866 -0700
"000000000000000AAA",MsgChannelLanguageKeyword,1170,MsgChannelLanguageKeyword,,,,MsgChannelLanguageKeyword,Messaging Channel Language Keyword,Messaging Channel Language Keyword,Messaging Channel Language Keywords,,false,false,false,false,false,,"3Or",false,false,false,true,false,true,false,true,true,true,true,false,true,false,/{ID},/{ID}/e,/3Or/e,,,,MsgChannelLanguageKeyword.005UZ00000BrdXxYAJ,System,false,ReadWrite,ReadWrite,false,false,false,false,,,,,,false,2025-04-14 08:28:36.610 -0700
"000000000000000AAA",SBQQ__Cost__ChangeEvent,935,"01I41000002c7hs.ChangeEvent",,,SBQQ,Cost__ChangeEvent,Change Event: Cost,Change Event: Cost,Change Event: Cost,,false,true,false,false,false,,"1CE",false,false,false,true,false,false,true,false,true,true,true,false,false,false,/{ID},/{ID}/e,/1CE/e,,,,"01I41000002c7hs.ChangeEvent.005UZ00000BrdXxYAJ",CDC,false,ReadWrite,ReadWrite,false,false,false,false,,,,,,false,2025-04-14 08:28:36.498 -0700
"000000000000000AAA",License_Summary__c,733,"01I41000002zuJv",2018-04-24 08:16:42.000 -0700,"00541000003jYZXAA2",,License_Summary,License Summary,License Summary,License Summaries,License_Summary__c.SYSTEM,true,true,true,true,true,Deployed,a24,false,false,true,true,true,true,true,true,true,true,true,false,true,false,/{ID},/{ID}/e,/a24/e,/01I41000002zuJv/e,,,"01I41000002zuJv.005UZ00000BrdXxYAJ",<local>,true,ReadWrite,ReadWrite,false,false,false,false,,,,,,false,2025-04-14 08:28:34.866 -0700
"000000000000000AAA",agileed__Lead_Position__ChangeEvent,1502,"01I1L000002uaN1.ChangeEvent",,,agileed,Lead_Position__ChangeEvent,Change Event: Lead Position,Change Event: Lead Position,Change Event: Lead Position,,false,true,false,false,false,,"1CE",false,false,false,true,false,false,true,false,true,true,true,false,false,false,/{ID},/{ID}/e,/1CE/e,,,,"01I1L000002uaN1.ChangeEvent.005UZ00000BrdXxYAJ",CDC,false,ControlledByParent,ControlledByParent,false,false,false,false,,,,,,false,2025-04-14 08:28:38.025 -0700
"000000000000000AAA",ContentVersion,307,ContentVersion,,,,ContentVersion,Content Version,Content Version,Content Versions,ContentVersion.SYSTEM,true,true,false,false,true,,"068",false,false,false,true,true,true,true,true,true,true,false,false,true,false,/{ID},/{ID}/e,/068/e,,,,ContentVersion.005UZ00000BrdXxYAJ,System,true,Private,Private,false,false,false,false,,,,,,false,2025-04-14 08:28:32.697 -0700
"000000000000000AAA",ForecastingItem,550,ForecastingItem,,,,ForecastingItem,Forecasting Item,Forecasting Item,Forecasting Items,,false,false,false,false,false,,"0G3",false,false,true,true,false,false,false,true,true,true,true,false,true,false,/{ID},/{ID}/e,/0G3/e,,,,ForecastingItem.005UZ00000BrdXxYAJ,System,false,ReadWrite,ReadWrite,false,false,false,false,,,,,,false,2025-04-14 08:28:34.534 -0700
"000000000000000AAA",WorkPlanTemplateChangeEvent,1451,WorkPlanTemplateChangeEvent,,,,WorkPlanTemplateChangeEvent,Work Plan Template Change Event,Work Plan Template Change Event,Work Plan Template Change Event,,false,true,false,false,false,,"1CE",false,false,false,true,false,false,true,false,true,true,true,false,false,false,/{ID},/{ID}/e,/1CE/e,,,,WorkPlanTemplateChangeEvent.005UZ00000BrdXxYAJ,CDC,false,Private,Private,false,false,false,false,,,,,,false,2025-04-14 08:28:38.006 -0700
"000000000000000AAA",CollaborationInvitation,225,CollaborationInvitation,,,,CollaborationInvitation,Chatter Invitation,Chatter Invitation,Chatter Invitations,,false,false,false,false,false,,"0H1",false,false,false,true,false,false,false,true,true,false,true,false,true,false,/{ID},/{ID}/e,/0H1/e,,,,CollaborationInvitation.005UZ00000BrdXxYAJ,System,false,ReadWrite,ReadWrite,false,false,false,false,,,,,,false,2025-04-14 08:28:32.562 -0700
"000000000000000AAA",ManagedContentChangeEvent,793,ManagedContentChangeEvent,,,,ManagedContentChangeEvent,Managed Content Change Event,Managed Content Change Event,Managed Content Change Event,,false,true,false,false,false,,"1CE",false,false,false,true,false,false,true,false,true,true,true,false,false,false,/{ID},/{ID}/e,/1CE/e,,,,ManagedContentChangeEvent.005UZ00000BrdXxYAJ,CDC,false,ReadWrite,ReadWrite,false,false,false,false,,,,,,false,2025-04-14 08:28:34.929 -0700
"000000000000000AAA",MessagingSessionChangeEvent,1097,MessagingSessionChangeEvent,,,,MessagingSessionChangeEvent,Messaging Session Change Event,Messaging Session Change Event,Messaging Session Change Event,,false,true,false,false,false,,"1CE",false,false,false,true,false,false,true,false,true,true,true,false,false,false,/{ID},/{ID}/e,/1CE/e,,,,MessagingSessionChangeEvent.005UZ00000BrdXxYAJ,CDC,false,ReadWrite,ReadWrite,false,false,false,false,,,,,,false,2025-04-14 08:28:36.605 -0700
"000000000000000AAA",Gong__Related_Lead__ChangeEvent,596,"01IUZ0000004zxw.ChangeEvent",,,Gong,Related_Lead__ChangeEvent,Change Event: Gong Related Leads,Change Event: Gong Related Leads,Change Event: Gong Related Leads,,false,true,false,false,false,,"1CE",false,false,false,true,false,false,true,false,true,true,true,false,false,false,/{ID},/{ID}/e,/1CE/e,,,,"01IUZ0000004zxw.ChangeEvent.005UZ00000BrdXxYAJ",CDC,false,ControlledByParent,ControlledByParent,false,false,false,false,,,,,,false,2025-04-14 08:28:34.607 -0700
"000000000000000AAA",SolutionFeed,1278,SolutionFeed,,,,SolutionFeed,Solution Feed,Solution Feed,Solution Feed,,false,false,false,false,false,,"0D5",false,false,true,true,false,false,false,true,false,false,true,false,true,false,/{ID},/{ID}/e,/0D5/e,,,,SolutionFeed.005UZ00000BrdXxYAJ,System,false,ReadWrite,ReadWrite,false,false,false,false,,,,,,false,2025-04-14 08:28:37.959 -0700
"000000000000000AAA",SharingRecordCollectionMember,1258,SharingRecordCollectionMember,,,,SharingRecordCollectionMember,Record Collection Member,Record Collection Member,Record Collection Members,,false,true,true,true,false,,"0iE",false,false,true,true,false,false,true,true,true,true,true,false,true,false,/{ID},/{ID}/e,/0iE/e,,,,SharingRecordCollectionMember.005UZ00000BrdXxYAJ,System,false,ControlledByParent,ControlledByParent,false,false,false,false,,,,,,false,2025-04-14 08:28:37.951 -0700
"000000000000000AAA",CaseTeamMember,193,CaseTeamMember,,,,CaseTeamMember,Case Team Member,Case Team Member,Case Team Member,,false,false,false,false,false,,"0B6",false,false,true,true,false,false,false,true,true,true,true,false,true,false,/{ID},/{ID}/e,/0B6/e,,,,CaseTeamMember.005UZ00000BrdXxYAJ,System,false,Read,Read,false,false,false,false,,,,,,false,2025-04-14 08:28:32.478 -0700
"000000000000000AAA",rcsfl__AdminSetting__ChangeEvent,1544,"01I8X000003FV6r.ChangeEvent",,,rcsfl,AdminSetting__ChangeEvent,Change Event: AdminSetting,Change Event: AdminSetting,Change Event: AdminSetting,,false,true,false,false,false,,"1CE",false,false,false,true,false,false,true,false,true,true,true,false,false,false,/{ID},/{ID}/e,/1CE/e,,,,"01I8X000003FV6r.ChangeEvent.005UZ00000BrdXxYAJ",CDC,false,ReadWrite,ReadWrite,false,false,false,false,,,,,,false,2025-04-14 08:28:38.040 -0700
"000000000000000AAA",LiveChatTranscriptEvent,761,LiveChatTranscriptEvent,,,,LiveChatTranscriptEvent,Chat Transcript Event,Chat Transcript Event,Chat Transcript Events,,false,true,true,false,false,,"0DZ",false,false,true,true,false,false,true,true,true,true,true,false,true,true,/{ID},/{ID}/e,/0DZ/e,,,,LiveChatTranscriptEvent.005UZ00000BrdXxYAJ,System,false,ControlledByParent,ControlledByParent,false,false,false,false,,,,,,false,2025-04-14 08:28:34.927 -0700
"000000000000000AAA",AssetAction,70,AssetAction,,,,AssetAction,Asset Action,Asset Action,Asset Actions,AssetAction.SYSTEM,true,true,true,true,true,,"4nL",false,false,true,true,true,true,true,true,true,true,true,false,true,false,/{ID},/{ID}/e,/4nL/e,,,,AssetAction.005UZ00000BrdXxYAJ,System,true,ControlledByParent,ControlledByParent,false,false,false,false,,,,,,false,2025-04-14 08:28:32.388 -0700
"000000000000000AAA",CommSubscriptionTiming,244,CommSubscriptionTiming,,,,CommSubscriptionTiming,Communication Subscription Timing,Communication Subscription Timing,Communication Subscription Timings,CommSubscriptionTiming.SYSTEM,true,true,true,true,true,,"0al",false,false,true,true,true,true,true,true,true,true,true,false,true,true,/{ID},/{ID}/e,/0al/e,,,,CommSubscriptionTiming.005UZ00000BrdXxYAJ,System,true,ControlledByParent,ControlledByParent,false,false,false,false,,,,,,false,2025-04-14 08:28:32.617 -0700
"000000000000000AAA",DataActionJobSummaryShare,357,DataActionJobSummaryShare,,,,DataActionJobSummaryShare,Data Action Job Summary  Share,Data Action Job Summary  Share,Data Action Job Summary  Share,,false,false,false,false,false,,"02c",false,false,false,true,false,false,false,true,true,true,true,false,true,false,/{ID},/{ID}/e,/02c/e,,,,DataActionJobSummaryShare.005UZ00000BrdXxYAJ,System,false,Private,Private,false,false,false,false,,,,,,false,2025-04-14 08:28:32.877 -0700
"000000000000000AAA",KnowledgeArticleViewStat,671,KnowledgeArticleViewStat,,,,KnowledgeArticleViewStat,Article View Statistics,Article View Statistics,Article View Statistics,,false,false,false,false,false,,"0GA",false,false,false,true,false,false,false,true,false,false,false,false,true,false,/{ID},/{ID}/e,/0GA/e,,,,KnowledgeArticleViewStat.005UZ00000BrdXxYAJ,System,false,ReadWrite,ReadWrite,false,false,false,false,,,,,,false,2025-04-14 08:28:34.844 -0700
"000000000000000AAA",LocationShare,776,LocationShare,,,,LocationShare,Location Share,Location Share,Location Share,,false,false,false,false,false,,"02c",false,false,false,true,false,false,false,true,true,true,true,false,true,false,/{ID},/{ID}/e,/02c/e,,,,LocationShare.005UZ00000BrdXxYAJ,System,false,ReadWrite,ReadWrite,false,false,false,false,,,,,,false,2025-04-14 08:28:34.928 -0700
"000000000000000AAA",OpportunityFieldHistory,970,OpportunityFieldHistory,,,,OpportunityFieldHistory,Opportunity Field History,Opportunity Field History,Opportunity Field History,,false,false,false,false,false,,"017",false,false,true,true,false,false,false,true,true,false,true,false,true,false,/{ID},/{ID}/e,/017/e,,,,OpportunityFieldHistory.005UZ00000BrdXxYAJ,System,false,ReadWrite,ReadWrite,false,false,false,false,,,,,,false,2025-04-14 08:28:36.540 -0700
"000000000000000AAA",Competitor_Transaction__ChangeEvent,253,"01I8X000003Bcwt.ChangeEvent",,,,Competitor_Transaction__ChangeEvent,Change Event: Competitor Transaction,Change Event: Competitor Transaction,Change Event: Competitor Transaction,,false,true,false,false,false,,"1CE",false,false,false,true,false,false,true,false,true,true,true,false,false,false,/{ID},/{ID}/e,/1CE/e,,,,"01I8X000003Bcwt.ChangeEvent.005UZ00000BrdXxYAJ",CDC,false,ControlledByParent,ControlledByParent,false,false,false,false,,,,,,false,2025-04-14 08:28:32.655 -0700
"000000000000000AAA",ExternalEventChangeEvent,502,ExternalEventChangeEvent,,,,ExternalEventChangeEvent,External Event Change Event,External Event Change Event,External Event Change Event,,false,true,false,false,false,,"1CE",false,false,false,true,false,false,true,false,true,true,true,false,false,false,/{ID},/{ID}/e,/1CE/e,,,,ExternalEventChangeEvent.005UZ00000BrdXxYAJ,CDC,false,ReadWrite,ReadWrite,false,false,false,false,,,,,,false,2025-04-14 08:28:34.417 -0700
"000000000000000AAA",CommSubscriptionHistory,242,CommSubscriptionHistory,,,,CommSubscriptionHistory,Communication Subscription  History,Communication Subscription  History,Communication Subscription  History,,false,false,false,false,false,,"017",false,false,true,true,false,false,false,true,true,false,true,false,true,false,/{ID},/{ID}/e,/017/e,,,,CommSubscriptionHistory.005UZ00000BrdXxYAJ,System,false,Private,Private,false,false,false,false,,,,,,false,2025-04-14 08:28:32.617 -0700
"000000000000000AAA",FeedLike,509,FeedLike,,,,FeedLike,Feed Like,Feed Like,Feed Likes,,false,false,false,false,false,,"0I0",false,false,false,false,false,false,false,true,true,false,true,false,false,false,/{ID},/{ID}/e,/0I0/e,,,,FeedLike.005UZ00000BrdXxYAJ,System,false,ReadWrite,ReadWrite,false,false,false,false,,,,,,false,2025-04-14 08:28:34.508 -0700
"000000000000000AAA",Gong__Agenda__History,565,"01IUZ0000004zxl.History",,,Gong,Agenda__History,History: Structure,History: Structure,History: Structure,,false,false,false,false,false,,"017",false,false,true,true,false,false,false,true,true,false,true,false,true,false,/{ID},/{ID}/e,/017/e,,,,"01IUZ0000004zxl.History.005UZ00000BrdXxYAJ",System,false,ControlledByParent,ControlledByParent,false,false,false,false,,,,,,false,2025-04-14 08:28:34.534 -0700
"000000000000000AAA",Lead_Status__Share,720,"01I1L000002ylKZ.Share",,,,Lead_Status__Share,Share: Lead Status,Share: Lead Status,Share: Lead Status,,false,false,false,false,false,,"02c",false,false,false,true,false,false,false,true,true,true,true,false,true,false,/{ID},/{ID}/e,/02c/e,,,,"01I1L000002ylKZ.Share.005UZ00000BrdXxYAJ",System,false,ReadWrite,Private,false,false,false,false,,,,,,false,2025-04-14 08:28:34.849 -0700
"000000000000000AAA",IncidentChangeEvent,645,IncidentChangeEvent,,,,IncidentChangeEvent,Incident Change Event,Incident Change Event,Incident Change Event,,false,true,false,false,false,,"1CE",false,false,false,true,false,false,true,false,true,true,true,false,false,false,/{ID},/{ID}/e,/1CE/e,,,,IncidentChangeEvent.005UZ00000BrdXxYAJ,CDC,false,Private,Private,false,false,false,false,,,,,,false,2025-04-14 08:28:34.764 -0700
"000000000000000AAA",WorkPlanTemplate,1450,WorkPlanTemplate,,,,WorkPlanTemplate,Work Plan Template,Work Plan Template,Work Plan Templates,WorkPlanTemplate.SYSTEM,true,true,true,true,true,,"7Iy",false,false,true,true,true,true,true,true,true,true,true,false,true,true,/{ID},/{ID}/e,/7Iy/e,,,,WorkPlanTemplate.005UZ00000BrdXxYAJ,System,true,Private,Private,false,false,false,false,,,,,,false,2025-04-14 08:28:38.006 -0700
"000000000000000AAA",dstore__Audit_Configuration__Share,1530,"01I1L000002yl0j.Share",,,dstore,Audit_Configuration__Share,Share: Audit Configuration,Share: Audit Configuration,Share: Audit Configuration,,false,false,false,false,false,,"02c",false,false,false,true,false,false,false,true,true,true,true,false,true,false,/{ID},/{ID}/e,/02c/e,,,,"01I1L000002yl0j.Share.005UZ00000BrdXxYAJ",System,false,ReadWrite,Private,false,false,false,false,,,,,,false,2025-04-14 08:28:38.031 -0700
"000000000000000AAA",UserEmailPreferredPersonChangeEvent,1389,UserEmailPreferredPersonChangeEvent,,,,UserEmailPreferredPersonChangeEvent,User Email Preferred Person Change Event,User Email Preferred Person Change Event,User Email Preferred Person Change Event,,false,true,false,false,false,,"1CE",false,false,false,true,false,false,true,false,true,true,true,false,false,false,/{ID},/{ID}/e,/1CE/e,,,,UserEmailPreferredPersonChangeEvent.005UZ00000BrdXxYAJ,CDC,false,Private,Private,false,false,false,false,,,,,,false,2025-04-14 08:28:37.990 -0700
"000000000000000AAA",CronTrigger,335,CronTrigger,,,,CronTrigger,Scheduled Jobs,Scheduled Jobs,Scheduled Jobs,,false,false,false,false,false,,"08e",false,false,false,true,false,false,false,true,false,false,false,false,true,false,/{ID},/{ID}/e,/08e/e,,,,CronTrigger.005UZ00000BrdXxYAJ,System,false,ReadWrite,ReadWrite,false,false,false,false,,,,,,false,2025-04-14 08:28:32.876 -0700
"000000000000000AAA",UserShare,1410,UserShare,,,,UserShare,User Share,User Share,User Share,,false,false,false,false,false,,"0N2",false,false,false,true,false,false,false,true,true,true,true,false,true,false,/{ID},/{ID}/e,/0N2/e,,,,UserShare.005UZ00000BrdXxYAJ,System,false,ReadWrite,ReadWrite,false,false,false,false,,,,,,false,2025-04-14 08:28:37.999 -0700
"000000000000000AAA",OrgLifecycleNotification,1066,OrgLifecycleNotification,,,,OrgLifecycleNotification,Org Lifecycle Notification,Org Lifecycle Notification,Org Lifecycle Notification,,false,true,false,false,false,,"0OL",false,false,false,false,false,false,true,false,true,false,false,false,false,false,/{ID},/{ID}/e,/0OL/e,,,,OrgLifecycleNotification.005UZ00000BrdXxYAJ,System,false,ReadWrite,ReadWrite,false,false,false,false,,,,,,false,2025-04-14 08:28:36.604 -0700
"000000000000000AAA",SurveyQuestionResponse,1307,SurveyQuestionResponse,,,,SurveyQuestionResponse,Survey Question Response,Survey Question Response,Survey Question Responses,SurveyQuestionResponse.SYSTEM,false,true,true,true,true,,"0Kr",false,false,true,true,false,false,true,true,false,false,false,false,true,false,/{ID},/{ID}/e,/0Kr/e,,,,SurveyQuestionResponse.005UZ00000BrdXxYAJ,System,true,ControlledByParent,ControlledByParent,false,false,false,false,,,,,,false,2025-04-14 08:28:37.971 -0700
"000000000000000AAA",LCOM_Order__c,700,"01IUZ000000NrQK",2024-05-16 23:24:21.000 -0700,"005UZ000002t937YAA",,LCOM_Order,LCOM Order,LCOM Order,LCOM Orders,LCOM_Order__c.SYSTEM,true,true,true,true,true,Deployed,a5N,false,false,true,true,false,false,true,true,true,true,true,false,true,true,/{ID},/{ID}/e,/a5N/e,/01IUZ000000NrQK/e,,,"01IUZ000000NrQK.005UZ00000BrdXxYAJ",<local>,true,ControlledByParent,ControlledByParent,false,false,false,false,,,,,,false,2025-04-14 08:28:34.848 -0700
"000000000000000AAA",ApplicationSubtypeDefinition,63,ApplicationSubtypeDefinition,,,,ApplicationSubtypeDefinition,Application Subtype Definition,Application Subtype Definition,Application Subtype Definitions,,false,false,false,false,false,,"0tV",false,false,false,true,false,false,false,true,true,true,true,false,true,false,/{ID},/{ID}/e,/0tV/e,,,,ApplicationSubtypeDefinition.005UZ00000BrdXxYAJ,System,false,ReadWrite,ReadWrite,false,false,false,false,,,,,,false,2025-04-14 08:28:32.387 -0700
"000000000000000AAA",CommSubscriptionTimingFeed,246,CommSubscriptionTimingFeed,,,,CommSubscriptionTimingFeed,Communication Subscription Timing Feed,Communication Subscription Timing Feed,Communication Subscription Timing Feed,,false,false,false,false,false,,"0D5",false,false,true,true,false,false,false,true,false,false,true,false,true,false,/{ID},/{ID}/e,/0D5/e,,,,CommSubscriptionTimingFeed.005UZ00000BrdXxYAJ,System,false,ControlledByParent,ControlledByParent,false,false,false,false,,,,,,false,2025-04-14 08:28:32.617 -0700
"000000000000000AAA",OrgWideEmailAddress,1024,OrgWideEmailAddress,,,,OrgWideEmailAddress,Organization-wide From Email Address,Organization-wide From Email Address,Organization-wide From Email Addresses,,false,false,false,false,false,,"0D2",false,false,true,true,false,false,false,true,true,true,true,false,true,false,/{ID},/{ID}/e,/0D2/e,,,,OrgWideEmailAddress.005UZ00000BrdXxYAJ,System,false,ReadWrite,ReadWrite,false,false,false,false,,,,,,false,2025-04-14 08:28:36.602 -0700
"000000000000000AAA",Image,635,Image,,,,Image,Image,Image,Images,Image.SYSTEM,true,true,true,true,true,,"4YL",false,false,true,true,true,true,true,true,true,true,true,false,true,true,/{ID},/{ID}/e,/4YL/e,,,,Image.005UZ00000BrdXxYAJ,System,true,Private,Private,false,false,false,false,,,,,,false,2025-04-14 08:28:34.764 -0700
"000000000000000AAA",agileed__Batch_Update_Errors__c,1481,"01I41000001lWBX",2024-10-02 08:34:06.000 -0700,"00541000001SOPlAAO",agileed,Batch_Update_Errors,Batch Update Errors,Batch Update Errors,Batch Update Errors,agileed__Batch_Update_Errors__c.SYSTEM,true,true,true,true,true,Deployed,a01,false,false,true,true,true,true,true,true,true,true,true,false,true,true,/{ID},/{ID}/e,/a01/e,/01I41000001lWBX/e,,,"01I41000001lWBX.005UZ00000BrdXxYAJ",agileed,true,ReadWrite,ReadWrite,false,false,false,false,,,,,,false,2025-04-14 08:28:38.016 -0700
"000000000000000AAA",CaseTeamTemplateMember,196,CaseTeamTemplateMember,,,,CaseTeamTemplateMember,Predefined Case Team Member,Predefined Case Team Member,Predefined Case Team Member,,false,false,false,false,false,,"0B5",false,false,true,true,false,false,false,true,true,true,true,false,true,false,/{ID},/{ID}/e,/0B5/e,,,,CaseTeamTemplateMember.005UZ00000BrdXxYAJ,System,false,Read,Read,false,false,false,false,,,,,,false,2025-04-14 08:28:32.478 -0700
"000000000000000AAA",SBQQ__UsageRateCard__c,1204,"01I41000002zuTd",2018-03-20 11:48:54.000 -0700,"00541000003jYZXAA2",SBQQ,UsageRateCard,Usage Rate Card (Reserved),Usage Rate Card (Reserved),Usage Rate Cards (Reserved),SBQQ__UsageRateCard__c.SYSTEM,true,true,true,true,true,Deployed,a27,false,false,true,true,true,true,true,true,true,true,true,false,true,false,/{ID},/{ID}/e,/a27/e,/01I41000002zuTd/e,,,"01I41000002zuTd.005UZ00000BrdXxYAJ",SBQQ,true,ReadWrite,ReadWrite,false,false,false,false,,,,,,false,2025-04-14 08:28:37.918 -0700
"000000000000000AAA",LCOM_Suite__History,705,"01IUZ000000NrQM.History",,,,LCOM_Suite__History,History: LCOM Suite,History: LCOM Suite,History: LCOM Suite,,false,false,false,false,false,,"017",false,false,true,true,false,false,false,true,true,false,true,false,true,false,/{ID},/{ID}/e,/017/e,,,,"01IUZ000000NrQM.History.005UZ00000BrdXxYAJ",System,false,ReadWrite,Private,false,false,false,false,,,,,,false,2025-04-14 08:28:34.848 -0700
"000000000000000AAA",ProblemIncidentFeed,1169,ProblemIncidentFeed,,,,ProblemIncidentFeed,Related Problem and Incident Feed,Related Problem and Incident Feed,Related Problem and Incident Feed,,false,false,false,false,false,,"0D5",false,false,true,true,false,false,false,true,false,false,true,false,true,false,/{ID},/{ID}/e,/0D5/e,,,,ProblemIncidentFeed.005UZ00000BrdXxYAJ,System,false,ControlledByParent,ControlledByParent,false,false,false,false,,,,,,false,2025-04-14 08:28:36.610 -0700
"000000000000000AAA",LeadHistory,715,LeadHistory,,,,LeadHistory,Lead History,Lead History,Lead History,,false,false,false,false,false,,"017",false,false,true,true,false,false,false,true,true,false,true,false,true,false,/{ID},/{ID}/e,/017/e,,,,LeadHistory.005UZ00000BrdXxYAJ,System,false,Read,Read,false,false,false,false,,,,,,false,2025-04-14 08:28:34.849 -0700
"000000000000000AAA",SalesWorkQueueSettings,1212,SalesWorkQueueSettings,,,,SalesWorkQueueSettings,SalesWorkQueueSettings,SalesWorkQueueSettings,SalesWorkQueueSettings,,false,false,false,false,false,,"0mV",false,false,false,true,false,false,false,true,true,true,true,false,true,false,/{ID},/{ID}/e,/0mV/e,,,,SalesWorkQueueSettings.005UZ00000BrdXxYAJ,System,false,ReadWrite,ReadWrite,false,false,false,false,,,,,,false,2025-04-14 08:28:37.932 -0700
"000000000000000AAA",AuthorizationFormTextHistory,115,AuthorizationFormTextHistory,,,,AuthorizationFormTextHistory,Authorization Form Text History,Authorization Form Text History,Authorization Form Text History,,false,false,false,false,false,,"017",false,false,true,true,false,false,false,true,true,false,true,false,true,false,/{ID},/{ID}/e,/017/e,,,,AuthorizationFormTextHistory.005UZ00000BrdXxYAJ,System,false,ControlledByParent,ControlledByParent,false,false,false,false,,,,,,false,2025-04-14 08:28:32.420 -0700
"000000000000000AAA",OpportunityStage,949,OpportunityStage,,,,OpportunityStage,Opportunity Stage,Opportunity Stage,Opportunity Stage,,false,false,false,false,false,,"01J",false,false,false,true,false,false,false,true,false,false,false,false,true,false,/{ID},/{ID}/e,/01J/e,,,,OpportunityStage.005UZ00000BrdXxYAJ,System,false,ReadWrite,ReadWrite,false,false,false,false,,,,,,false,2025-04-14 08:28:36.502 -0700
"000000000000000AAA",ExpressionSetView,489,ExpressionSetView,,,,ExpressionSetView,Expression Set Template,Expression Set Template,Expression Set Templates,,false,false,false,false,false,,"0pz",false,false,false,false,false,false,false,false,true,true,true,false,true,false,/{ID},/{ID}/e,/0pz/e,,,,ExpressionSetView.005UZ00000BrdXxYAJ,MetadataCatalog,false,ReadWrite,ReadWrite,false,false,false,false,,,,,,false,2025-04-14 08:28:34.417 -0700
"000000000000000AAA",SBQQ__ProcessInputValue__c,830,"01I41000002c7iM",2024-10-12 01:17:42.000 -0700,"00541000003NPmqAAG",SBQQ,ProcessInputValue,Process Input Values,Process Input Values,Process Input Values,SBQQ__ProcessInputValue__c.SYSTEM,true,true,true,true,true,Deployed,a0i,false,false,true,true,false,false,true,true,true,true,true,false,true,false,/{ID},/{ID}/e,/a0i/e,/01I41000002c7iM/e,Process Input Help,/06641000007WPEW,"01I41000002c7iM.005UZ00000BrdXxYAJ",SBQQ,true,ReadWrite,ReadWrite,false,false,false,false,,,,,,false,2025-04-14 08:28:36.360 -0700
"000000000000000AAA",AuthorizationFormTextFeed,114,AuthorizationFormTextFeed,,,,AuthorizationFormTextFeed,Authorization Form Text Feed,Authorization Form Text Feed,Authorization Form Text Feed,,false,false,false,false,false,,"0D5",false,false,true,true,false,false,false,true,false,false,true,false,true,false,/{ID},/{ID}/e,/0D5/e,,,,AuthorizationFormTextFeed.005UZ00000BrdXxYAJ,System,false,ControlledByParent,ControlledByParent,false,false,false,false,,,,,,false,2025-04-14 08:28:32.420 -0700
"000000000000000AAA",BriefcaseDefinitionChangeEvent,127,BriefcaseDefinitionChangeEvent,,,,BriefcaseDefinitionChangeEvent,Briefcase Definition Change Event,Briefcase Definition Change Event,Briefcase Definition Change Event,,false,true,false,false,false,,"1CE",false,false,false,true,false,false,true,false,true,true,true,false,false,false,/{ID},/{ID}/e,/1CE/e,,,,BriefcaseDefinitionChangeEvent.005UZ00000BrdXxYAJ,CDC,false,ReadWrite,ReadWrite,false,false,false,false,,,,,,false,2025-04-14 08:28:32.421 -0700
"000000000000000AAA",codesters__Codesters_Organization__c,1519,"01I8X000003YKb0",2023-11-15 17:05:30.000 -0800,"0051L000007gwhLQAQ",codesters,Codesters_Organization,Codesters Organization,Codesters Organization,Codesters Organizations,codesters__Codesters_Organization__c.SYSTEM,true,true,true,true,true,Deployed,a2I,false,false,true,true,true,true,true,true,true,true,true,false,true,true,/{ID},/{ID}/e,/a2I/e,/01I8X000003YKb0/e,,,"01I8X000003YKb0.005UZ00000BrdXxYAJ",codesters,true,ReadWrite,Private,false,false,false,false,,,,,,false,2025-04-14 08:28:38.031 -0700
"000000000000000AAA",ContentAsset,292,ContentAsset,,,,ContentAsset,Asset File,Asset File,Asset Files,,false,false,false,false,false,,"03S",false,false,false,true,false,false,false,true,true,true,true,false,true,false,/{ID},/{ID}/e,/03S/e,,,,ContentAsset.005UZ00000BrdXxYAJ,System,false,ReadWrite,ReadWrite,false,false,false,false,,,,,,false,2025-04-14 08:28:32.696 -0700
"000000000000000AAA",Incp__Incident_LV_Fields__ChangeEvent,653,"01IUZ0000009U3h.ChangeEvent",,,Incp,Incident_LV_Fields__ChangeEvent,Change Event: Incident LV Fields,Change Event: Incident LV Fields,Change Event: Incident LV Fields,,false,true,false,false,false,,"1CE",false,false,false,true,false,false,true,false,true,true,true,false,false,false,/{ID},/{ID}/e,/1CE/e,,,,"01IUZ0000009U3h.ChangeEvent.005UZ00000BrdXxYAJ",CDC,false,ReadWrite,ReadWrite,false,false,false,false,,,,,,false,2025-04-14 08:28:34.764 -0700
"000000000000000AAA",UserAppMenuItem,1378,UserAppMenuItem,,,,UserAppMenuItem,Application,Application,Applications,UserAppMenuItem.SYSTEM,false,false,false,false,true,,"07p",false,false,false,false,false,true,false,true,true,true,false,false,true,true,/{ID},/{ID}/e,/07p/e,,,,UserAppMenuItem.005UZ00000BrdXxYAJ,System,true,ReadWrite,ReadWrite,false,false,false,false,,,,,,false,2025-04-14 08:28:37.990 -0700
"000000000000000AAA",ChangeRequestRelatedItemFeed,211,ChangeRequestRelatedItemFeed,,,,ChangeRequestRelatedItemFeed,Change Request Related Item Feed,Change Request Related Item Feed,Change Request Related Item Feed,,false,false,false,false,false,,"0D5",false,false,true,true,false,false,false,true,false,false,true,false,true,false,/{ID},/{ID}/e,/0D5/e,,,,ChangeRequestRelatedItemFeed.005UZ00000BrdXxYAJ,System,false,ControlledByParent,ControlledByParent,false,false,false,false,,,,,,false,2025-04-14 08:28:32.504 -0700
"000000000000000AAA",Period,885,Period,,,,Period,Period,Period,Period,,false,false,false,false,false,,"026",false,false,true,true,false,false,false,true,true,true,true,false,true,false,/{ID},/{ID}/e,/026/e,,,,Period.005UZ00000BrdXxYAJ,System,false,ReadWrite,ReadWrite,false,false,false,false,,,,,,false,2025-04-14 08:28:36.396 -0700
"000000000000000AAA",SBQQ__ColumnMetadata__ChangeEvent,1141,"01I1L000002ylML.ChangeEvent",,,SBQQ,ColumnMetadata__ChangeEvent,Change Event: Column Metadata,Change Event: Column Metadata,Change Event: Column Metadata,,false,true,false,false,false,,"1CE",false,false,false,true,false,false,true,false,true,true,true,false,false,false,/{ID},/{ID}/e,/1CE/e,,,,"01I1L000002ylML.ChangeEvent.005UZ00000BrdXxYAJ",CDC,false,ControlledByParent,ControlledByParent,false,false,false,false,,,,,,false,2025-04-14 08:28:36.607 -0700
"000000000000000AAA",DelegatedAccountFeed,423,DelegatedAccountFeed,,,,DelegatedAccountFeed,External Managed Account Feed,External Managed Account Feed,External Managed Account Feed,,false,false,false,false,false,,"0D5",false,false,true,true,false,false,false,true,false,false,true,false,true,false,/{ID},/{ID}/e,/0D5/e,,,,DelegatedAccountFeed.005UZ00000BrdXxYAJ,System,false,Private,Private,false,false,false,false,,,,,,false,2025-04-14 08:28:34.336 -0700
"000000000000000AAA",UserEmailPreferredPerson,1388,UserEmailPreferredPerson,,,,UserEmailPreferredPerson,User Email Preferred Person,User Email Preferred Person,User Email Preferred People,,false,false,false,false,false,,"0UV",false,false,true,true,false,true,false,true,true,true,true,false,true,false,/{ID},/{ID}/e,/0UV/e,,,,UserEmailPreferredPerson.005UZ00000BrdXxYAJ,System,false,Private,Private,false,false,false,false,,,,,,false,2025-04-14 08:28:37.990 -0700
"000000000000000AAA",DataActionTargetHistory,360,DataActionTargetHistory,,,,DataActionTargetHistory,Data Action Target History,Data Action Target History,Data Action Target History,,false,false,false,false,false,,"017",false,false,true,true,false,false,false,true,true,false,true,false,true,false,/{ID},/{ID}/e,/017/e,,,,DataActionTargetHistory.005UZ00000BrdXxYAJ,System,false,Private,Private,false,false,false,false,,,,,,false,2025-04-14 08:28:32.878 -0700
"000000000000000AAA",Customer,344,Customer,,,,Customer,Customer,Customer,Customers,Customer.SYSTEM,true,true,true,true,true,,"0o6",false,false,true,true,true,true,true,true,true,true,true,false,true,true,/{ID},/{ID}/e,/0o6/e,,,,Customer.005UZ00000BrdXxYAJ,System,true,ReadWrite,Private,false,false,false,false,,,,,,false,2025-04-14 08:28:32.877 -0700
"000000000000000AAA",ScontrolLocalization,1223,ScontrolLocalization,,,,ScontrolLocalization,Scontrol Localization,Scontrol Localization,Scontrol Localization,,false,false,false,false,false,,"01j",false,false,true,true,false,false,false,true,true,true,true,false,true,false,/{ID},/{ID}/e,/01j/e,,,,ScontrolLocalization.005UZ00000BrdXxYAJ,System,false,ReadWrite,ReadWrite,false,false,false,false,,,,,,false,2025-04-14 08:28:37.933 -0700
"000000000000000AAA",SBQQ__PriceSchedule__c,833,"01I41000002c7iJ",2024-10-12 01:17:42.000 -0700,"00541000003NPmqAAG",SBQQ,PriceSchedule,Price Schedule,Price Schedule,Price Schedules,SBQQ__PriceSchedule__c.SYSTEM,true,true,true,true,true,Deployed,a0f,false,false,true,true,true,true,true,true,true,true,true,false,true,false,/{ID},/{ID}/e,/a0f/e,/01I41000002c7iJ/e,PriceScheduleHelp,/06641000007WPEU,"01I41000002c7iJ.005UZ00000BrdXxYAJ",SBQQ,true,ReadWrite,ReadWrite,false,false,false,false,,,,,,false,2025-04-14 08:28:36.360 -0700
"000000000000000AAA",SBQQ__OrderItemConsumptionSchedule__c,847,"01I1L0000032xz9",2024-10-12 01:17:42.000 -0700,"00541000003NPmqAAG",SBQQ,OrderItemConsumptionSchedule,Order Product Consumption Schedule,Order Product Consumption Schedule,Order Product Consumption Schedules,SBQQ__OrderItemConsumptionSchedule__c.SYSTEM,true,true,true,true,true,Deployed,a2i,false,false,true,true,true,true,true,true,true,true,true,false,true,false,/{ID},/{ID}/e,/a2i/e,/01I1L0000032xz9/e,,,"01I1L0000032xz9.005UZ00000BrdXxYAJ",SBQQ,true,ReadWrite,ReadWrite,false,false,false,false,,,,,,false,2025-04-14 08:28:36.373 -0700
"000000000000000AAA",agileed__Course__ChangeEvent,1494,"01I8X0000018SqC.ChangeEvent",,,agileed,Course__ChangeEvent,Change Event: Course,Change Event: Course,Change Event: Course,,false,true,false,false,false,,"1CE",false,false,false,true,false,false,true,false,true,true,true,false,false,false,/{ID},/{ID}/e,/1CE/e,,,,"01I8X0000018SqC.ChangeEvent.005UZ00000BrdXxYAJ",CDC,false,ReadWrite,Private,false,false,false,false,,,,,,false,2025-04-14 08:28:38.025 -0700
"000000000000000AAA",PicklistValueInfo,1138,PicklistValueInfo,,,,PicklistValueInfo,Picklist Value Info,Picklist Value Info,Picklist Value Info,,false,false,false,false,false,,"4pv",false,false,false,false,false,false,false,false,true,true,true,false,true,false,/{ID},/{ID}/e,/4pv/e,,,,PicklistValueInfo.005UZ00000BrdXxYAJ,MetadataCatalog,false,ReadWrite,ReadWrite,false,false,false,false,,,,,,false,2025-04-14 08:28:36.607 -0700
"000000000000000AAA",PendingServiceRoutingChangeEvent,1101,PendingServiceRoutingChangeEvent,,,,PendingServiceRoutingChangeEvent,Pending Service Routing Change Event,Pending Service Routing Change Event,Pending Service Routing Change Event,,false,true,false,false,false,,"1CE",false,false,false,true,false,false,true,false,true,true,true,false,false,false,/{ID},/{ID}/e,/1CE/e,,,,PendingServiceRoutingChangeEvent.005UZ00000BrdXxYAJ,CDC,false,Read,Read,false,false,false,false,,,,,,false,2025-04-14 08:28:36.605 -0700
"000000000000000AAA",RedirectWhitelistUrl,894,RedirectWhitelistUrl,,,,RedirectWhitelistUrl,Allow URL for Redirects,Allow URL for Redirects,Allow URLs for Redirects,,false,false,false,false,false,,"9V6",false,false,false,true,false,false,false,true,true,true,true,false,true,false,/{ID},/{ID}/e,/9V6/e,,,,RedirectWhitelistUrl.005UZ00000BrdXxYAJ,System,false,ReadWrite,ReadWrite,false,false,false,false,,,,,,false,2025-04-14 08:28:36.407 -0700
"000000000000000AAA",Prompt,934,Prompt,,,,Prompt,Prompt,Prompt,Prompts,,false,false,false,false,false,,"0bs",false,false,false,true,false,true,false,true,true,true,true,false,true,false,/{ID},/{ID}/e,/0bs/e,,,,Prompt.005UZ00000BrdXxYAJ,System,false,ReadWrite,ReadWrite,false,false,false,false,,,,,,false,2025-04-14 08:28:36.498 -0700
"000000000000000AAA",PendingServiceRouting,914,PendingServiceRouting,,,,PendingServiceRouting,Pending Service Routing,Pending Service Routing,Pending Service Routings,,false,true,true,true,false,,"0JR",false,false,true,true,false,false,true,true,true,true,true,false,true,false,/{ID},/{ID}/e,/0JR/e,,,,PendingServiceRouting.005UZ00000BrdXxYAJ,System,false,Read,Read,false,false,false,false,,,,,,false,2025-04-14 08:28:36.436 -0700
"000000000000000AAA",MktDataTransform,987,MktDataTransform,,,,MktDataTransform,Data Transform,Data Transform,Data Transforms,MktDataTransform.SYSTEM,false,true,true,true,true,,"1dt",false,false,true,true,true,true,true,true,true,true,true,true,true,true,/{ID},/{ID}/e,/1dt/e,,,,MktDataTransform.005UZ00000BrdXxYAJ,System,true,Private,Private,false,false,false,false,,,,,,false,2025-04-14 08:28:36.576 -0700
"000000000000000AAA",IconDefinition,627,IconDefinition,,,,IconDefinition,Icon Definition,Icon Definition,Icon Definitions,,false,false,false,false,false,,"09k",false,false,false,false,false,false,false,false,true,true,true,false,true,false,/{ID},/{ID}/e,/09k/e,,,,IconDefinition.005UZ00000BrdXxYAJ,System,false,ReadWrite,ReadWrite,false,false,false,false,,,,,,false,2025-04-14 08:28:34.763 -0700
"000000000000000AAA",ExtDataShareTargetFeed,494,ExtDataShareTargetFeed,,,,ExtDataShareTargetFeed,Data Share Target Feed,Data Share Target Feed,Data Share Target Feed,,false,false,false,false,false,,"0D5",false,false,true,true,false,false,false,true,false,false,true,false,true,false,/{ID},/{ID}/e,/0D5/e,,,,ExtDataShareTargetFeed.005UZ00000BrdXxYAJ,System,false,Private,Private,false,false,false,false,,,,,,false,2025-04-14 08:28:34.417 -0700
"000000000000000AAA",ProblemHistory,1099,ProblemHistory,,,,ProblemHistory,Problem  History,Problem  History,Problem  History,,false,false,false,false,false,,"017",false,false,true,true,false,false,false,true,true,false,true,false,true,false,/{ID},/{ID}/e,/017/e,,,,ProblemHistory.005UZ00000BrdXxYAJ,System,false,Private,Private,false,false,false,false,,,,,,false,2025-04-14 08:28:36.605 -0700
"000000000000000AAA",ServiceSetupProvisioning,1252,ServiceSetupProvisioning,,,,ServiceSetupProvisioning,Service Setup Provisioning,Service Setup Provisioning,Service Setup Provisionings,,false,false,false,false,false,,"9gd",false,false,true,true,false,false,false,true,true,true,true,false,true,false,/{ID},/{ID}/e,/9gd/e,,,,ServiceSetupProvisioning.005UZ00000BrdXxYAJ,System,false,ReadWrite,ReadWrite,false,false,false,false,,,,,,false,2025-04-14 08:28:37.950 -0700
"000000000000000AAA",LiveChatTranscriptFeed,763,LiveChatTranscriptFeed,,,,LiveChatTranscriptFeed,Chat Transcript Feed,Chat Transcript Feed,Chat Transcript Feed,,false,false,false,false,false,,"0D5",false,false,true,true,false,false,false,true,false,false,true,false,true,false,/{ID},/{ID}/e,/0D5/e,,,,LiveChatTranscriptFeed.005UZ00000BrdXxYAJ,System,false,Private,Private,false,false,false,false,,,,,,false,2025-04-14 08:28:34.927 -0700
"000000000000000AAA",ServiceResourceShare,1247,ServiceResourceShare,,,,ServiceResourceShare,Service Resource Share,Service Resource Share,Service Resource Share,,false,false,false,false,false,,"02c",false,false,false,true,false,false,false,true,true,true,true,false,true,false,/{ID},/{ID}/e,/02c/e,,,,ServiceResourceShare.005UZ00000BrdXxYAJ,System,false,Private,Private,false,false,false,false,,,,,,false,2025-04-14 08:28:37.942 -0700
"000000000000000AAA",FeedTrackedChange,512,FeedTrackedChange,,,,FeedTrackedChange,Feed Tracked Change,Feed Tracked Change,Feed Tracked Changes,,false,false,false,false,false,,"0D6",false,false,false,false,false,false,false,true,false,false,false,false,false,false,/{ID},/{ID}/e,/0D6/e,,,,FeedTrackedChange.005UZ00000BrdXxYAJ,System,false,ReadWrite,ReadWrite,false,false,false,false,,,,,,false,2025-04-14 08:28:34.508 -0700
"000000000000000AAA",SBQQ__ImportColumn__c,831,"01I41000002c7i8",2024-10-12 01:17:42.000 -0700,"00541000003NPmqAAG",SBQQ,ImportColumn,Import Column,Import Column,Import Columns,SBQQ__ImportColumn__c.SYSTEM,true,true,true,true,true,Deployed,a0U,false,false,true,true,false,false,true,true,true,true,true,false,true,false,/{ID},/{ID}/e,/a0U/e,/01I41000002c7i8/e,ImportFormatHelp,/06641000007WPE8,"01I41000002c7i8.005UZ00000BrdXxYAJ",SBQQ,true,ControlledByParent,ControlledByParent,false,false,false,false,,,,,,false,2025-04-14 08:28:36.360 -0700
"000000000000000AAA",AsyncOperationEvent,87,AsyncOperationEvent,,,,AsyncOperationEvent,Async Operation Event,Async Operation Event,Async Operation Events,,false,true,false,false,false,,"0Xw",false,false,false,false,false,false,true,false,true,false,false,false,false,false,/{ID},/{ID}/e,/0Xw/e,,,,AsyncOperationEvent.005UZ00000BrdXxYAJ,Conduit,false,ReadWrite,ReadWrite,false,false,false,false,,,,,,false,2025-04-14 08:28:32.390 -0700
"000000000000000AAA",UnifiedEmail,1362,UnifiedEmail,,,,UnifiedEmail,Unified Email,Unified Email,Unified Emails,,false,false,false,false,false,,"1a6",false,false,false,true,false,false,false,true,true,true,true,false,true,false,/{ID},/{ID}/e,/1a6/e,,,,UnifiedEmail.005UZ00000BrdXxYAJ,System,false,ReadWrite,ReadWrite,false,false,false,false,,,,,,false,2025-04-14 08:28:37.989 -0700
"000000000000000AAA",SBQQ__CustomActionCondition__ChangeEvent,1055,"01I41000002c7ht.ChangeEvent",,,SBQQ,CustomActionCondition__ChangeEvent,Change Event: Custom Action Condition,Change Event: Custom Action Condition,Change Event: Custom Action Condition,,false,true,false,false,false,,"1CE",false,false,false,true,false,false,true,false,true,true,true,false,false,false,/{ID},/{ID}/e,/1CE/e,,,,"01I41000002c7ht.ChangeEvent.005UZ00000BrdXxYAJ",CDC,false,ControlledByParent,ControlledByParent,false,false,false,false,,,,,,false,2025-04-14 08:28:36.603 -0700
"000000000000000AAA",BroadcastCommunicationHistory,137,BroadcastCommunicationHistory,,,,BroadcastCommunicationHistory,Broadcast Communication  History,Broadcast Communication  History,Broadcast Communication  History,,false,false,false,false,false,,"017",false,false,true,true,false,false,false,true,true,false,true,false,true,false,/{ID},/{ID}/e,/017/e,,,,BroadcastCommunicationHistory.005UZ00000BrdXxYAJ,System,false,Read,Read,false,false,false,false,,,,,,false,2025-04-14 08:28:32.460 -0700
"000000000000000AAA",Business_Ops_Request__Share,155,"01I1L000002ykzv.Share",,,,Business_Ops_Request__Share,Share: Business Ops Request,Share: Business Ops Request,Share: Business Ops Request,,false,false,false,false,false,,"02c",false,false,false,true,false,false,false,true,true,true,true,false,true,false,/{ID},/{ID}/e,/02c/e,,,,"01I1L000002ykzv.Share.005UZ00000BrdXxYAJ",System,false,ReadWrite,Private,false,false,false,false,,,,,,false,2025-04-14 08:28:32.462 -0700
"000000000000000AAA",MktDataTransformEvent,988,MktDataTransformEvent,,,,MktDataTransformEvent,Data Transform Event,Data Transform Event,Data Transform Events,,false,true,false,false,false,,"1e7",false,false,false,false,false,false,true,false,true,false,false,false,false,false,/{ID},/{ID}/e,/1e7/e,,,,MktDataTransformEvent.005UZ00000BrdXxYAJ,Conduit,false,ReadWrite,ReadWrite,false,false,false,false,,,,,,false,2025-04-14 08:28:36.576 -0700
"000000000000000AAA",Participant,1054,Participant,,,,Participant,Participant,Participant,Participants,,false,false,false,false,false,,"0lH",false,false,false,true,false,false,false,true,true,true,true,false,true,false,/{ID},/{ID}/e,/0lH/e,,,,Participant.005UZ00000BrdXxYAJ,System,false,ReadWrite,ReadWrite,false,false,false,false,,,,,,false,2025-04-14 08:28:36.603 -0700
"000000000000000AAA",eval_usage__c,1539,"01I1L0000032zaU",2020-05-15 13:52:59.000 -0700,"0051L000007gwhLQAQ",,eval_usage,Eval Usage,Eval Usage,Eval Usages,eval_usage__c.0AH1L000000fy1h,true,true,true,true,true,Deployed,a5Q,false,false,true,true,true,true,true,true,true,true,true,true,true,true,/{ID},/{ID}/e,/a5Q/e,/01I1L0000032zaU/e,,,"01I1L0000032zaU.005UZ00000BrdXxYAJ",<local>,true,ReadWrite,Private,false,false,false,false,,,,,,false,2025-04-14 08:28:38.040 -0700
"000000000000000AAA",LCOM_Term__History,709,"01IUZ000000NrQN.History",,,,LCOM_Term__History,History: LCOM Term,History: LCOM Term,History: LCOM Term,,false,false,false,false,false,,"017",false,false,true,true,false,false,false,true,true,false,true,false,true,false,/{ID},/{ID}/e,/017/e,,,,"01IUZ000000NrQN.History.005UZ00000BrdXxYAJ",System,false,ReadWrite,Private,false,false,false,false,,,,,,false,2025-04-14 08:28:34.849 -0700
"000000000000000AAA",AuthorizationFormDataUseShare,109,AuthorizationFormDataUseShare,,,,AuthorizationFormDataUseShare,Authorization Form Data Use Share,Authorization Form Data Use Share,Authorization Form Data Use Share,,false,false,false,false,false,,"02c",false,false,false,true,false,false,false,true,true,true,true,false,true,false,/{ID},/{ID}/e,/02c/e,,,,AuthorizationFormDataUseShare.005UZ00000BrdXxYAJ,System,false,Private,Private,false,false,false,false,,,,,,false,2025-04-14 08:28:32.420 -0700
"000000000000000AAA",PartyConsent,1162,PartyConsent,,,,PartyConsent,Party Consent,Party Consent,Party Consents,PartyConsent.SYSTEM,true,true,true,true,true,,"0g8",false,false,true,true,true,true,true,true,true,true,true,false,true,true,/{ID},/{ID}/e,/0g8/e,,,,PartyConsent.005UZ00000BrdXxYAJ,System,true,Private,Private,false,false,false,false,,,,,,false,2025-04-14 08:28:36.610 -0700
"000000000000000AAA",CommSubscription,229,CommSubscription,,,,CommSubscription,Communication Subscription,Communication Subscription,Communication Subscriptions,CommSubscription.SYSTEM,true,true,true,true,true,,"0Xl",false,false,true,true,true,true,true,true,true,true,true,false,true,true,/{ID},/{ID}/e,/0Xl/e,,,,CommSubscription.005UZ00000BrdXxYAJ,System,true,Private,Private,false,false,false,false,,,,,,false,2025-04-14 08:28:32.574 -0700
"000000000000000AAA",WorkBadgeDefinitionHistory,1432,WorkBadgeDefinitionHistory,,,,WorkBadgeDefinitionHistory,Badge History,Badge History,Badge History,,false,false,false,false,false,,"017",false,false,true,true,false,false,false,true,true,false,true,false,true,false,/{ID},/{ID}/e,/017/e,,,,WorkBadgeDefinitionHistory.005UZ00000BrdXxYAJ,System,false,Read,Read,false,false,false,false,,,,,,false,2025-04-14 08:28:38.005 -0700
"000000000000000AAA",Historical__c,616,"01IUZ000001ZfED",2025-02-11 11:40:48.000 -0800,"005UZ00000B4tsPYAR",,Historical,Historical,Historical,Historical,Historical__c.SYSTEM,true,true,true,true,true,Deployed,a5v,false,false,true,true,false,false,true,true,true,true,true,false,true,true,/{ID},/{ID}/e,/a5v/e,/01IUZ000001ZfED/e,,,"01IUZ000001ZfED.005UZ00000BrdXxYAJ",<local>,true,ReadWrite,Private,false,false,false,false,,,,,,false,2025-04-14 08:28:34.763 -0700
"000000000000000AAA",MessagingEndUserHistory,1039,MessagingEndUserHistory,,,,MessagingEndUserHistory,Messaging User History,Messaging User History,Messaging User History,,false,false,false,false,false,,"017",false,false,true,true,false,false,false,true,true,false,true,false,true,false,/{ID},/{ID}/e,/017/e,,,,MessagingEndUserHistory.005UZ00000BrdXxYAJ,System,false,ReadWrite,ReadWrite,false,false,false,false,,,,,,false,2025-04-14 08:28:36.603 -0700
"000000000000000AAA",SBQQ__CustomScript__c,814,"01I41000002c7hw",2024-10-12 01:17:42.000 -0700,"00541000003NPmqAAG",SBQQ,CustomScript,Custom Script,Custom Script,Custom Scripts,SBQQ__CustomScript__c.SYSTEM,true,true,true,true,true,Deployed,a0I,false,false,true,true,false,false,true,true,true,true,true,false,true,true,/{ID},/{ID}/e,/a0I/e,/01I41000002c7hw/e,,,"01I41000002c7hw.005UZ00000BrdXxYAJ",SBQQ,true,ReadWrite,ReadWrite,false,false,false,false,,,,,,false,2025-04-14 08:28:36.339 -0700
"000000000000000AAA",MyDomainDiscoverableLogin,1191,MyDomainDiscoverableLogin,,,,MyDomainDiscoverableLogin,My Domain Discoverable Login,My Domain Discoverable Login,My Domain Discoverable Logins,,false,false,false,false,false,,"4hy",false,false,false,true,false,false,false,true,true,true,true,false,true,false,/{ID},/{ID}/e,/4hy/e,,,,MyDomainDiscoverableLogin.005UZ00000BrdXxYAJ,System,false,ReadWrite,ReadWrite,false,false,false,false,,,,,,false,2025-04-14 08:28:36.617 -0700
"000000000000000AAA",KnowledgeableUser,680,KnowledgeableUser,,,,KnowledgeableUser,Knowledgeable User,Knowledgeable User,Knowledgeable Users,,false,false,false,false,false,,"0in",false,false,false,true,false,false,false,true,false,false,false,false,true,false,/{ID},/{ID}/e,/0in/e,,,,KnowledgeableUser.005UZ00000BrdXxYAJ,System,false,ReadWrite,ReadWrite,false,false,false,false,,,,,,false,2025-04-14 08:28:34.845 -0700
"000000000000000AAA",CampaignShare,176,CampaignShare,,,,CampaignShare,Campaign Share,Campaign Share,Campaign Share,,false,false,false,false,false,,"08s",false,false,false,true,false,false,false,true,true,true,true,false,true,false,/{ID},/{ID}/e,/08s/e,,,,CampaignShare.005UZ00000BrdXxYAJ,System,false,ReadWrite,ReadWrite,false,false,false,false,,,,,,false,2025-04-14 08:28:32.477 -0700
"000000000000000AAA",BackgroundOperation,116,BackgroundOperation,,,,BackgroundOperation,Background Operation,Background Operation,Background Operations,BackgroundOperation.SYSTEM,false,false,false,false,true,,"08P",false,false,true,true,false,false,false,true,true,true,true,false,true,false,/{ID},/{ID}/e,/08P/e,,,,BackgroundOperation.005UZ00000BrdXxYAJ,System,true,ReadWrite,ReadWrite,false,false,false,false,,,,,,false,2025-04-14 08:28:32.420 -0700
"000000000000000AAA",snr__sr_KB_Global_Search_History__c,1554,"01IUZ000000GKHK",2024-04-15 17:01:39.000 -0700,"0058X00000Fi8mPQAR",snr,sr_KB_Global_Search_History,Knowledge Search and Replace History,Knowledge Search and Replace History,Knowledge Search and Replace History,snr__sr_KB_Global_Search_History__c.SYSTEM,true,true,true,true,true,Deployed,a3W,false,false,true,true,false,false,true,true,true,true,true,false,true,true,/{ID},/{ID}/e,/a3W/e,/01IUZ000000GKHK/e,,,"01IUZ000000GKHK.005UZ00000BrdXxYAJ",snr,true,ReadWrite,Private,false,false,false,false,,,,,,false,2025-04-14 08:28:38.041 -0700
"000000000000000AAA",ChangeRequestRelatedItemChangeEvent,210,ChangeRequestRelatedItemChangeEvent,,,,ChangeRequestRelatedItemChangeEvent,Change Request Related Item Change Event,Change Request Related Item Change Event,Change Request Related Item Change Event,,false,true,false,false,false,,"1CE",false,false,false,true,false,false,true,false,true,true,true,false,false,false,/{ID},/{ID}/e,/1CE/e,,,,ChangeRequestRelatedItemChangeEvent.005UZ00000BrdXxYAJ,CDC,false,ControlledByParent,ControlledByParent,false,false,false,false,,,,,,false,2025-04-14 08:28:32.504 -0700
"000000000000000AAA",AuthorizationFormDataUseHistory,108,AuthorizationFormDataUseHistory,,,,AuthorizationFormDataUseHistory,Authorization Form Data Use History,Authorization Form Data Use History,Authorization Form Data Use History,,false,false,false,false,false,,"017",false,false,true,true,false,false,false,true,true,false,true,false,true,false,/{ID},/{ID}/e,/017/e,,,,AuthorizationFormDataUseHistory.005UZ00000BrdXxYAJ,System,false,Private,Private,false,false,false,false,,,,,,false,2025-04-14 08:28:32.419 -0700
"000000000000000AAA",dstore__Audit_Configuration__c,1531,"01I1L000002yl0j",2019-11-26 11:00:51.000 -0800,"00541000003jeZTAAY",dstore,Audit_Configuration,Audit Configuration,Audit Configuration,Audit Configurations,dstore__Audit_Configuration__c.SYSTEM,true,true,true,true,true,Deployed,a1Q,false,false,true,true,true,true,true,true,true,true,true,true,true,true,/{ID},/{ID}/e,/a1Q/e,/01I1L000002yl0j/e,,,"01I1L000002yl0j.005UZ00000BrdXxYAJ",dstore,true,ReadWrite,Private,false,false,false,false,,,,,,false,2025-04-14 08:28:38.032 -0700
"000000000000000AAA",EngagementChannelTypeFeed,452,EngagementChannelTypeFeed,,,,EngagementChannelTypeFeed,Engagement Channel Type Feed,Engagement Channel Type Feed,Engagement Channel Type Feed,,false,false,false,false,false,,"0D5",false,false,true,true,false,false,false,true,false,false,true,false,true,false,/{ID},/{ID}/e,/0D5/e,,,,EngagementChannelTypeFeed.005UZ00000BrdXxYAJ,System,false,Private,Private,false,false,false,false,,,,,,false,2025-04-14 08:28:34.396 -0700
"000000000000000AAA",LCOM_Organization__History,702,"01IUZ000000NrQL.History",,,,LCOM_Organization__History,History: LCOM Organization,History: LCOM Organization,History: LCOM Organization,,false,false,false,false,false,,"017",false,false,true,true,false,false,false,true,true,false,true,false,true,false,/{ID},/{ID}/e,/017/e,,,,"01IUZ000000NrQL.History.005UZ00000BrdXxYAJ",System,false,ControlledByParent,ControlledByParent,false,false,false,false,,,,,,false,2025-04-14 08:28:34.848 -0700
"000000000000000AAA",LCOM_Order__History,699,"01IUZ000000NrQK.History",,,,LCOM_Order__History,History: LCOM Order,History: LCOM Order,History: LCOM Order,,false,false,false,false,false,,"017",false,false,true,true,false,false,false,true,true,false,true,false,true,false,/{ID},/{ID}/e,/017/e,,,,"01IUZ000000NrQK.History.005UZ00000BrdXxYAJ",System,false,ControlledByParent,ControlledByParent,false,false,false,false,,,,,,false,2025-04-14 08:28:34.848 -0700
"000000000000000AAA",Location,772,Location,,,,Location,Location,Location,Locations,Location.SYSTEM,true,true,true,true,true,,"131",false,false,true,true,true,true,true,true,true,true,true,false,true,true,/{ID},/{ID}/e,/131/e,,,,Location.005UZ00000BrdXxYAJ,System,true,ReadWrite,ReadWrite,false,false,false,false,,,,,,false,2025-04-14 08:28:34.928 -0700
"000000000000000AAA",ExtDataShare,490,ExtDataShare,,,,ExtDataShare,Data Share,Data Share,Data Shares,ExtDataShare.SYSTEM,false,true,true,true,true,,"1ed",false,false,true,true,true,true,true,true,true,true,true,true,true,true,/{ID},/{ID}/e,/1ed/e,,,,ExtDataShare.005UZ00000BrdXxYAJ,System,true,ReadWrite,ReadWrite,false,false,false,false,,,,,,false,2025-04-14 08:28:34.417 -0700
"000000000000000AAA",ContactFeed,267,ContactFeed,,,,ContactFeed,Contact Feed,Contact Feed,Contact Feed,,false,false,false,false,false,,"0D5",false,false,true,true,false,false,false,true,false,false,true,false,true,false,/{ID},/{ID}/e,/0D5/e,,,,ContactFeed.005UZ00000BrdXxYAJ,System,false,Read,Read,false,false,false,false,,,,,,false,2025-04-14 08:28:32.666 -0700
"000000000000000AAA",SwarmHistory,1320,SwarmHistory,,,,SwarmHistory,Swarm History,Swarm History,Swarm History,,false,false,false,false,false,,"017",false,false,true,true,false,false,false,true,true,false,true,false,true,false,/{ID},/{ID}/e,/017/e,,,,SwarmHistory.005UZ00000BrdXxYAJ,System,false,ReadWrite,Private,false,false,false,false,,,,,,false,2025-04-14 08:28:37.973 -0700
"000000000000000AAA",ContactPointTypeConsentHistory,287,ContactPointTypeConsentHistory,,,,ContactPointTypeConsentHistory,Contact Point Type Consent  History,Contact Point Type Consent  History,Contact Point Type Consent  History,,false,false,false,false,false,,"017",false,false,true,true,false,false,false,true,true,false,true,false,true,false,/{ID},/{ID}/e,/017/e,,,,ContactPointTypeConsentHistory.005UZ00000BrdXxYAJ,System,false,Private,Private,false,false,false,false,,,,,,false,2025-04-14 08:28:32.688 -0700
"000000000000000AAA",OmniSupervisorConfigQueue,884,OmniSupervisorConfigQueue,,,,OmniSupervisorConfigQueue,Omni Supervisor Configuration Queue,Omni Supervisor Configuration Queue,Omni Supervisor Configuration Queues,,false,false,false,false,false,,"0sf",false,false,false,true,false,false,false,true,true,true,true,false,true,false,/{ID},/{ID}/e,/0sf/e,,,,OmniSupervisorConfigQueue.005UZ00000BrdXxYAJ,System,false,ReadWrite,ReadWrite,false,false,false,false,,,,,,false,2025-04-14 08:28:36.396 -0700
"000000000000000AAA",WorkOrderChangeEvent,1435,WorkOrderChangeEvent,,,,WorkOrderChangeEvent,Work Order Change Event,Work Order Change Event,Work Order Change Event,,false,true,false,false,false,,"1CE",false,false,false,true,false,false,true,false,true,true,true,false,false,false,/{ID},/{ID}/e,/1CE/e,,,,WorkOrderChangeEvent.005UZ00000BrdXxYAJ,CDC,false,ReadWrite,ReadWrite,false,false,false,false,,,,,,false,2025-04-14 08:28:38.005 -0700
"000000000000000AAA",ProfileSkillEndorsementFeed,903,ProfileSkillEndorsementFeed,,,,ProfileSkillEndorsementFeed,Endorsement Feed,Endorsement Feed,Endorsement Feed,,false,false,false,false,false,,"0D5",false,false,true,true,false,false,false,true,false,false,true,false,true,false,/{ID},/{ID}/e,/0D5/e,,,,ProfileSkillEndorsementFeed.005UZ00000BrdXxYAJ,System,false,ControlledByParent,ControlledByParent,false,false,false,false,,,,,,false,2025-04-14 08:28:36.435 -0700
"000000000000000AAA",SBQQ__ProductAction__ChangeEvent,957,"01I41000002c7iO.ChangeEvent",,,SBQQ,ProductAction__ChangeEvent,Change Event: Product Action,Change Event: Product Action,Change Event: Product Action,,false,true,false,false,false,,"1CE",false,false,false,true,false,false,true,false,true,true,true,false,false,false,/{ID},/{ID}/e,/1CE/e,,,,"01I41000002c7iO.ChangeEvent.005UZ00000BrdXxYAJ",CDC,false,ControlledByParent,ControlledByParent,false,false,false,false,,,,,,false,2025-04-14 08:28:36.539 -0700
"000000000000000AAA",MLRecommendationDefinition,782,MLRecommendationDefinition,,,,MLRecommendationDefinition,ML Recommendation Definition,ML Recommendation Definition,ML Recommendation Definitions,,false,false,false,false,false,,"7gh",false,false,false,true,false,false,false,true,false,false,true,false,true,false,/{ID},/{ID}/e,/7gh/e,,,,MLRecommendationDefinition.005UZ00000BrdXxYAJ,System,false,ReadWrite,ReadWrite,false,false,false,false,,,,,,false,2025-04-14 08:28:34.928 -0700
"000000000000000AAA",PlatformCachePartition,1182,PlatformCachePartition,,,,PlatformCachePartition,Platform Cache Partition,Platform Cache Partition,Platform Cache Partitions,,false,false,false,false,false,,"0Er",false,false,false,true,false,false,false,true,true,true,true,false,true,false,/{ID},/{ID}/e,/0Er/e,,,,PlatformCachePartition.005UZ00000BrdXxYAJ,System,false,ReadWrite,ReadWrite,false,false,false,false,,,,,,false,2025-04-14 08:28:36.617 -0700
"000000000000000AAA",School_License__History,1220,"01I41000002T2bi.History",,,,School_License__History,History: School License,History: School License,History: School License,,false,false,false,false,false,,"017",false,false,true,true,false,false,false,true,true,false,true,false,true,false,/{ID},/{ID}/e,/017/e,,,,"01I41000002T2bi.History.005UZ00000BrdXxYAJ",System,false,ReadWrite,ReadWrite,false,false,false,false,,,,,,false,2025-04-14 08:28:37.933 -0700
"000000000000000AAA",ObjectRelatedUrl,926,ObjectRelatedUrl,,,,ObjectRelatedUrl,Object Related URL,Object Related URL,Object Related URLs,,false,false,false,false,false,,"0zC",false,false,true,false,false,false,false,true,true,true,true,false,true,false,/{ID},/{ID}/e,/0zC/e,,,,ObjectRelatedUrl.005UZ00000BrdXxYAJ,System,false,ReadWrite,ReadWrite,false,false,false,false,,,,,,false,2025-04-14 08:28:36.468 -0700
"000000000000000AAA",WorkOrderLineItemHistory,1441,WorkOrderLineItemHistory,,,,WorkOrderLineItemHistory,Work Order Line Item History,Work Order Line Item History,Work Order Line Item History,,false,false,false,false,false,,"017",false,false,true,true,false,false,false,true,true,false,true,false,true,false,/{ID},/{ID}/e,/017/e,,,,WorkOrderLineItemHistory.005UZ00000BrdXxYAJ,System,false,ControlledByParent,ControlledByParent,false,false,false,false,,,,,,false,2025-04-14 08:28:38.005 -0700
"000000000000000AAA",MacroInstructionChangeEvent,787,MacroInstructionChangeEvent,,,,MacroInstructionChangeEvent,Macro Instruction Change Event,Macro Instruction Change Event,Macro Instruction Change Event,,false,true,false,false,false,,"1CE",false,false,false,true,false,false,true,false,true,true,true,false,false,false,/{ID},/{ID}/e,/1CE/e,,,,MacroInstructionChangeEvent.005UZ00000BrdXxYAJ,CDC,false,ControlledByParent,ControlledByParent,false,false,false,false,,,,,,false,2025-04-14 08:28:34.929 -0700
"000000000000000AAA",Community,248,Community,,,,Community,Zone,Zone,Zones,,false,false,false,false,false,,"09a",false,false,false,true,false,false,false,true,false,false,false,false,true,false,/{ID},/{ID}/e,/09a/e,,,,Community.005UZ00000BrdXxYAJ,System,false,ReadWrite,ReadWrite,false,false,false,false,,,,,,false,2025-04-14 08:28:32.649 -0700
"000000000000000AAA",CommSubscriptionShare,243,CommSubscriptionShare,,,,CommSubscriptionShare,Communication Subscription Share,Communication Subscription Share,Communication Subscription Share,,false,false,false,false,false,,"02c",false,false,false,true,false,false,false,true,true,true,true,false,true,false,/{ID},/{ID}/e,/02c/e,,,,CommSubscriptionShare.005UZ00000BrdXxYAJ,System,false,Private,Private,false,false,false,false,,,,,,false,2025-04-14 08:28:32.617 -0700
"000000000000000AAA",Campaign,167,Campaign,,,,Campaign,Campaign,Campaign,Campaigns,Campaign.SYSTEM,true,true,true,true,true,,"701",false,false,true,true,true,true,true,true,true,true,true,false,true,true,/{ID},/{ID}/e,/701/e,,,,Campaign.005UZ00000BrdXxYAJ,System,true,FullAccess,FullAccess,false,false,false,false,,,,,,false,2025-04-14 08:28:32.463 -0700
"000000000000000AAA",CommSubscriptionConsent,236,CommSubscriptionConsent,,,,CommSubscriptionConsent,Communication Subscription Consent,Communication Subscription Consent,Communication Subscription Consents,CommSubscriptionConsent.SYSTEM,true,true,true,true,true,,"0dY",false,false,true,true,true,true,true,true,true,true,true,false,true,true,/{ID},/{ID}/e,/0dY/e,,,,CommSubscriptionConsent.005UZ00000BrdXxYAJ,System,true,Private,Private,false,false,false,false,,,,,,false,2025-04-14 08:28:32.574 -0700
"000000000000000AAA",Dashboard,346,Dashboard,,,,Dashboard,Dashboard,Dashboard,Dashboards,,false,false,false,false,false,,"01Z",false,false,false,true,true,true,false,true,true,true,true,false,true,true,/{ID},/{ID}/e,/01Z/e,,,,Dashboard.005UZ00000BrdXxYAJ,System,true,ReadWrite,ReadWrite,false,false,false,false,,,,,,false,2025-04-14 08:28:32.877 -0700
"000000000000000AAA",OmniTrackingEvent,991,OmniTrackingEvent,,,,OmniTrackingEvent,Omni Tracking Event,Omni Tracking Event,Omni Tracking Events,,false,false,false,false,false,,"18k",false,false,false,false,false,false,false,false,true,false,false,false,false,false,/{ID},/{ID}/e,/18k/e,,,,OmniTrackingEvent.005UZ00000BrdXxYAJ,System,false,ReadWrite,ReadWrite,false,false,false,false,,,,,,false,2025-04-14 08:28:36.583 -0700
"000000000000000AAA",ConsumptionRate,259,ConsumptionRate,,,,ConsumptionRate,Consumption Rate,Consumption Rate,Consumption Rates,ConsumptionRate.SYSTEM,true,true,true,true,true,,"0Mo",false,false,true,true,false,false,true,true,true,true,true,false,true,false,/{ID},/{ID}/e,/0Mo/e,,,,ConsumptionRate.005UZ00000BrdXxYAJ,System,true,ControlledByParent,ControlledByParent,false,false,false,false,,,,,,false,2025-04-14 08:28:32.665 -0700
"000000000000000AAA",AuthorizationFormConsentChangeEvent,103,AuthorizationFormConsentChangeEvent,,,,AuthorizationFormConsentChangeEvent,Authorization Form Consent Change Event,Authorization Form Consent Change Event,Authorization Form Consent Change Event,,false,true,false,false,false,,"1CE",false,false,false,true,false,false,true,false,true,true,true,false,false,false,/{ID},/{ID}/e,/1CE/e,,,,AuthorizationFormConsentChangeEvent.005UZ00000BrdXxYAJ,CDC,false,Private,Private,false,false,false,false,,,,,,false,2025-04-14 08:28:32.419 -0700
"000000000000000AAA",UnifiedActivity,1356,UnifiedActivity,,,,UnifiedActivity,Unified Activity,Unified Activity,Unified Activities,,false,false,false,false,false,,"1a3",false,false,false,true,false,false,false,true,true,true,true,false,true,false,/{ID},/{ID}/e,/1a3/e,,,,UnifiedActivity.005UZ00000BrdXxYAJ,System,false,ReadWrite,ReadWrite,false,false,false,false,,,,,,false,2025-04-14 08:28:37.984 -0700
"000000000000000AAA",AssetRelationshipFeed,77,AssetRelationshipFeed,,,,AssetRelationshipFeed,Asset Relationship Feed,Asset Relationship Feed,Asset Relationship Feed,,false,false,false,false,false,,"0D5",false,false,true,true,false,false,false,true,false,false,true,false,true,false,/{ID},/{ID}/e,/0D5/e,,,,AssetRelationshipFeed.005UZ00000BrdXxYAJ,System,false,ControlledByParent,ControlledByParent,false,false,false,false,,,,,,false,2025-04-14 08:28:32.389 -0700
"000000000000000AAA",Incp__Incident_LV_Fields__c,654,"01IUZ0000009U3h",2024-03-13 14:33:25.000 -0700,"0058X00000Fi8mPQAR",Incp,Incident_LV_Fields,Incident LV Fields,Incident LV Fields,Incident LV Fields,,true,false,false,false,false,Deployed,a30,true,false,true,true,true,true,false,true,true,true,true,false,true,false,/{ID},/{ID}/e,/a30/e,/01IUZ0000009U3h/e,,,"01IUZ0000009U3h.005UZ00000BrdXxYAJ",Incp,true,ReadWrite,ReadWrite,false,false,false,false,,,,,,false,2025-04-14 08:28:34.765 -0700
"000000000000000AAA",OpportunityScore,1051,OpportunityScore,,,,OpportunityScore,Opportunity Score,Opportunity Score,Opportunity Scores,,false,true,true,false,false,,"0Gq",false,false,false,true,false,false,true,true,true,true,true,false,true,false,/{ID},/{ID}/e,/0Gq/e,,,,OpportunityScore.005UZ00000BrdXxYAJ,System,false,ReadWrite,ReadWrite,false,false,false,false,,,,,,false,2025-04-14 08:28:36.603 -0700
"000000000000000AAA",codesters__Codesters_Transaction_Line_Item__ChangeEvent,1522,"01I8X000003YKb2.ChangeEvent",,,codesters,Codesters_Transaction_Line_Item__ChangeEvent,Change Event: Codesters Transaction Line Item,Change Event: Codesters Transaction Line Item,Change Event: Codesters Transaction Line Item,,false,true,false,false,false,,"1CE",false,false,false,true,false,false,true,false,true,true,true,false,false,false,/{ID},/{ID}/e,/1CE/e,,,,"01I8X000003YKb2.ChangeEvent.005UZ00000BrdXxYAJ",CDC,false,ControlledByParent,ControlledByParent,false,false,false,false,,,,,,false,2025-04-14 08:28:38.031 -0700
"000000000000000AAA",SBQQ__QuoteLineGroup__History,976,"01I41000002c7iU.History",,,SBQQ,QuoteLineGroup__History,History: Quote Line Group,History: Quote Line Group,History: Quote Line Group,,false,false,false,false,false,,"017",false,false,true,true,false,false,false,true,true,false,true,false,true,false,/{ID},/{ID}/e,/017/e,,,,"01I41000002c7iU.History.005UZ00000BrdXxYAJ",System,false,ControlledByParent,ControlledByParent,false,false,false,false,,,,,,false,2025-04-14 08:28:36.575 -0700
"000000000000000AAA",SBQQ__AttributeSet__ChangeEvent,887,"01I41000002TCbi.ChangeEvent",,,SBQQ,AttributeSet__ChangeEvent,Change Event: Attribute Set,Change Event: Attribute Set,Change Event: Attribute Set,,false,true,false,false,false,,"1CE",false,false,false,true,false,false,true,false,true,true,true,false,false,false,/{ID},/{ID}/e,/1CE/e,,,,"01I41000002TCbi.ChangeEvent.005UZ00000BrdXxYAJ",CDC,false,ReadWrite,ReadWrite,false,false,false,false,,,,,,false,2025-04-14 08:28:36.396 -0700
"000000000000000AAA",ContactPointConsentShare,276,ContactPointConsentShare,,,,ContactPointConsentShare,Contact Point Consent Share,Contact Point Consent Share,Contact Point Consent Share,,false,false,false,false,false,,"02c",false,false,false,true,false,false,false,true,true,true,true,false,true,false,/{ID},/{ID}/e,/02c/e,,,,ContactPointConsentShare.005UZ00000BrdXxYAJ,System,false,Private,Private,false,false,false,false,,,,,,false,2025-04-14 08:28:32.686 -0700
"000000000000000AAA",SBQQ__ProductRule__c,846,"01I41000002c7iS",2024-10-12 01:17:42.000 -0700,"00541000003NPmqAAG",SBQQ,ProductRule,Product Rule,Product Rule,Product Rules,SBQQ__ProductRule__c.SYSTEM,true,true,true,true,true,Deployed,a0o,false,false,true,true,false,false,true,true,true,true,true,false,true,true,/{ID},/{ID}/e,/a0o/e,/01I41000002c7iS/e,Product Rule Help,/06641000007WPEb,"01I41000002c7iS.005UZ00000BrdXxYAJ",SBQQ,true,ReadWrite,ReadWrite,false,false,false,false,,,,,,false,2025-04-14 08:28:36.373 -0700
"000000000000000AAA",IndividualHistory,659,IndividualHistory,,,,IndividualHistory,Individual History,Individual History,Individual History,,false,false,false,false,false,,"017",false,false,true,true,false,false,false,true,true,false,true,false,true,false,/{ID},/{ID}/e,/017/e,,,,IndividualHistory.005UZ00000BrdXxYAJ,System,false,ReadWrite,Private,false,false,false,false,,,,,,false,2025-04-14 08:28:34.765 -0700
"000000000000000AAA",Knowledge__Feed,674,"01IUZ0000006uXO.Feed",,,,Knowledge__Feed,Feed: Knowledge,Feed: Knowledge,Feed: Knowledge,,false,false,false,false,false,,"0D5",false,false,true,true,false,false,false,true,false,false,true,false,true,false,/{ID},/{ID}/e,/0D5/e,,,,"01IUZ0000006uXO.Feed.005UZ00000BrdXxYAJ",System,false,ReadWrite,ReadWrite,false,false,false,false,,,,,,false,2025-04-14 08:28:34.844 -0700
"000000000000000AAA",DuplicateJobMatchingRuleDefinition,434,DuplicateJobMatchingRuleDefinition,,,,DuplicateJobMatchingRuleDefinition,Duplicate Job Matching Rule Definition,Duplicate Job Matching Rule Definition,Duplicate Job Matching Rule Definitions,,false,false,false,false,false,,"0PP",false,false,false,true,false,false,false,true,false,false,false,false,true,false,/{ID},/{ID}/e,/0PP/e,,,,DuplicateJobMatchingRuleDefinition.005UZ00000BrdXxYAJ,System,false,ReadWrite,ReadWrite,false,false,false,false,,,,,,false,2025-04-14 08:28:34.342 -0700
"000000000000000AAA",SBQQ__PricingGuidance__History,1109,"01I1L0000032yvr.History",,,SBQQ,PricingGuidance__History,History: Pricing Guidance,History: Pricing Guidance,History: Pricing Guidance,,false,false,false,false,false,,"017",false,false,true,true,false,false,false,true,true,false,true,false,true,false,/{ID},/{ID}/e,/017/e,,,,"01I1L0000032yvr.History.005UZ00000BrdXxYAJ",System,false,ReadWrite,ReadWrite,false,false,false,false,,,,,,false,2025-04-14 08:28:36.606 -0700
"000000000000000AAA",WorkAccessChangeEvent,1425,WorkAccessChangeEvent,,,,WorkAccessChangeEvent,Access Change Event,Access Change Event,Access Change Event,,false,true,false,false,false,,"1CE",false,false,false,true,false,false,true,false,true,true,true,false,false,false,/{ID},/{ID}/e,/1CE/e,,,,WorkAccessChangeEvent.005UZ00000BrdXxYAJ,CDC,false,Private,Private,false,false,false,false,,,,,,false,2025-04-14 08:28:38.005 -0700
"000000000000000AAA",PushTopic,1199,PushTopic,,,,PushTopic,Push Topic,Push Topic,Push Topics,,false,false,false,false,false,,"0IF",false,false,false,true,false,false,false,true,true,true,true,false,true,false,/{ID},/{ID}/e,/0IF/e,,,,PushTopic.005UZ00000BrdXxYAJ,System,false,ReadWrite,ReadWrite,false,false,false,false,,,,,,false,2025-04-14 08:28:36.618 -0700
"000000000000000AAA",MktCalculatedInsightFeed,1184,MktCalculatedInsightFeed,,,,MktCalculatedInsightFeed,Calculated Insight Feed,Calculated Insight Feed,Calculated Insight Feed,,false,false,false,false,false,,"0D5",false,false,true,true,false,false,false,true,false,false,true,false,true,false,/{ID},/{ID}/e,/0D5/e,,,,MktCalculatedInsightFeed.005UZ00000BrdXxYAJ,System,false,ReadWrite,ReadWrite,false,false,false,false,,,,,,false,2025-04-14 08:28:36.617 -0700
"000000000000000AAA",FeedComment,507,FeedComment,,,,FeedComment,Feed Comment,Feed Comment,Feed Comments,,false,true,false,false,false,,"0D7",false,false,true,true,false,true,true,true,true,true,true,false,true,false,/{ID},/{ID}/e,/0D7/e,,,,FeedComment.005UZ00000BrdXxYAJ,System,false,ReadWrite,ReadWrite,false,false,false,false,,,,,,false,2025-04-14 08:28:34.508 -0700
"000000000000000AAA",ChangeRequestRelatedItem,209,ChangeRequestRelatedItem,,,,ChangeRequestRelatedItem,Change Request Related Item,Change Request Related Item,Change Request Related Items,ChangeRequestRelatedItem.SYSTEM,true,true,true,false,true,,"0tC",false,false,true,true,false,false,true,true,true,true,true,false,true,false,/{ID},/{ID}/e,/0tC/e,,,,ChangeRequestRelatedItem.005UZ00000BrdXxYAJ,System,true,ControlledByParent,ControlledByParent,false,false,false,false,,,,,,false,2025-04-14 08:28:32.504 -0700
"000000000000000AAA",BusinessProcessTypeDef,151,BusinessProcessTypeDef,,,,BusinessProcessTypeDef,Business Process Type Definition,Business Process Type Definition,Business Process Type Definitions,,false,false,false,false,false,,"0tW",false,false,false,true,false,false,false,true,true,true,true,false,true,false,/{ID},/{ID}/e,/0tW/e,,,,BusinessProcessTypeDef.005UZ00000BrdXxYAJ,System,false,ReadWrite,ReadWrite,false,false,false,false,,,,,,false,2025-04-14 08:28:32.461 -0700
"000000000000000AAA",snr__sr_KB_Global_Search_History__ChangeEvent,1552,"01IUZ000000GKHK.ChangeEvent",,,snr,sr_KB_Global_Search_History__ChangeEvent,Change Event: Knowledge Search and Replace History,Change Event: Knowledge Search and Replace History,Change Event: Knowledge Search and Replace History,,false,true,false,false,false,,"1CE",false,false,false,true,false,false,true,false,true,true,true,false,false,false,/{ID},/{ID}/e,/1CE/e,,,,"01IUZ000000GKHK.ChangeEvent.005UZ00000BrdXxYAJ",CDC,false,ReadWrite,Private,false,false,false,false,,,,,,false,2025-04-14 08:28:38.040 -0700
"000000000000000AAA",agileed__Course_Account__c,1489,"01I8X0000018Sq9",2024-10-02 08:34:06.000 -0700,"00541000001SOPlAAO",agileed,Course_Account,Course/Account,Course/Account,Course/Accounts,agileed__Course_Account__c.SYSTEM,true,true,true,true,true,Deployed,a64,false,false,true,true,false,false,true,true,true,true,true,false,true,false,/{ID},/{ID}/e,/a64/e,/01I8X0000018Sq9/e,,,"01I8X0000018Sq9.005UZ00000BrdXxYAJ",agileed,true,ControlledByParent,ControlledByParent,false,false,false,false,,,,,,false,2025-04-14 08:28:38.016 -0700
"000000000000000AAA",Pricebook2,1131,Pricebook2,,,,Pricebook2,Price Book,Price Book,Price Books,Pricebook2.SYSTEM,true,true,false,false,true,,"01s",false,false,true,true,true,true,true,true,true,true,true,false,true,true,/{ID},/{ID}/e,/01s/e,,,,Pricebook2.005UZ00000BrdXxYAJ,System,true,Read,Read,false,false,false,false,,,,,,false,2025-04-14 08:28:36.607 -0700
"000000000000000AAA",PresenceUserConfig,1116,PresenceUserConfig,,,,PresenceUserConfig,Presence Configuration,Presence Configuration,Presence Configurations,,false,false,false,false,false,,"0Nd",false,false,false,true,false,false,false,true,true,true,true,false,true,false,/{ID},/{ID}/e,/0Nd/e,,,,PresenceUserConfig.005UZ00000BrdXxYAJ,System,false,ReadWrite,ReadWrite,false,false,false,false,,,,,,false,2025-04-14 08:28:36.606 -0700
"000000000000000AAA",Meetings__ChangeEvent,947,"01I1L0000032yNo.ChangeEvent",,,,Meetings__ChangeEvent,Change Event: Meeting,Change Event: Meeting,Change Event: Meeting,,false,true,false,false,false,,"1CE",false,false,false,true,false,false,true,false,true,true,true,false,false,false,/{ID},/{ID}/e,/1CE/e,,,,"01I1L0000032yNo.ChangeEvent.005UZ00000BrdXxYAJ",CDC,false,ReadWrite,ReadWrite,false,false,false,false,,,,,,false,2025-04-14 08:28:36.502 -0700
"000000000000000AAA",Gong__Topic__History,603,"01IUZ0000004zxy.History",,,Gong,Topic__History,History: Topic,History: Topic,History: Topic,,false,false,false,false,false,,"017",false,false,true,true,false,false,false,true,true,false,true,false,true,false,/{ID},/{ID}/e,/017/e,,,,"01IUZ0000004zxy.History.005UZ00000BrdXxYAJ",System,false,ControlledByParent,ControlledByParent,false,false,false,false,,,,,,false,2025-04-14 08:28:34.607 -0700
"000000000000000AAA",SBQQ__QuoteLineGroup__c,828,"01I41000002c7iU",2024-10-12 01:17:42.000 -0700,"00541000003NPmqAAG",SBQQ,QuoteLineGroup,Quote Line Group,Quote Line Group,Quote Line Groups,SBQQ__QuoteLineGroup__c.SYSTEM,true,true,true,true,true,Deployed,a0q,false,false,true,true,false,false,true,true,true,true,true,false,true,false,/{ID},/{ID}/e,/a0q/e,/01I41000002c7iU/e,QuoteLineGroupHelp,/06641000007WPEf,"01I41000002c7iU.005UZ00000BrdXxYAJ",SBQQ,true,ControlledByParent,ControlledByParent,false,false,false,false,,,,,,false,2025-04-14 08:28:36.359 -0700
"000000000000000AAA",PendingServiceRoutingShare,1034,PendingServiceRoutingShare,,,,PendingServiceRoutingShare,Pending Service Routing Share,Pending Service Routing Share,Pending Service Routing Share,,false,false,false,false,false,,"02c",false,false,false,true,false,false,false,true,true,true,true,false,true,false,/{ID},/{ID}/e,/02c/e,,,,PendingServiceRoutingShare.005UZ00000BrdXxYAJ,System,false,Read,Read,false,false,false,false,,,,,,false,2025-04-14 08:28:36.603 -0700
"000000000000000AAA",AssetActionSource,71,AssetActionSource,,,,AssetActionSource,Asset Action Source,Asset Action Source,Asset Action Sources,AssetActionSource.SYSTEM,true,true,true,true,true,,"4nM",false,false,true,true,true,true,true,true,true,true,true,false,true,false,/{ID},/{ID}/e,/4nM/e,,,,AssetActionSource.005UZ00000BrdXxYAJ,System,true,ControlledByParent,ControlledByParent,false,false,false,false,,,,,,false,2025-04-14 08:28:32.388 -0700
"000000000000000AAA",SBQQ__ConfigurationRule__c,842,"01I41000002c7hq",2024-10-12 01:17:42.000 -0700,"00541000003NPmqAAG",SBQQ,ConfigurationRule,Configuration Rule,Configuration Rule,Configuration Rules,SBQQ__ConfigurationRule__c.SYSTEM,true,true,true,true,true,Deployed,a0C,false,false,true,true,false,false,true,true,true,true,true,false,true,false,/{ID},/{ID}/e,/a0C/e,/01I41000002c7hq/e,Configuration Rule Help,/06641000007WPDd,"01I41000002c7hq.005UZ00000BrdXxYAJ",SBQQ,true,ControlledByParent,ControlledByParent,false,false,false,false,,,,,,false,2025-04-14 08:28:36.370 -0700
"000000000000000AAA",AsyncApexJob,86,AsyncApexJob,,,,AsyncApexJob,Apex Job,Apex Job,Apex Jobs,,false,false,false,false,false,,"707",false,false,false,true,false,false,false,true,false,false,false,false,true,false,/{ID},/{ID}/e,/707/e,,,,AsyncApexJob.005UZ00000BrdXxYAJ,System,false,ReadWrite,ReadWrite,false,false,false,false,,,,,,false,2025-04-14 08:28:32.390 -0700
"000000000000000AAA",BroadcastCommAudience,130,BroadcastCommAudience,,,,BroadcastCommAudience,Broadcast Communication Audience,Broadcast Communication Audience,Broadcast Communication Audiences,BroadcastCommAudience.SYSTEM,true,true,true,false,true,,"0oS",false,false,true,true,true,true,true,true,true,true,true,false,true,true,/{ID},/{ID}/e,/0oS/e,,,,BroadcastCommAudience.005UZ00000BrdXxYAJ,System,true,Read,Read,false,false,false,false,,,,,,false,2025-04-14 08:28:32.421 -0700
"000000000000000AAA",ConferenceNumber,256,ConferenceNumber,,,,ConferenceNumber,Conference Number,Conference Number,Conference Numbers,,false,false,false,false,false,,"0Ah",false,false,true,true,false,false,false,true,true,true,true,false,true,false,/{ID},/{ID}/e,/0Ah/e,,,,ConferenceNumber.005UZ00000BrdXxYAJ,System,false,ReadWrite,ReadWrite,false,false,false,false,,,,,,false,2025-04-14 08:28:32.657 -0700
"000000000000000AAA",UserEmailPreferredPersonShare,1390,UserEmailPreferredPersonShare,,,,UserEmailPreferredPersonShare,User Email Preferred Person Share,User Email Preferred Person Share,User Email Preferred Person Share,,false,false,false,false,false,,"02c",false,false,false,true,false,false,false,true,true,true,true,false,true,false,/{ID},/{ID}/e,/02c/e,,,,UserEmailPreferredPersonShare.005UZ00000BrdXxYAJ,System,false,Private,Private,false,false,false,false,,,,,,false,2025-04-14 08:28:37.990 -0700
"000000000000000AAA",AgentWorkSkill,38,AgentWorkSkill,,,,AgentWorkSkill,Agent Work Skill,Agent Work Skill,Agent Work Skills,,false,true,true,true,false,,"0Sm",false,false,true,true,false,false,true,true,true,true,true,false,true,false,/{ID},/{ID}/e,/0Sm/e,,,,AgentWorkSkill.005UZ00000BrdXxYAJ,System,false,ControlledByParent,ControlledByParent,false,false,false,false,,,,,,false,2025-04-14 08:28:32.356 -0700
"000000000000000AAA",NavigationMenuItem,1062,NavigationMenuItem,,,,NavigationMenuItem,Navigation Menu Item,Navigation Menu Item,Navigation Menu Items,,false,false,false,false,false,,"0Mi",false,false,false,true,false,false,false,true,true,true,true,false,true,false,/{ID},/{ID}/e,/0Mi/e,,,,NavigationMenuItem.005UZ00000BrdXxYAJ,System,false,ReadWrite,ReadWrite,false,false,false,false,,,,,,false,2025-04-14 08:28:36.604 -0700
"000000000000000AAA",TaskRecurrenceException,1331,TaskRecurrenceException,,,,TaskRecurrenceException,Task Recurrence Exception,Task Recurrence Exception,Task Recurrence Exception,,false,false,false,false,false,,"10y",false,false,true,true,false,false,false,true,false,false,false,false,true,false,/{ID},/{ID}/e,/10y/e,,,,TaskRecurrenceException.005UZ00000BrdXxYAJ,System,false,ReadWrite,ReadWrite,false,false,false,false,,,,,,false,2025-04-14 08:28:37.977 -0700
"000000000000000AAA",ProcessDefinition,919,ProcessDefinition,,,,ProcessDefinition,Process Definition,Process Definition,Process Definition,,false,false,false,false,false,,"04a",false,false,false,true,false,true,false,true,true,true,true,false,true,true,/{ID},/{ID}/e,/04a/e,,,,ProcessDefinition.005UZ00000BrdXxYAJ,System,false,ReadWrite,ReadWrite,false,false,false,false,,,,,,false,2025-04-14 08:28:36.468 -0700
"000000000000000AAA",Gong__Related_Opportunity__History,600,"01IUZ0000004zxx.History",,,Gong,Related_Opportunity__History,History: Gong Related Opportunities,History: Gong Related Opportunities,History: Gong Related Opportunities,,false,false,false,false,false,,"017",false,false,true,true,false,false,false,true,true,false,true,false,true,false,/{ID},/{ID}/e,/017/e,,,,"01IUZ0000004zxx.History.005UZ00000BrdXxYAJ",System,false,ControlledByParent,ControlledByParent,false,false,false,false,,,,,,false,2025-04-14 08:28:34.607 -0700
"000000000000000AAA",UserServicePresenceChangeEvent,1407,UserServicePresenceChangeEvent,,,,UserServicePresenceChangeEvent,User Presence Change Event,User Presence Change Event,User Presence Change Event,,false,true,false,false,false,,"1CE",false,false,false,true,false,false,true,false,true,true,true,false,false,false,/{ID},/{ID}/e,/1CE/e,,,,UserServicePresenceChangeEvent.005UZ00000BrdXxYAJ,CDC,false,Read,Read,false,false,false,false,,,,,,false,2025-04-14 08:28:37.999 -0700
"000000000000000AAA",PricebookEntryChangeEvent,1173,PricebookEntryChangeEvent,,,,PricebookEntryChangeEvent,Price Book Entry Change Event,Price Book Entry Change Event,Price Book Entry Change Event,,false,true,false,false,false,,"1CE",false,false,false,true,false,false,true,false,true,true,true,false,false,false,/{ID},/{ID}/e,/1CE/e,,,,PricebookEntryChangeEvent.005UZ00000BrdXxYAJ,CDC,false,ReadWrite,ReadWrite,false,false,false,false,,,,,,false,2025-04-14 08:28:36.610 -0700
"000000000000000AAA",WaveAutoInstallRequestChangeEvent,1422,WaveAutoInstallRequestChangeEvent,,,,WaveAutoInstallRequestChangeEvent,Wave Auto Install Request Change Event,Wave Auto Install Request Change Event,Wave Auto Install Request Change Event,,false,true,false,false,false,,"1CE",false,false,false,true,false,false,true,false,true,true,true,false,false,false,/{ID},/{ID}/e,/1CE/e,,,,WaveAutoInstallRequestChangeEvent.005UZ00000BrdXxYAJ,CDC,false,ReadWrite,ReadWrite,false,false,false,false,,,,,,false,2025-04-14 08:28:38.005 -0700
"000000000000000AAA",ProblemRelatedItemFeed,996,ProblemRelatedItemFeed,,,,ProblemRelatedItemFeed,Problem Related Item Feed,Problem Related Item Feed,Problem Related Item Feed,,false,false,false,false,false,,"0D5",false,false,true,true,false,false,false,true,false,false,true,false,true,false,/{ID},/{ID}/e,/0D5/e,,,,ProblemRelatedItemFeed.005UZ00000BrdXxYAJ,System,false,ControlledByParent,ControlledByParent,false,false,false,false,,,,,,false,2025-04-14 08:28:36.583 -0700
"000000000000000AAA",UserEntityAccess,1391,UserEntityAccess,,,,UserEntityAccess,User Entity Access,User Entity Access,User Entity Access,,false,false,false,false,false,,"07u",false,false,false,false,false,false,false,false,true,true,true,false,true,false,/{ID},/{ID}/e,/07u/e,,,,UserEntityAccess.005UZ00000BrdXxYAJ,MetadataCatalog,false,ReadWrite,ReadWrite,false,false,false,false,,,,,,false,2025-04-14 08:28:37.990 -0700
"000000000000000AAA",WorkPlanShare,1449,WorkPlanShare,,,,WorkPlanShare,Work Plan Share,Work Plan Share,Work Plan Share,,false,false,false,false,false,,"02c",false,false,false,true,false,false,false,true,true,true,true,false,true,false,/{ID},/{ID}/e,/02c/e,,,,WorkPlanShare.005UZ00000BrdXxYAJ,System,false,Private,Private,false,false,false,false,,,,,,false,2025-04-14 08:28:38.006 -0700
"000000000000000AAA",ServiceChannelStatus,1235,ServiceChannelStatus,,,,ServiceChannelStatus,Service Channel Status,Service Channel Status,Service Channel Statuses,,false,false,false,false,false,,"0NC",false,false,false,true,false,false,false,true,true,true,true,false,true,false,/{ID},/{ID}/e,/0NC/e,,,,ServiceChannelStatus.005UZ00000BrdXxYAJ,System,false,ReadWrite,ReadWrite,false,false,false,false,,,,,,false,2025-04-14 08:28:37.942 -0700
"000000000000000AAA",SBQQ__PriceRule__ChangeEvent,1067,"01I41000002c7iI.ChangeEvent",,,SBQQ,PriceRule__ChangeEvent,Change Event: Price Rule,Change Event: Price Rule,Change Event: Price Rule,,false,true,false,false,false,,"1CE",false,false,false,true,false,false,true,false,true,true,true,false,false,false,/{ID},/{ID}/e,/1CE/e,,,,"01I41000002c7iI.ChangeEvent.005UZ00000BrdXxYAJ",CDC,false,ReadWrite,ReadWrite,false,false,false,false,,,,,,false,2025-04-14 08:28:36.604 -0700
"000000000000000AAA",SBQQ__Cost__c,854,"01I41000002c7hs",2024-10-12 01:17:42.000 -0700,"00541000003NPmqAAG",SBQQ,Cost,Cost,Cost,Costs,SBQQ__Cost__c.SYSTEM,true,true,true,true,true,Deployed,a0E,false,false,true,true,false,false,true,true,true,true,true,false,true,false,/{ID},/{ID}/e,/a0E/e,/01I41000002c7hs/e,Cost Help,/06641000007WPDi,"01I41000002c7hs.005UZ00000BrdXxYAJ",SBQQ,true,ReadWrite,ReadWrite,false,false,false,false,,,,,,false,2025-04-14 08:28:36.379 -0700
"000000000000000AAA",AppTabMember,62,AppTabMember,,,,AppTabMember,App Tab Member,App Tab Member,App Tab Members,,false,false,false,false,false,,"06o",false,false,false,false,false,false,false,false,true,true,true,false,true,false,/{ID},/{ID}/e,/06o/e,,,,AppTabMember.005UZ00000BrdXxYAJ,System,false,ReadWrite,ReadWrite,false,false,false,false,,,,,,false,2025-04-14 08:28:32.387 -0700
"000000000000000AAA",DelegatedAccountHistory,424,DelegatedAccountHistory,,,,DelegatedAccountHistory,External Managed Account History,External Managed Account History,External Managed Account History,,false,false,false,false,false,,"017",false,false,true,true,false,false,false,true,true,false,true,false,true,false,/{ID},/{ID}/e,/017/e,,,,DelegatedAccountHistory.005UZ00000BrdXxYAJ,System,false,Private,Private,false,false,false,false,,,,,,false,2025-04-14 08:28:34.336 -0700
"000000000000000AAA",QueueRoutingConfig,1022,QueueRoutingConfig,,,,QueueRoutingConfig,Routing Configuration,Routing Configuration,Routing Configurations,,false,false,false,false,false,,"0K9",false,false,false,true,false,false,false,true,true,true,true,false,true,false,/{ID},/{ID}/e,/0K9/e,,,,QueueRoutingConfig.005UZ00000BrdXxYAJ,System,false,ReadWrite,ReadWrite,false,false,false,false,,,,,,false,2025-04-14 08:28:36.602 -0700
"000000000000000AAA",OpportunityContactRoleChangeEvent,1017,OpportunityContactRoleChangeEvent,,,,OpportunityContactRoleChangeEvent,Opportunity Contact Role Change Event,Opportunity Contact Role Change Event,Opportunity Contact Role Change Event,,false,true,false,false,false,,"1CE",false,false,false,true,false,false,true,false,true,true,true,false,false,false,/{ID},/{ID}/e,/1CE/e,,,,OpportunityContactRoleChangeEvent.005UZ00000BrdXxYAJ,CDC,false,ReadWrite,ReadWrite,false,false,false,false,,,,,,false,2025-04-14 08:28:36.602 -0700
"000000000000000AAA",LCOM_Order__ChangeEvent,698,"01IUZ000000NrQK.ChangeEvent",,,,LCOM_Order__ChangeEvent,Change Event: LCOM Order,Change Event: LCOM Order,Change Event: LCOM Order,,false,true,false,false,false,,"1CE",false,false,false,true,false,false,true,false,true,true,true,false,false,false,/{ID},/{ID}/e,/1CE/e,,,,"01IUZ000000NrQK.ChangeEvent.005UZ00000BrdXxYAJ",CDC,false,ControlledByParent,ControlledByParent,false,false,false,false,,,,,,false,2025-04-14 08:28:34.848 -0700
"000000000000000AAA",agileed__Job__ChangeEvent,1500,"01I41000001lWBY.ChangeEvent",,,agileed,Job__ChangeEvent,Change Event: Job,Change Event: Job,Change Event: Job,,false,true,false,false,false,,"1CE",false,false,false,true,false,false,true,false,true,true,true,false,false,false,/{ID},/{ID}/e,/1CE/e,,,,"01I41000001lWBY.ChangeEvent.005UZ00000BrdXxYAJ",CDC,false,ReadWrite,ReadWrite,false,false,false,false,,,,,,false,2025-04-14 08:28:38.025 -0700
"000000000000000AAA",SurveyQuestionScore,1309,SurveyQuestionScore,,,,SurveyQuestionScore,Survey Question Score,Survey Question Score,Survey Question Scores,,false,true,false,false,false,,"0Zg",false,false,true,true,false,false,true,true,false,false,true,false,true,false,/{ID},/{ID}/e,/0Zg/e,,,,SurveyQuestionScore.005UZ00000BrdXxYAJ,System,false,ReadWrite,ReadWrite,false,false,false,false,,,,,,false,2025-04-14 08:28:37.971 -0700
"000000000000000AAA",SBQQ__RecordJob__ChangeEvent,1009,"01I41000002c7ia.ChangeEvent",,,SBQQ,RecordJob__ChangeEvent,Change Event: Record Job,Change Event: Record Job,Change Event: Record Job,,false,true,false,false,false,,"1CE",false,false,false,true,false,false,true,false,true,true,true,false,false,false,/{ID},/{ID}/e,/1CE/e,,,,"01I41000002c7ia.ChangeEvent.005UZ00000BrdXxYAJ",CDC,false,ReadWrite,ReadWrite,false,false,false,false,,,,,,false,2025-04-14 08:28:36.601 -0700
"000000000000000AAA",FlowInterviewLogShare,521,FlowInterviewLogShare,,,,FlowInterviewLogShare,Flow Interview Log Share,Flow Interview Log Share,Flow Interview Log Share,,false,false,false,false,false,,"02c",false,false,false,true,false,false,false,true,true,true,true,false,true,false,/{ID},/{ID}/e,/02c/e,,,,FlowInterviewLogShare.005UZ00000BrdXxYAJ,System,false,Private,Private,false,false,false,false,,,,,,false,2025-04-14 08:28:34.532 -0700
"000000000000000AAA",Gong__Call_Participant__History,571,"01IUZ0000004zxn.History",,,Gong,Call_Participant__History,History: Participant,History: Participant,History: Participant,,false,false,false,false,false,,"017",false,false,true,true,false,false,false,true,true,false,true,false,true,false,/{ID},/{ID}/e,/017/e,,,,"01IUZ0000004zxn.History.005UZ00000BrdXxYAJ",System,false,ControlledByParent,ControlledByParent,false,false,false,false,,,,,,false,2025-04-14 08:28:34.605 -0700
"000000000000000AAA",SessionPermSetActivation,1253,SessionPermSetActivation,,,,SessionPermSetActivation,Session Permission Set Activation,Session Permission Set Activation,Session Permission Set Activations,,false,false,false,false,false,,"5Pa",false,false,false,true,false,false,false,true,true,false,true,false,true,false,/{ID},/{ID}/e,/5Pa/e,,,,SessionPermSetActivation.005UZ00000BrdXxYAJ,System,true,ReadWrite,ReadWrite,false,false,false,false,,,,,,false,2025-04-14 08:28:37.950 -0700
"000000000000000AAA",ContentDistributionView,295,ContentDistributionView,,,,ContentDistributionView,Content Delivery View,Content Delivery View,Content Delivery Views,,false,false,false,false,false,,"05H",false,false,false,true,false,false,false,true,true,true,true,false,true,false,/{ID},/{ID}/e,/05H/e,,,,ContentDistributionView.005UZ00000BrdXxYAJ,System,false,ReadWrite,ReadWrite,false,false,false,false,,,,,,false,2025-04-14 08:28:32.696 -0700
"000000000000000AAA",RelationshipDomain,911,RelationshipDomain,,,,RelationshipDomain,Relationship Domain,Relationship Domain,Relationship Domains,,false,false,false,false,false,,"0Jv",false,false,false,false,false,false,false,false,true,true,true,false,true,false,/{ID},/{ID}/e,/0Jv/e,,,,RelationshipDomain.005UZ00000BrdXxYAJ,MetadataCatalog,false,ReadWrite,ReadWrite,false,false,false,false,,,,,,false,2025-04-14 08:28:36.436 -0700
"000000000000000AAA",ExtDataShareTarget,493,ExtDataShareTarget,,,,ExtDataShareTarget,Data Share Target,Data Share Target,Data Share Targets,ExtDataShareTarget.SYSTEM,false,true,true,true,true,,"1et",false,false,true,true,true,true,true,true,true,true,true,true,true,true,/{ID},/{ID}/e,/1et/e,,,,ExtDataShareTarget.005UZ00000BrdXxYAJ,System,true,Private,Private,false,false,false,false,,,,,,false,2025-04-14 08:28:34.417 -0700
"000000000000000AAA",ContentDocument,296,ContentDocument,,,,ContentDocument,Content Document,Content Document,Content Documents,,false,true,false,false,false,,"069",false,false,false,true,false,true,true,true,false,true,true,true,true,true,/{ID},/{ID}/e,/069/e,,,,ContentDocument.005UZ00000BrdXxYAJ,System,true,Private,Private,false,false,false,false,,,,,,false,2025-04-14 08:28:32.696 -0700
"000000000000000AAA",LightningUsageByAppTypeMetrics,738,LightningUsageByAppTypeMetrics,,,,LightningUsageByAppTypeMetrics,Lightning Usage By App Type Metrics,Lightning Usage By App Type Metrics,Lightning Usage By App Type Metrics,,false,false,false,false,false,,"62C",false,false,false,true,false,false,false,true,true,true,true,false,true,false,/{ID},/{ID}/e,/62C/e,,,,LightningUsageByAppTypeMetrics.005UZ00000BrdXxYAJ,System,false,ReadWrite,ReadWrite,false,false,false,false,,,,,,false,2025-04-14 08:28:34.926 -0700
"000000000000000AAA",SBQQ__ProductOption__ChangeEvent,896,"01I41000002c7iR.ChangeEvent",,,SBQQ,ProductOption__ChangeEvent,Change Event: Product Option,Change Event: Product Option,Change Event: Product Option,,false,true,false,false,false,,"1CE",false,false,false,true,false,false,true,false,true,true,true,false,false,false,/{ID},/{ID}/e,/1CE/e,,,,"01I41000002c7iR.ChangeEvent.005UZ00000BrdXxYAJ",CDC,false,ReadWrite,ReadWrite,false,false,false,false,,,,,,false,2025-04-14 08:28:36.434 -0700
"000000000000000AAA",WorkBadgeDefinitionChangeEvent,1430,WorkBadgeDefinitionChangeEvent,,,,WorkBadgeDefinitionChangeEvent,Badge Change Event,Badge Change Event,Badge Change Event,,false,true,false,false,false,,"1CE",false,false,false,true,false,false,true,false,true,true,true,false,false,false,/{ID},/{ID}/e,/1CE/e,,,,WorkBadgeDefinitionChangeEvent.005UZ00000BrdXxYAJ,CDC,false,Read,Read,false,false,false,false,,,,,,false,2025-04-14 08:28:38.005 -0700
"000000000000000AAA",LCOM_Order_Line__History,693,"01IUZ000000NrQI.History",,,,LCOM_Order_Line__History,History: LCOM Order Line,History: LCOM Order Line,History: LCOM Order Line,,false,false,false,false,false,,"017",false,false,true,true,false,false,false,true,true,false,true,false,true,false,/{ID},/{ID}/e,/017/e,,,,"01IUZ000000NrQI.History.005UZ00000BrdXxYAJ",System,false,ControlledByParent,ControlledByParent,false,false,false,false,,,,,,false,2025-04-14 08:28:34.848 -0700
"000000000000000AAA",Gong__Gong_Custom_Settings__c,582,"01IUZ0000004zxq",2024-01-29 12:28:52.000 -0800,"0058X00000Fi8mPQAR",Gong,Gong_Custom_Settings,Gong Custom Settings,Gong Custom Settings,Gong Custom Settings,,true,false,false,false,false,Deployed,a2o,true,false,true,true,true,true,false,true,true,true,true,false,true,false,/{ID},/{ID}/e,/a2o/e,/01IUZ0000004zxq/e,,,"01IUZ0000004zxq.005UZ00000BrdXxYAJ",Gong,true,ReadWrite,ReadWrite,false,false,false,false,,,,,,false,2025-04-14 08:28:34.606 -0700
"000000000000000AAA",LCOM_Term__ChangeEvent,708,"01IUZ000000NrQN.ChangeEvent",,,,LCOM_Term__ChangeEvent,Change Event: LCOM Term,Change Event: LCOM Term,Change Event: LCOM Term,,false,true,false,false,false,,"1CE",false,false,false,true,false,false,true,false,true,true,true,false,false,false,/{ID},/{ID}/e,/1CE/e,,,,"01IUZ000000NrQN.ChangeEvent.005UZ00000BrdXxYAJ",CDC,false,ReadWrite,Private,false,false,false,false,,,,,,false,2025-04-14 08:28:34.849 -0700
"000000000000000AAA",LCOM_Suite__Share,706,"01IUZ000000NrQM.Share",,,,LCOM_Suite__Share,Share: LCOM Suite,Share: LCOM Suite,Share: LCOM Suite,,false,false,false,false,false,,"02c",false,false,false,true,false,false,false,true,true,true,true,false,true,false,/{ID},/{ID}/e,/02c/e,,,,"01IUZ000000NrQM.Share.005UZ00000BrdXxYAJ",System,false,ReadWrite,Private,false,false,false,false,,,,,,false,2025-04-14 08:28:34.849 -0700
"000000000000000AAA",DataLineageNodeSyncStatus,375,DataLineageNodeSyncStatus,,,,DataLineageNodeSyncStatus,Lineage Node Sync Status,Lineage Node Sync Status,Lineage Node Sync Statuses,,false,true,true,true,false,,"1Rf",false,false,true,true,false,false,true,true,true,true,true,false,true,true,/{ID},/{ID}/e,/1Rf/e,,,,DataLineageNodeSyncStatus.005UZ00000BrdXxYAJ,System,false,Private,Private,false,false,false,false,,,,,,false,2025-04-14 08:28:32.878 -0700
"000000000000000AAA",FieldPermissions,514,FieldPermissions,,,,FieldPermissions,Field Permissions,Field Permissions,Field Permissions,,false,false,false,false,false,,"01k",false,false,false,true,false,false,false,true,true,true,true,false,true,false,/{ID},/{ID}/e,/01k/e,,,,FieldPermissions.005UZ00000BrdXxYAJ,System,false,ReadWrite,ReadWrite,false,false,false,false,,,,,,false,2025-04-14 08:28:34.508 -0700
"000000000000000AAA",FlowInterviewLogEntry,520,FlowInterviewLogEntry,,,,FlowInterviewLogEntry,Flow Interview Log Entry,Flow Interview Log Entry,Flow Interview Log Entries,,false,false,false,false,false,,"0f6",false,false,true,true,false,false,false,true,true,true,false,false,true,false,/{ID},/{ID}/e,/0f6/e,,,,FlowInterviewLogEntry.005UZ00000BrdXxYAJ,System,false,ControlledByParent,ControlledByParent,false,false,false,false,,,,,,false,2025-04-14 08:28:34.532 -0700
"000000000000000AAA",NetworkFeedResponseMetric,969,NetworkFeedResponseMetric,,,,NetworkFeedResponseMetric,Network Feed Response Metric,Network Feed Response Metric,Network Feed Responses Metrics,,false,false,false,false,false,,"0jw",false,false,true,true,false,false,false,true,true,true,true,false,true,false,/{ID},/{ID}/e,/0jw/e,,,,NetworkFeedResponseMetric.005UZ00000BrdXxYAJ,System,false,ReadWrite,ReadWrite,false,false,false,false,,,,,,false,2025-04-14 08:28:36.540 -0700
"000000000000000AAA",SurveyQuestionChangeEvent,1304,SurveyQuestionChangeEvent,,,,SurveyQuestionChangeEvent,Survey Question Change Event,Survey Question Change Event,Survey Question Change Event,,false,true,false,false,false,,"1CE",false,false,false,true,false,false,true,false,true,true,true,false,false,false,/{ID},/{ID}/e,/1CE/e,,,,SurveyQuestionChangeEvent.005UZ00000BrdXxYAJ,CDC,false,ControlledByParent,ControlledByParent,false,false,false,false,,,,,,false,2025-04-14 08:28:37.971 -0700
"000000000000000AAA",MilestoneType,1190,MilestoneType,,,,MilestoneType,Milestone,Milestone,Milestones,,false,false,false,false,false,,"557",false,false,false,true,false,false,false,true,true,true,true,false,true,false,/{ID},/{ID}/e,/557/e,,,,MilestoneType.005UZ00000BrdXxYAJ,System,false,ReadWrite,ReadWrite,false,false,false,false,,,,,,false,2025-04-14 08:28:36.617 -0700
"000000000000000AAA",ApexTrigger,57,ApexTrigger,,,,ApexTrigger,Apex Trigger,Apex Trigger,Apex Triggers,,false,false,false,false,false,,"01q",false,false,true,true,false,true,false,true,true,true,true,false,true,true,/{ID},/{ID}/e,/01q/e,,,,ApexTrigger.005UZ00000BrdXxYAJ,System,false,ReadWrite,ReadWrite,false,false,false,false,,,,,,false,2025-04-14 08:28:32.386 -0700
"000000000000000AAA",LiveChatUserConfigProfile,768,LiveChatUserConfigProfile,,,,LiveChatUserConfigProfile,Chat User Config Profile,Chat User Config Profile,Chat User Config Profiles,,false,false,false,false,false,,"0CD",false,false,false,true,false,false,false,true,true,true,true,false,true,false,/{ID},/{ID}/e,/0CD/e,,,,LiveChatUserConfigProfile.005UZ00000BrdXxYAJ,System,false,ReadWrite,ReadWrite,false,false,false,false,,,,,,false,2025-04-14 08:28:34.928 -0700
"000000000000000AAA",Learning_com_Order__History,723,"01IUZ0000003dmQ.History",,,,Learning_com_Order__History,History: Learning.com Order,History: Learning.com Order,History: Learning.com Order,,false,false,false,false,false,,"017",false,false,true,true,false,false,false,true,true,false,true,false,true,false,/{ID},/{ID}/e,/017/e,,,,"01IUZ0000003dmQ.History.005UZ00000BrdXxYAJ",System,false,ControlledByParent,ControlledByParent,false,false,false,false,,,,,,false,2025-04-14 08:28:34.849 -0700
"000000000000000AAA",Topic,1345,Topic,,,,Topic,Topic,Topic,Topics,,false,true,true,false,false,,"0TO",false,false,true,true,false,true,true,true,true,true,true,true,true,true,/{ID},/{ID}/e,/0TO/e,,,,Topic.005UZ00000BrdXxYAJ,System,true,ReadWrite,ReadWrite,false,false,false,false,,,,,,false,2025-04-14 08:28:37.984 -0700
"000000000000000AAA",TableauHostMapping,1325,TableauHostMapping,,,,TableauHostMapping,Tableau Host Mapping,Tableau Host Mapping,Tableau Host Mappings,,false,true,true,true,false,,"0ZP",false,false,true,true,false,false,true,true,true,true,true,false,true,false,/{ID},/{ID}/e,/0ZP/e,,,,TableauHostMapping.005UZ00000BrdXxYAJ,System,false,Read,Read,false,false,false,false,,,,,,false,2025-04-14 08:28:37.973 -0700
"000000000000000AAA",ManagedContentVariantChangeEvent,797,ManagedContentVariantChangeEvent,,,,ManagedContentVariantChangeEvent,Managed Content Variant Change Event,Managed Content Variant Change Event,Managed Content Variant Change Event,,false,true,false,false,false,,"1CE",false,false,false,true,false,false,true,false,true,true,true,false,false,false,/{ID},/{ID}/e,/1CE/e,,,,ManagedContentVariantChangeEvent.005UZ00000BrdXxYAJ,CDC,false,ReadWrite,ReadWrite,false,false,false,false,,,,,,false,2025-04-14 08:28:34.929 -0700
"000000000000000AAA",Gong__Related_Contact__c,595,"01IUZ0000004zxv",2025-02-10 14:23:43.000 -0800,"005UZ00000B4tsPYAR",Gong,Related_Contact,Gong Related Contacts,Gong Related Contacts,Gong Related Contacts,Gong__Related_Contact__c.SYSTEM,true,true,true,true,true,Deployed,a2u,false,false,true,true,true,true,true,true,true,true,true,false,true,false,/{ID},/{ID}/e,/a2u/e,/01IUZ0000004zxv/e,,,"01IUZ0000004zxv.005UZ00000BrdXxYAJ",Gong,true,ControlledByParent,ControlledByParent,false,false,false,false,,,,,,false,2025-04-14 08:28:34.607 -0700
"000000000000000AAA",EntitlementChangeEvent,460,EntitlementChangeEvent,,,,EntitlementChangeEvent,Entitlement Change Event,Entitlement Change Event,Entitlement Change Event,,false,true,false,false,false,,"1CE",false,false,false,true,false,false,true,false,true,true,true,false,false,false,/{ID},/{ID}/e,/1CE/e,,,,EntitlementChangeEvent.005UZ00000BrdXxYAJ,CDC,false,ControlledByParent,ControlledByParent,false,false,false,false,,,,,,false,2025-04-14 08:28:34.397 -0700
"000000000000000AAA",WorkOrderLineItemChangeEvent,1439,WorkOrderLineItemChangeEvent,,,,WorkOrderLineItemChangeEvent,Work Order Line Item Change Event,Work Order Line Item Change Event,Work Order Line Item Change Event,,false,true,false,false,false,,"1CE",false,false,false,true,false,false,true,false,true,true,true,false,false,false,/{ID},/{ID}/e,/1CE/e,,,,WorkOrderLineItemChangeEvent.005UZ00000BrdXxYAJ,CDC,false,ControlledByParent,ControlledByParent,false,false,false,false,,,,,,false,2025-04-14 08:28:38.005 -0700
"000000000000000AAA",NetworkMember,1102,NetworkMember,,,,NetworkMember,Network Member,Network Member,Network Members,,false,true,true,false,false,,"0DO",false,false,true,true,false,false,true,true,false,true,false,false,true,false,/{ID},/{ID}/e,/0DO/e,,,,NetworkMember.005UZ00000BrdXxYAJ,System,false,ReadWrite,ReadWrite,false,false,false,false,,,,,,false,2025-04-14 08:28:36.605 -0700
"000000000000000AAA",ConsumptionRateHistory,260,ConsumptionRateHistory,,,,ConsumptionRateHistory,Consumption Rate History ID,Consumption Rate History ID,Consumption Rate History ID,,false,false,false,false,false,,"017",false,false,true,true,false,false,false,true,true,false,true,false,true,false,/{ID},/{ID}/e,/017/e,,,,ConsumptionRateHistory.005UZ00000BrdXxYAJ,System,false,ControlledByParent,ControlledByParent,false,false,false,false,,,,,,false,2025-04-14 08:28:32.665 -0700
"000000000000000AAA",RelationshipInfo,1183,RelationshipInfo,,,,RelationshipInfo,Relationship,Relationship,Relationships,,false,false,false,false,false,,"0Ju",false,false,false,false,false,false,false,false,true,true,true,false,true,false,/{ID},/{ID}/e,/0Ju/e,,,,RelationshipInfo.005UZ00000BrdXxYAJ,MetadataCatalog,false,ReadWrite,ReadWrite,false,false,false,false,,,,,,false,2025-04-14 08:28:36.617 -0700
"000000000000000AAA",Gong__Tracker__History,606,"01IUZ0000004zxz.History",,,Gong,Tracker__History,History: Tracker,History: Tracker,History: Tracker,,false,false,false,false,false,,"017",false,false,true,true,false,false,false,true,true,false,true,false,true,false,/{ID},/{ID}/e,/017/e,,,,"01IUZ0000004zxz.History.005UZ00000BrdXxYAJ",System,false,ControlledByParent,ControlledByParent,false,false,false,false,,,,,,false,2025-04-14 08:28:34.607 -0700
"000000000000000AAA",LinkedArticleFeed,744,LinkedArticleFeed,,,,LinkedArticleFeed,Linked Article Feed,Linked Article Feed,Linked Article Feed,,false,false,false,false,false,,"0D5",false,false,true,true,false,false,false,true,false,false,true,false,true,false,/{ID},/{ID}/e,/0D5/e,,,,LinkedArticleFeed.005UZ00000BrdXxYAJ,System,false,ReadWrite,ReadWrite,false,false,false,false,,,,,,false,2025-04-14 08:28:34.926 -0700
"000000000000000AAA",OpportunityLineItem,1177,OpportunityLineItem,,,,OpportunityLineItem,Opportunity Product,Opportunity Product,Opportunity Product,OpportunityLineItem.0AH41000002I56t,true,true,true,false,true,,"00k",false,false,true,true,false,false,true,true,true,true,true,false,true,true,/{ID},/{ID}/e,/00k/e,,,,OpportunityLineItem.005UZ00000BrdXxYAJ,System,true,ReadWrite,ReadWrite,false,false,false,false,,,,,,false,2025-04-14 08:28:36.617 -0700
"000000000000000AAA",OmniSupervisorConfigTab,1053,OmniSupervisorConfigTab,,,,OmniSupervisorConfigTab,Omni Supervisor Configuration Tab,Omni Supervisor Configuration Tab,Omni Supervisor Configuration Tab,,false,false,false,false,false,,"18L",false,false,false,true,false,false,false,true,true,true,true,false,true,false,/{ID},/{ID}/e,/18L/e,,,,OmniSupervisorConfigTab.005UZ00000BrdXxYAJ,System,false,ReadWrite,ReadWrite,false,false,false,false,,,,,,false,2025-04-14 08:28:36.603 -0700
"000000000000000AAA",ClientBrowser,218,ClientBrowser,,,,ClientBrowser,Client Browser,Client Browser,Client Browser,,false,false,false,false,false,,"713",false,false,false,true,false,false,false,true,false,false,true,false,true,false,/{ID},/{ID}/e,/713/e,,,,ClientBrowser.005UZ00000BrdXxYAJ,System,false,ReadWrite,ReadWrite,false,false,false,false,,,,,,false,2025-04-14 08:28:32.505 -0700
"000000000000000AAA",ForecastingTypeSource,558,ForecastingTypeSource,,,,ForecastingTypeSource,Forecasting Type Source,Forecasting Type Source,Forecasting Type Sources,,false,false,false,false,false,,"0hl",false,false,false,true,false,false,false,true,true,true,true,false,true,false,/{ID},/{ID}/e,/0hl/e,,,,ForecastingTypeSource.005UZ00000BrdXxYAJ,System,false,ReadWrite,ReadWrite,false,false,false,false,,,,,,false,2025-04-14 08:28:34.534 -0700
"000000000000000AAA",MacroUsageShare,790,MacroUsageShare,,,,MacroUsageShare,Macro Usage Share,Macro Usage Share,Macro Usage Share,,false,false,false,false,false,,"02c",false,false,false,true,false,false,false,true,true,true,true,false,true,false,/{ID},/{ID}/e,/02c/e,,,,MacroUsageShare.005UZ00000BrdXxYAJ,System,false,Private,Private,false,false,false,false,,,,,,false,2025-04-14 08:28:34.929 -0700
"000000000000000AAA",ContractChangeEvent,312,ContractChangeEvent,,,,ContractChangeEvent,Contract Change Event,Contract Change Event,Contract Change Event,,false,true,false,false,false,,"1CE",false,false,false,true,false,false,true,false,true,true,true,false,false,false,/{ID},/{ID}/e,/1CE/e,,,,ContractChangeEvent.005UZ00000BrdXxYAJ,CDC,false,ReadWrite,ReadWrite,false,false,false,false,,,,,,false,2025-04-14 08:28:32.697 -0700
"000000000000000AAA",SkillRequirement,1269,SkillRequirement,,,,SkillRequirement,Skill Requirement,Skill Requirement,Skill Requirements,SkillRequirement.SYSTEM,true,true,true,true,true,,"0Hx",false,false,true,true,true,true,true,true,true,true,true,false,true,true,/{ID},/{ID}/e,/0Hx/e,,,,SkillRequirement.005UZ00000BrdXxYAJ,System,true,ControlledByParent,ControlledByParent,false,false,false,false,,,,,,false,2025-04-14 08:28:37.959 -0700
"000000000000000AAA",DataShellTntUpgradeEvent,394,DataShellTntUpgradeEvent,,,,DataShellTntUpgradeEvent,Shell Tenant Upgrade Event,Shell Tenant Upgrade Event,Shell Tenant Upgrade Events,,false,true,false,false,false,,"1D8",false,false,false,false,false,false,true,false,true,false,false,false,false,false,/{ID},/{ID}/e,/1D8/e,,,,DataShellTntUpgradeEvent.005UZ00000BrdXxYAJ,Conduit,false,ReadWrite,ReadWrite,false,false,false,false,,,,,,false,2025-04-14 08:28:32.963 -0700
"000000000000000AAA",EventChangeEvent,473,EventChangeEvent,,,,EventChangeEvent,Event Change Event,Event Change Event,Event Change Event,,false,true,false,false,false,,"1CE",false,false,false,true,false,false,true,false,true,true,true,false,false,false,/{ID},/{ID}/e,/1CE/e,,,,EventChangeEvent.005UZ00000BrdXxYAJ,CDC,false,ControlledByParent,ControlledByParent,false,false,false,false,,,,,,false,2025-04-14 08:28:34.403 -0700
"000000000000000AAA",LeadStatus,717,LeadStatus,,,,LeadStatus,Lead Status Value,Lead Status Value,Lead Status Value,,false,false,false,false,false,,"01J",false,false,false,true,false,false,false,true,false,false,false,false,true,false,/{ID},/{ID}/e,/01J/e,,,,LeadStatus.005UZ00000BrdXxYAJ,System,false,ReadWrite,ReadWrite,false,false,false,false,,,,,,false,2025-04-14 08:28:34.849 -0700
"000000000000000AAA",rcsfl__AdminUISetting__Share,1547,"01I8X000003FV6s.Share",,,rcsfl,AdminUISetting__Share,Share: AdminUISetting,Share: AdminUISetting,Share: AdminUISetting,,false,false,false,false,false,,"02c",false,false,false,true,false,false,false,true,true,true,true,false,true,false,/{ID},/{ID}/e,/02c/e,,,,"01I8X000003FV6s.Share.005UZ00000BrdXxYAJ",System,false,ReadWrite,Private,false,false,false,false,,,,,,false,2025-04-14 08:28:38.040 -0700
"000000000000000AAA",DataShrMappingStatusEvent,395,DataShrMappingStatusEvent,,,,DataShrMappingStatusEvent,Data Share Mapping Status Event,Data Share Mapping Status Event,Data Share Mapping Status Events,,false,true,false,false,false,,"2e2",false,false,false,false,false,false,true,false,true,false,false,false,false,false,/{ID},/{ID}/e,/2e2/e,,,,DataShrMappingStatusEvent.005UZ00000BrdXxYAJ,Conduit,false,ReadWrite,ReadWrite,false,false,false,false,,,,,,false,2025-04-14 08:28:32.963 -0700
"000000000000000AAA",agileed__Course_Classification__c,1491,"01I8X0000018SqA",2024-10-02 08:34:06.000 -0700,"00541000001SOPlAAO",agileed,Course_Classification,Course Classification,Course Classification,Course Classifications,agileed__Course_Classification__c.SYSTEM,true,true,true,true,true,Deployed,a65,false,false,true,true,true,true,true,true,true,true,true,false,true,false,/{ID},/{ID}/e,/a65/e,/01I8X0000018SqA/e,,,"01I8X0000018SqA.005UZ00000BrdXxYAJ",agileed,true,ControlledByParent,ControlledByParent,false,false,false,false,,,,,,false,2025-04-14 08:28:38.016 -0700
"000000000000000AAA",CallCenter,162,CallCenter,,,,CallCenter,Call Center,Call Center,Call Centers,,false,false,false,false,false,,"04v",false,false,true,true,false,false,false,true,true,false,false,false,true,false,/{ID},/{ID}/e,/04v/e,,,,CallCenter.005UZ00000BrdXxYAJ,System,false,ReadWrite,ReadWrite,false,false,false,false,,,,,,false,2025-04-14 08:28:32.463 -0700
"000000000000000AAA",SBQQ__ImportFormat__c,850,"01I41000002c7i9",2024-10-12 01:17:42.000 -0700,"00541000003NPmqAAG",SBQQ,ImportFormat,Import Format,Import Format,Import Formats,SBQQ__ImportFormat__c.SYSTEM,true,true,true,true,true,Deployed,a0V,false,false,true,true,false,false,true,true,true,true,true,false,true,true,/{ID},/{ID}/e,/a0V/e,/01I41000002c7i9/e,ImportFormatHelp,/06641000007WPE8,"01I41000002c7i9.005UZ00000BrdXxYAJ",SBQQ,true,ReadWrite,ReadWrite,false,false,false,false,,,,,,false,2025-04-14 08:28:36.373 -0700
"000000000000000AAA",SBQQ__DiscountTier__c,864,"01I41000002c7i0",2024-10-12 01:17:42.000 -0700,"00541000003NPmqAAG",SBQQ,DiscountTier,Discount Tier,Discount Tier,Discount Tiers,SBQQ__DiscountTier__c.SYSTEM,true,true,true,true,true,Deployed,a0M,false,false,true,true,false,false,true,true,true,true,true,false,true,false,/{ID},/{ID}/e,/a0M/e,/01I41000002c7i0/e,DiscountTierHelp,/06641000007WPDq,"01I41000002c7i0.005UZ00000BrdXxYAJ",SBQQ,true,ControlledByParent,ControlledByParent,false,false,false,false,,,,,,false,2025-04-14 08:28:36.385 -0700
"000000000000000AAA",X2020_Upsell_Pipeline_Snapshot__c,1479,"01I1L000002uaA4",2020-08-21 08:12:32.000 -0700,"0051L000007gwhLQAQ",,X2020_Upsell_Pipeline_Snapshot,"2020 Upsell Pipeline Snapshot","2020 Upsell Pipeline Snapshot","2020 Upsell Pipeline Snapshots",X2020_Upsell_Pipeline_Snapshot__c.SYSTEM,true,true,true,true,true,Deployed,a5U,false,false,true,true,false,false,true,true,true,true,true,false,true,false,/{ID},/{ID}/e,/a5U/e,/01I1L000002uaA4/e,,,"01I1L000002uaA4.005UZ00000BrdXxYAJ",<local>,true,ReadWrite,Private,false,false,false,false,,,,,,false,2025-04-14 08:28:38.016 -0700
"000000000000000AAA",DataLineageNodeSyncStatusHistory,377,DataLineageNodeSyncStatusHistory,,,,DataLineageNodeSyncStatusHistory,__MISSING LABEL__ PropertyFile - val DataLineageNodeSyncStatus not found in section StandardHistoryLabel,__MISSING LABEL__ PropertyFile - val DataLineageNodeSyncStatus not found in section StandardHistoryLabel,__MISSING LABEL__ PropertyFile - val DataLineageNodeSyncStatus not found in section StandardHistoryLabel,,false,false,false,false,false,,"017",false,false,true,true,false,false,false,true,true,false,true,false,true,false,/{ID},/{ID}/e,/017/e,,,,DataLineageNodeSyncStatusHistory.005UZ00000BrdXxYAJ,System,false,Private,Private,false,false,false,false,,,,,,false,2025-04-14 08:28:32.879 -0700
"000000000000000AAA",AuthorizationFormTextChangeEvent,113,AuthorizationFormTextChangeEvent,,,,AuthorizationFormTextChangeEvent,Authorization Form Text Change Event,Authorization Form Text Change Event,Authorization Form Text Change Event,,false,true,false,false,false,,"1CE",false,false,false,true,false,false,true,false,true,true,true,false,false,false,/{ID},/{ID}/e,/1CE/e,,,,AuthorizationFormTextChangeEvent.005UZ00000BrdXxYAJ,CDC,false,ControlledByParent,ControlledByParent,false,false,false,false,,,,,,false,2025-04-14 08:28:32.420 -0700
"000000000000000AAA",UnifiedTaskParticipant,1367,UnifiedTaskParticipant,,,,UnifiedTaskParticipant,Unified Task Participant,Unified Task Participant,Unified Task Participants,,false,false,false,false,false,,"1ah",false,false,false,true,false,false,false,false,true,true,true,false,true,false,/{ID},/{ID}/e,/1ah/e,,,,UnifiedTaskParticipant.005UZ00000BrdXxYAJ,System,false,ReadWrite,ReadWrite,false,false,false,false,,,,,,false,2025-04-14 08:28:37.989 -0700
"000000000000000AAA",ImageShare,638,ImageShare,,,,ImageShare,Image Share,Image Share,Image Share,,false,false,false,false,false,,"02c",false,false,false,true,false,false,false,true,true,true,true,false,true,false,/{ID},/{ID}/e,/02c/e,,,,ImageShare.005UZ00000BrdXxYAJ,System,false,Private,Private,false,false,false,false,,,,,,false,2025-04-14 08:28:34.764 -0700
"000000000000000AAA",ForecastingDisplayedFamily,544,ForecastingDisplayedFamily,,,,ForecastingDisplayedFamily,Forecasting Displayed Family,Forecasting Displayed Family,Forecasting Displayed Families,,false,false,false,false,false,,"0Zx",false,false,false,true,false,false,false,true,true,false,true,false,true,false,/{ID},/{ID}/e,/0Zx/e,,,,ForecastingDisplayedFamily.005UZ00000BrdXxYAJ,System,false,ReadWrite,ReadWrite,false,false,false,false,,,,,,false,2025-04-14 08:28:34.533 -0700
"000000000000000AAA",NavigationMenuItemLocalization,1075,NavigationMenuItemLocalization,,,,NavigationMenuItemLocalization,Translation,Translation,Translation,,false,false,false,false,false,,"01j",false,false,true,true,false,false,false,true,true,true,true,false,true,false,/{ID},/{ID}/e,/01j/e,,,,NavigationMenuItemLocalization.005UZ00000BrdXxYAJ,System,false,ReadWrite,ReadWrite,false,false,false,false,,,,,,false,2025-04-14 08:28:36.604 -0700
"000000000000000AAA",SBQQ__CustomAction__c,876,"01I41000002c7hu",2024-10-12 01:17:42.000 -0700,"00541000003NPmqAAG",SBQQ,CustomAction,Custom Action,Custom Action,Custom Actions,SBQQ__CustomAction__c.SYSTEM,true,true,true,true,true,Deployed,a0G,false,false,true,true,false,false,true,true,true,true,true,false,true,true,/{ID},/{ID}/e,/a0G/e,/01I41000002c7hu/e,CustomActionsHelp,/06641000007WPDl,"01I41000002c7hu.005UZ00000BrdXxYAJ",SBQQ,true,ReadWrite,ReadWrite,false,false,false,false,,,,,,false,2025-04-14 08:28:36.395 -0700
"000000000000000AAA",SBQQ__ProcessInputCondition__c,804,"01I41000002c7iL",2024-10-12 01:17:42.000 -0700,"00541000003NPmqAAG",SBQQ,ProcessInputCondition,Process Input Condition,Process Input Condition,Process Input Conditions,SBQQ__ProcessInputCondition__c.SYSTEM,true,true,true,true,true,Deployed,a0h,false,false,true,true,false,false,true,true,true,true,true,false,true,false,/{ID},/{ID}/e,/a0h/e,/01I41000002c7iL/e,Process Input Help,/06641000007WPEW,"01I41000002c7iL.005UZ00000BrdXxYAJ",SBQQ,true,ControlledByParent,ControlledByParent,false,false,false,false,,,,,,false,2025-04-14 08:28:36.332 -0700
"000000000000000AAA",ConvMessageSendRequest,324,ConvMessageSendRequest,,,,ConvMessageSendRequest,Conversation Message Send Request,Conversation Message Send Request,Conversation Message Send Requests,,false,false,false,false,false,,"1sr",false,false,true,true,false,false,false,true,true,true,true,false,true,false,/{ID},/{ID}/e,/1sr/e,,,,ConvMessageSendRequest.005UZ00000BrdXxYAJ,System,false,ReadWrite,ReadWrite,false,false,false,false,,,,,,false,2025-04-14 08:28:32.735 -0700
"000000000000000AAA",ProblemIncidentHistory,971,ProblemIncidentHistory,,,,ProblemIncidentHistory,Problem Incident History,Problem Incident History,Problem Incident History,,false,false,false,false,false,,"017",false,false,true,true,false,false,false,true,true,false,true,false,true,false,/{ID},/{ID}/e,/017/e,,,,ProblemIncidentHistory.005UZ00000BrdXxYAJ,System,false,ControlledByParent,ControlledByParent,false,false,false,false,,,,,,false,2025-04-14 08:28:36.540 -0700
"000000000000000AAA",FlowDefinitionView,517,FlowDefinitionView,,,,FlowDefinitionView,Flow Definition,Flow Definition,Flow Definitions,,false,false,false,false,false,,"3dd",false,false,false,false,false,false,false,false,true,true,true,false,true,false,/{ID},/{ID}/e,/3dd/e,,,,FlowDefinitionView.005UZ00000BrdXxYAJ,MetadataCatalog,false,ReadWrite,ReadWrite,false,false,false,false,,,,,,false,2025-04-14 08:28:34.532 -0700
"000000000000000AAA",FieldDefinition,513,FieldDefinition,,,,FieldDefinition,Field Definition,Field Definition,Field Definitions,,false,false,false,false,false,,"4fe",false,false,false,false,false,true,false,false,true,true,false,false,true,false,/{ID},/{ID}/e,/4fe/e,,,,FieldDefinition.005UZ00000BrdXxYAJ,MetadataCatalog,false,ReadWrite,ReadWrite,false,false,false,false,,,,,,false,2025-04-14 08:28:34.508 -0700
"000000000000000AAA",BatchJobStatusChangedEvent,118,BatchJobStatusChangedEvent,,,,BatchJobStatusChangedEvent,Batch Job Status Changed Event,Batch Job Status Changed Event,Batch Job Status Changed Events,,false,true,false,false,false,,"9NE",false,false,false,false,false,false,true,false,true,false,false,false,false,false,/{ID},/{ID}/e,/9NE/e,,,,BatchJobStatusChangedEvent.005UZ00000BrdXxYAJ,Conduit,false,ReadWrite,ReadWrite,false,false,false,false,,,,,,false,2025-04-14 08:28:32.420 -0700
"000000000000000AAA",OrderChangeEvent,1073,OrderChangeEvent,,,,OrderChangeEvent,Order Change Event,Order Change Event,Order Change Event,,false,true,false,false,false,,"1CE",false,false,false,true,false,false,true,false,true,true,true,false,false,false,/{ID},/{ID}/e,/1CE/e,,,,OrderChangeEvent.005UZ00000BrdXxYAJ,CDC,false,ReadWrite,ReadWrite,false,false,false,false,,,,,,false,2025-04-14 08:28:36.604 -0700
"000000000000000AAA",CommSubscriptionTimingHistory,247,CommSubscriptionTimingHistory,,,,CommSubscriptionTimingHistory,Communication Subscription Timing  History,Communication Subscription Timing  History,Communication Subscription Timing  History,,false,false,false,false,false,,"017",false,false,true,true,false,false,false,true,true,false,true,false,true,false,/{ID},/{ID}/e,/017/e,,,,CommSubscriptionTimingHistory.005UZ00000BrdXxYAJ,System,false,ControlledByParent,ControlledByParent,false,false,false,false,,,,,,false,2025-04-14 08:28:32.648 -0700
"000000000000000AAA",agileed__Batch_Update_Errors__ChangeEvent,1480,"01I41000001lWBX.ChangeEvent",,,agileed,Batch_Update_Errors__ChangeEvent,Change Event: Batch Update Errors,Change Event: Batch Update Errors,Change Event: Batch Update Errors,,false,true,false,false,false,,"1CE",false,false,false,true,false,false,true,false,true,true,true,false,false,false,/{ID},/{ID}/e,/1CE/e,,,,"01I41000001lWBX.ChangeEvent.005UZ00000BrdXxYAJ",CDC,false,ReadWrite,ReadWrite,false,false,false,false,,,,,,false,2025-04-14 08:28:38.016 -0700
"000000000000000AAA",codesters__Codesters_Transaction_Line_Item__c,1523,"01I8X000003YKb2",2023-11-15 17:05:30.000 -0800,"0051L000007gwhLQAQ",codesters,Codesters_Transaction_Line_Item,Codesters Transaction Line Item,Codesters Transaction Line Item,Codesters Transaction Line Items,codesters__Codesters_Transaction_Line_Item__c.SYSTEM,true,true,true,true,true,Deployed,a2M,false,false,true,true,false,false,true,true,true,true,true,false,true,false,/{ID},/{ID}/e,/a2M/e,/01I8X000003YKb2/e,,,"01I8X000003YKb2.005UZ00000BrdXxYAJ",codesters,true,ControlledByParent,ControlledByParent,false,false,false,false,,,,,,false,2025-04-14 08:28:38.031 -0700
"000000000000000AAA",SkillProfile,1268,SkillProfile,,,,SkillProfile,Skill Profile,Skill Profile,Skill Profiles,,false,false,false,false,false,,"0CA",false,false,false,true,false,false,false,true,true,true,true,false,true,false,/{ID},/{ID}/e,/0CA/e,,,,SkillProfile.005UZ00000BrdXxYAJ,System,false,ReadWrite,ReadWrite,false,false,false,false,,,,,,false,2025-04-14 08:28:37.955 -0700
"000000000000000AAA",ContactPointConsentHistory,275,ContactPointConsentHistory,,,,ContactPointConsentHistory,Contact Point Consent  History,Contact Point Consent  History,Contact Point Consent  History,,false,false,false,false,false,,"017",false,false,true,true,false,false,false,true,true,false,true,false,true,false,/{ID},/{ID}/e,/017/e,,,,ContactPointConsentHistory.005UZ00000BrdXxYAJ,System,false,Private,Private,false,false,false,false,,,,,,false,2025-04-14 08:28:32.686 -0700
"000000000000000AAA",GroupMember,613,GroupMember,,,,GroupMember,Group Member,Group Member,Group Member,,false,false,false,false,false,,"011",false,false,true,true,false,false,false,true,true,false,true,false,true,false,/{ID},/{ID}/e,/011/e,,,,GroupMember.005UZ00000BrdXxYAJ,System,false,ReadWrite,ReadWrite,false,false,false,false,,,,,,false,2025-04-14 08:28:34.675 -0700
"000000000000000AAA",SBQQ__QuoteProcess__c,812,"01I41000002c7iW",2024-10-12 01:17:42.000 -0700,"00541000003NPmqAAG",SBQQ,QuoteProcess,Quote Process,Quote Process,Quote Processes,SBQQ__QuoteProcess__c.SYSTEM,true,true,true,true,true,Deployed,a0s,false,false,true,true,true,true,true,true,true,true,true,false,true,true,/{ID},/{ID}/e,/a0s/e,/01I41000002c7iW/e,Quote Process Help,/06641000007WPEi,"01I41000002c7iW.005UZ00000BrdXxYAJ",SBQQ,true,ReadWrite,ReadWrite,false,false,false,false,,,,,,false,2025-04-14 08:28:36.334 -0700
"000000000000000AAA",AnalyticsWorkspace,44,AnalyticsWorkspace,,,,AnalyticsWorkspace,Analytics Workspace,Analytics Workspace,Analytics Workspaces,,false,false,false,false,false,,"1Dy",false,false,false,true,false,true,false,true,true,true,true,false,true,true,/{ID},/{ID}/e,/1Dy/e,,,,AnalyticsWorkspace.005UZ00000BrdXxYAJ,System,false,ReadWrite,ReadWrite,false,false,false,false,,,,,,false,2025-04-14 08:28:32.360 -0700
"000000000000000AAA",AuthorizationFormText,112,AuthorizationFormText,,,,AuthorizationFormText,Authorization Form Text,Authorization Form Text,Authorization Form Texts,AuthorizationFormText.SYSTEM,true,true,true,true,true,,"0cN",false,false,true,true,true,true,true,true,true,true,true,false,true,true,/{ID},/{ID}/e,/0cN/e,,,,AuthorizationFormText.005UZ00000BrdXxYAJ,System,true,ControlledByParent,ControlledByParent,false,false,false,false,,,,,,false,2025-04-14 08:28:32.420 -0700
"000000000000000AAA",ActionLinkGroupTemplate,23,ActionLinkGroupTemplate,,,,ActionLinkGroupTemplate,Action Link Group Template,Action Link Group Template,Action Link Group Templates,,false,false,false,false,false,,"07g",false,false,false,true,false,false,false,true,true,true,true,false,true,true,/{ID},/{ID}/e,/07g/e,,,,ActionLinkGroupTemplate.005UZ00000BrdXxYAJ,System,true,ReadWrite,ReadWrite,false,false,false,false,,,,,,false,2025-04-14 08:28:32.335 -0700
"000000000000000AAA",Gong__Related_Contact__History,594,"01IUZ0000004zxv.History",,,Gong,Related_Contact__History,History: Gong Related Contacts,History: Gong Related Contacts,History: Gong Related Contacts,,false,false,false,false,false,,"017",false,false,true,true,false,false,false,true,true,false,true,false,true,false,/{ID},/{ID}/e,/017/e,,,,"01IUZ0000004zxv.History.005UZ00000BrdXxYAJ",System,false,ControlledByParent,ControlledByParent,false,false,false,false,,,,,,false,2025-04-14 08:28:34.607 -0700
"000000000000000AAA",SBQQ__TaxExemptionCertificate__ChangeEvent,1093,"01I41000002TCbk.ChangeEvent",,,SBQQ,TaxExemptionCertificate__ChangeEvent,Change Event: Tax Exemption Certificate,Change Event: Tax Exemption Certificate,Change Event: Tax Exemption Certificate,,false,true,false,false,false,,"1CE",false,false,false,true,false,false,true,false,true,true,true,false,false,false,/{ID},/{ID}/e,/1CE/e,,,,"01I41000002TCbk.ChangeEvent.005UZ00000BrdXxYAJ",CDC,false,ControlledByParent,ControlledByParent,false,false,false,false,,,,,,false,2025-04-14 08:28:36.605 -0700
"000000000000000AAA",ObjectMetadataTag,912,ObjectMetadataTag,,,,ObjectMetadataTag,Object Metadata Tag,Object Metadata Tag,Object Metadata Tag,,false,false,false,false,false,,"15w",false,false,true,false,false,false,false,true,true,true,true,false,true,false,/{ID},/{ID}/e,/15w/e,,,,ObjectMetadataTag.005UZ00000BrdXxYAJ,System,false,ReadWrite,ReadWrite,false,false,false,false,,,,,,false,2025-04-14 08:28:36.436 -0700
"000000000000000AAA",UserCustomBadge,1382,UserCustomBadge,,,,UserCustomBadge,Custom User Badge,Custom User Badge,Custom User Badges,,false,false,false,false,false,,"0MQ",false,false,false,true,false,false,false,true,true,true,true,false,true,false,/{ID},/{ID}/e,/0MQ/e,,,,UserCustomBadge.005UZ00000BrdXxYAJ,System,false,ReadWrite,ReadWrite,false,false,false,false,,,,,,false,2025-04-14 08:28:37.990 -0700
"000000000000000AAA",WorkBadgeDefinition,1429,WorkBadgeDefinition,,,,WorkBadgeDefinition,Badge,Badge,Badges,WorkBadgeDefinition.SYSTEM,true,true,true,true,true,,"0W1",false,false,true,true,true,true,true,true,true,true,true,true,true,true,/{ID},/{ID}/e,/0W1/e,,,,WorkBadgeDefinition.005UZ00000BrdXxYAJ,System,true,Read,Read,false,false,false,false,,,,,,false,2025-04-14 08:28:38.005 -0700
"000000000000000AAA",HubSpot_Inc__HubSpot_Intelligence__c,619,"01I41000001lsOT",2016-12-02 16:56:57.000 -0800,"00541000000K0azAAC",HubSpot_Inc,HubSpot_Intelligence,HubSpot Intelligence,HubSpot Intelligence,HubSpot Intelligence,HubSpot_Inc__HubSpot_Intelligence__c.SYSTEM,true,true,true,true,true,Deployed,a08,false,false,true,true,true,true,true,true,true,true,true,false,true,true,/{ID},/{ID}/e,/a08/e,/01I41000001lsOT/e,,,"01I41000001lsOT.005UZ00000BrdXxYAJ",HubSpot_Inc,true,ReadWrite,ReadWrite,false,false,false,false,,,,,,false,2025-04-14 08:28:34.763 -0700
"000000000000000AAA",OmniSupervisorConfigProfile,1072,OmniSupervisorConfigProfile,,,,OmniSupervisorConfigProfile,Omni Supervisor Configuration for Profile,Omni Supervisor Configuration for Profile,Omni Supervisor Configuration for Profiles,,false,false,false,false,false,,"0QC",false,false,false,true,false,false,false,true,true,true,true,false,true,false,/{ID},/{ID}/e,/0QC/e,,,,OmniSupervisorConfigProfile.005UZ00000BrdXxYAJ,System,false,ReadWrite,ReadWrite,false,false,false,false,,,,,,false,2025-04-14 08:28:36.604 -0700
"000000000000000AAA",WorkThanksChangeEvent,1470,WorkThanksChangeEvent,,,,WorkThanksChangeEvent,Thanks Change Event,Thanks Change Event,Thanks Change Event,,false,true,false,false,false,,"1CE",false,false,false,true,false,false,true,false,true,true,true,false,false,false,/{ID},/{ID}/e,/1CE/e,,,,WorkThanksChangeEvent.005UZ00000BrdXxYAJ,CDC,false,Read,Read,false,false,false,false,,,,,,false,2025-04-14 08:28:38.015 -0700
"000000000000000AAA",LeadFeed,714,LeadFeed,,,,LeadFeed,Lead Feed,Lead Feed,Lead Feed,,false,false,false,false,false,,"0D5",false,false,true,true,false,false,false,true,false,false,true,false,true,false,/{ID},/{ID}/e,/0D5/e,,,,LeadFeed.005UZ00000BrdXxYAJ,System,false,Read,Read,false,false,false,false,,,,,,false,2025-04-14 08:28:34.849 -0700
"000000000000000AAA",Business_Ops_Request__History,154,"01I1L000002ykzv.History",,,,Business_Ops_Request__History,History: Business Ops Request,History: Business Ops Request,History: Business Ops Request,,false,false,false,false,false,,"017",false,false,true,true,false,false,false,true,true,false,true,false,true,false,/{ID},/{ID}/e,/017/e,,,,"01I1L000002ykzv.History.005UZ00000BrdXxYAJ",System,false,ReadWrite,Private,false,false,false,false,,,,,,false,2025-04-14 08:28:32.462 -0700
"000000000000000AAA",LCOM_Member__c,691,"01IUZ000000NrQG",2024-05-16 23:24:21.000 -0700,"005UZ000002t937YAA",,LCOM_Member,LCOM Member,LCOM Member,LCOM Members,LCOM_Member__c.SYSTEM,true,true,true,true,true,Deployed,a3b,false,false,true,true,false,false,true,true,true,true,true,false,true,false,/{ID},/{ID}/e,/a3b/e,/01IUZ000000NrQG/e,,,"01IUZ000000NrQG.005UZ00000BrdXxYAJ",<local>,true,ControlledByParent,ControlledByParent,false,false,false,false,,,,,,false,2025-04-14 08:28:34.848 -0700
"000000000000000AAA",ContentDocumentLinkChangeEvent,301,ContentDocumentLinkChangeEvent,,,,ContentDocumentLinkChangeEvent,Content Document Link Change Event,Content Document Link Change Event,Content Document Link Change Event,,false,true,false,false,false,,"1CE",false,false,false,true,false,false,true,false,true,true,true,false,false,false,/{ID},/{ID}/e,/1CE/e,,,,ContentDocumentLinkChangeEvent.005UZ00000BrdXxYAJ,CDC,false,ReadWrite,ReadWrite,false,false,false,false,,,,,,false,2025-04-14 08:28:32.697 -0700
"000000000000000AAA",SBQQ__OrderItemConsumptionSchedule__ChangeEvent,1166,"01I1L0000032xz9.ChangeEvent",,,SBQQ,OrderItemConsumptionSchedule__ChangeEvent,Change Event: Order Product Consumption Schedule,Change Event: Order Product Consumption Schedule,Change Event: Order Product Consumption Schedule,,false,true,false,false,false,,"1CE",false,false,false,true,false,false,true,false,true,true,true,false,false,false,/{ID},/{ID}/e,/1CE/e,,,,"01I1L0000032xz9.ChangeEvent.005UZ00000BrdXxYAJ",CDC,false,ReadWrite,ReadWrite,false,false,false,false,,,,,,false,2025-04-14 08:28:36.610 -0700
"000000000000000AAA",SBQQ__SubscriptionConsumptionRate__c,845,"01I1L0000032xzC",2024-10-12 01:17:42.000 -0700,"00541000003NPmqAAG",SBQQ,SubscriptionConsumptionRate,Subscription Consumption Rate,Subscription Consumption Rate,Subscription Consumption Rates,SBQQ__SubscriptionConsumptionRate__c.SYSTEM,true,true,true,true,true,Deployed,a2l,false,false,true,true,true,true,true,true,true,true,true,false,true,false,/{ID},/{ID}/e,/a2l/e,/01I1L0000032xzC/e,,,"01I1L0000032xzC.005UZ00000BrdXxYAJ",SBQQ,true,ControlledByParent,ControlledByParent,false,false,false,false,,,,,,false,2025-04-14 08:28:36.373 -0700
"000000000000000AAA",rcsfl__AdminUISetting__ChangeEvent,1546,"01I8X000003FV6s.ChangeEvent",,,rcsfl,AdminUISetting__ChangeEvent,Change Event: AdminUISetting,Change Event: AdminUISetting,Change Event: AdminUISetting,,false,true,false,false,false,,"1CE",false,false,false,true,false,false,true,false,true,true,true,false,false,false,/{ID},/{ID}/e,/1CE/e,,,,"01I8X000003FV6s.ChangeEvent.005UZ00000BrdXxYAJ",CDC,false,ReadWrite,Private,false,false,false,false,,,,,,false,2025-04-14 08:28:38.040 -0700
"000000000000000AAA",SiteDetail,1261,SiteDetail,,,,SiteDetail,Site Detail,Site Detail,Site Details,,false,false,false,false,false,,"0GV",false,false,false,false,false,false,false,false,true,true,true,false,true,false,/{ID},/{ID}/e,/0GV/e,,,,SiteDetail.005UZ00000BrdXxYAJ,System,false,ReadWrite,ReadWrite,false,false,false,false,,,,,,false,2025-04-14 08:28:37.951 -0700
"000000000000000AAA",Gong__Tracker__ChangeEvent,605,"01IUZ0000004zxz.ChangeEvent",,,Gong,Tracker__ChangeEvent,Change Event: Tracker,Change Event: Tracker,Change Event: Tracker,,false,true,false,false,false,,"1CE",false,false,false,true,false,false,true,false,true,true,true,false,false,false,/{ID},/{ID}/e,/1CE/e,,,,"01IUZ0000004zxz.ChangeEvent.005UZ00000BrdXxYAJ",CDC,false,ControlledByParent,ControlledByParent,false,false,false,false,,,,,,false,2025-04-14 08:28:34.607 -0700
"000000000000000AAA",ExplainabilityActionVersion,486,ExplainabilityActionVersion,,,,ExplainabilityActionVersion,Explainability Action Version,Explainability Action Version,Explainability Action Versions,,false,false,false,false,false,,"0tZ",false,false,false,true,false,false,false,true,true,true,true,false,true,false,/{ID},/{ID}/e,/0tZ/e,,,,ExplainabilityActionVersion.005UZ00000BrdXxYAJ,System,false,ReadWrite,ReadWrite,false,false,false,false,,,,,,false,2025-04-14 08:28:34.416 -0700
"000000000000000AAA",Lead,712,Lead,,,,Lead,Lead,Lead,Leads,Lead.0AH41000000ZaW2,true,true,true,true,true,,"00Q",false,false,true,true,true,true,true,true,true,true,true,true,true,true,/{ID},/{ID}/e,/00Q/e,,,,Lead.005UZ00000BrdXxYAJ,System,true,Read,Read,false,false,true,false,,,,,,false,2025-04-14 08:28:34.849 -0700
"000000000000000AAA",agileed__Position__c,1505,"01I41000001lWBZ",2024-10-02 08:34:06.000 -0700,"00541000001SOPlAAO",agileed,Position,Position,Position,Positions,agileed__Position__c.SYSTEM,true,true,true,true,true,Deployed,a03,false,false,true,true,true,true,true,true,true,true,true,false,true,true,/{ID},/{ID}/e,/a03/e,/01I41000001lWBZ/e,,,"01I41000001lWBZ.005UZ00000BrdXxYAJ",agileed,true,ControlledByParent,ControlledByParent,false,false,false,false,,,,,,false,2025-04-14 08:28:38.029 -0700
"000000000000000AAA",ARR_Snapshot__History,5,"01I1L000002ylfD.History",,,,ARR_Snapshot__History,History: ARR Snapshot,History: ARR Snapshot,History: ARR Snapshot,,false,false,false,false,false,,"017",false,false,true,true,false,false,false,true,true,false,true,false,true,false,/{ID},/{ID}/e,/017/e,,,,"01I1L000002ylfD.History.005UZ00000BrdXxYAJ",System,false,ReadWrite,Private,false,false,false,false,,,,,,false,2025-04-14 08:28:32.318 -0700
"000000000000000AAA",UserAppInfo,1374,UserAppInfo,,,,UserAppInfo,Last Used App,Last Used App,Last Used App,,false,false,false,false,false,,"0Ds",false,false,true,true,false,false,false,true,true,true,true,false,true,false,/{ID},/{ID}/e,/0Ds/e,,,,UserAppInfo.005UZ00000BrdXxYAJ,System,false,ReadWrite,ReadWrite,false,false,false,false,,,,,,false,2025-04-14 08:28:37.989 -0700
"000000000000000AAA",Name,964,Name,,,,Name,Name,Name,Names,,false,false,false,false,false,,,false,false,false,false,false,false,false,true,false,false,false,false,false,false,/{ID},/{ID}/e,/null/e,,,,Name.005UZ00000BrdXxYAJ,System,false,ReadWrite,ReadWrite,false,false,false,false,,,,,,false,2025-04-14 08:28:36.540 -0700
"000000000000000AAA",LCOM_Account__ChangeEvent,681,"01IUZ000000NrQD.ChangeEvent",,,,LCOM_Account__ChangeEvent,Change Event: LCOM Account,Change Event: LCOM Account,Change Event: LCOM Account,,false,true,false,false,false,,"1CE",false,false,false,true,false,false,true,false,true,true,true,false,false,false,/{ID},/{ID}/e,/1CE/e,,,,"01IUZ000000NrQD.ChangeEvent.005UZ00000BrdXxYAJ",CDC,false,ControlledByParent,ControlledByParent,false,false,false,false,,,,,,false,2025-04-14 08:28:34.845 -0700
"000000000000000AAA",UserAppMenuCustomizationShare,1377,UserAppMenuCustomizationShare,,,,UserAppMenuCustomizationShare,UserAppMenuCustomization Share,UserAppMenuCustomization Share,UserAppMenuCustomization Share,,false,false,false,false,false,,"02c",false,false,false,true,false,false,false,true,true,true,true,false,true,false,/{ID},/{ID}/e,/02c/e,,,,UserAppMenuCustomizationShare.005UZ00000BrdXxYAJ,System,false,Private,Private,false,false,false,false,,,,,,false,2025-04-14 08:28:37.989 -0700
"000000000000000AAA",AccountPartner,17,AccountPartner,,,,AccountPartner,Account Partner,Account Partner,Account Partner,,false,false,false,false,false,,"00I",false,false,false,true,false,false,false,true,true,false,true,false,true,false,/{ID},/{ID}/e,/00I/e,,,,AccountPartner.005UZ00000BrdXxYAJ,System,true,ReadWrite,ReadWrite,false,false,false,false,,,,,,false,2025-04-14 08:28:32.335 -0700
"000000000000000AAA",ListViewChart,747,ListViewChart,,,,ListViewChart,List View Chart,List View Chart,List View Charts,,false,false,false,false,false,,"0Dd",false,false,false,true,false,false,false,true,true,true,true,false,true,false,/{ID},/{ID}/e,/0Dd/e,,,,ListViewChart.005UZ00000BrdXxYAJ,System,false,ReadWrite,ReadWrite,false,false,false,false,,,,,,false,2025-04-14 08:28:34.926 -0700
"000000000000000AAA",InstalledMobileApp,661,InstalledMobileApp,,,,InstalledMobileApp,Installed Mobile App,Installed Mobile App,Installed Mobile Apps,,false,false,false,false,false,,"0El",false,false,true,true,false,false,false,true,true,true,true,false,true,false,/{ID},/{ID}/e,/0El/e,,,,InstalledMobileApp.005UZ00000BrdXxYAJ,System,false,ReadWrite,ReadWrite,false,false,false,false,,,,,,false,2025-04-14 08:28:34.765 -0700
"000000000000000AAA",DataAction,350,DataAction,,,,DataAction,Data Action,Data Action,Data Actions,DataAction.SYSTEM,false,true,true,true,true,,"3o9",false,false,true,true,true,true,true,true,true,true,true,true,true,true,/{ID},/{ID}/e,/3o9/e,,,,DataAction.005UZ00000BrdXxYAJ,System,true,ReadWrite,ReadWrite,false,false,false,false,,,,,,false,2025-04-14 08:28:32.877 -0700
"000000000000000AAA",Scheduled_Flow__c,1218,"01I1L0000032y9D",2019-03-13 14:22:29.000 -0700,"00541000003jeZTAAY",,Scheduled_Flow,Scheduled Flow,Scheduled Flow,Scheduled Flows,Scheduled_Flow__c.SYSTEM,true,true,true,true,true,Deployed,a2n,false,false,true,true,false,false,true,true,true,true,true,false,true,false,/{ID},/{ID}/e,/a2n/e,/01I1L0000032y9D/e,,,"01I1L0000032y9D.005UZ00000BrdXxYAJ",<local>,true,ReadWrite,ReadWrite,false,false,false,false,,,,,,false,2025-04-14 08:28:37.933 -0700
"000000000000000AAA",OmniSupervisorConfigUser,1032,OmniSupervisorConfigUser,,,,OmniSupervisorConfigUser,Omni Supervisor Configuration for User,Omni Supervisor Configuration for User,Omni Supervisor Configuration for Users,,false,false,false,false,false,,"0Q4",false,false,false,true,false,false,false,true,true,true,true,false,true,false,/{ID},/{ID}/e,/0Q4/e,,,,OmniSupervisorConfigUser.005UZ00000BrdXxYAJ,System,false,ReadWrite,ReadWrite,false,false,false,false,,,,,,false,2025-04-14 08:28:36.603 -0700
"000000000000000AAA",ProblemRelatedItemChangeEvent,1088,ProblemRelatedItemChangeEvent,,,,ProblemRelatedItemChangeEvent,Problem Related Item Change Event,Problem Related Item Change Event,Problem Related Item Change Event,,false,true,false,false,false,,"1CE",false,false,false,true,false,false,true,false,true,true,true,false,false,false,/{ID},/{ID}/e,/1CE/e,,,,ProblemRelatedItemChangeEvent.005UZ00000BrdXxYAJ,CDC,false,ControlledByParent,ControlledByParent,false,false,false,false,,,,,,false,2025-04-14 08:28:36.605 -0700
"000000000000000AAA",AssetStatePeriod,80,AssetStatePeriod,,,,AssetStatePeriod,Asset State Period,Asset State Period,Asset State Periods,AssetStatePeriod.SYSTEM,true,true,true,true,true,,"4nK",false,false,true,true,true,true,true,true,true,true,true,false,true,false,/{ID},/{ID}/e,/4nK/e,,,,AssetStatePeriod.005UZ00000BrdXxYAJ,System,true,ControlledByParent,ControlledByParent,false,false,false,false,,,,,,false,2025-04-14 08:28:32.389 -0700
"000000000000000AAA",SellerShare,1233,SellerShare,,,,SellerShare,Seller Share,Seller Share,Seller Share,,false,false,false,false,false,,"02c",false,false,false,true,false,false,false,true,true,true,true,false,true,false,/{ID},/{ID}/e,/02c/e,,,,SellerShare.005UZ00000BrdXxYAJ,System,false,ReadWrite,Private,false,false,false,false,,,,,,false,2025-04-14 08:28:37.934 -0700
"000000000000000AAA",UiFormulaCriterion,1353,UiFormulaCriterion,,,,UiFormulaCriterion,Ui Formula Criterion,Ui Formula Criterion,Ui Formula Criteria,,false,false,false,false,false,,"0Gp",false,false,false,true,false,false,false,true,false,false,false,false,true,false,/{ID},/{ID}/e,/0Gp/e,,,,UiFormulaCriterion.005UZ00000BrdXxYAJ,System,false,ReadWrite,ReadWrite,false,false,false,false,,,,,,false,2025-04-14 08:28:37.984 -0700
"000000000000000AAA",SBQQ__AttributeValue__ChangeEvent,928,"01I41000002c7hm.ChangeEvent",,,SBQQ,AttributeValue__ChangeEvent,Change Event: Attribute Value,Change Event: Attribute Value,Change Event: Attribute Value,,false,true,false,false,false,,"1CE",false,false,false,true,false,false,true,false,true,true,true,false,false,false,/{ID},/{ID}/e,/1CE/e,,,,"01I41000002c7hm.ChangeEvent.005UZ00000BrdXxYAJ",CDC,false,ControlledByParent,ControlledByParent,false,false,false,false,,,,,,false,2025-04-14 08:28:36.468 -0700
"000000000000000AAA",DataKitDeploymentLog,370,DataKitDeploymentLog,,,,DataKitDeploymentLog,Data Kit Deployment Log,Data Kit Deployment Log,Data Kit Deployment Logs,,true,true,true,true,false,,"1D0",false,false,true,true,false,true,true,true,true,true,true,false,true,true,/{ID},/{ID}/e,/1D0/e,,,,DataKitDeploymentLog.005UZ00000BrdXxYAJ,System,false,Private,Private,false,false,false,false,,,,,,false,2025-04-14 08:28:32.878 -0700
"000000000000000AAA",AuthorizationFormChangeEvent,101,AuthorizationFormChangeEvent,,,,AuthorizationFormChangeEvent,Authorization Form Change Event,Authorization Form Change Event,Authorization Form Change Event,,false,true,false,false,false,,"1CE",false,false,false,true,false,false,true,false,true,true,true,false,false,false,/{ID},/{ID}/e,/1CE/e,,,,AuthorizationFormChangeEvent.005UZ00000BrdXxYAJ,CDC,false,Private,Private,false,false,false,false,,,,,,false,2025-04-14 08:28:32.419 -0700
"000000000000000AAA",Knowledge__VoteStat,677,"01IUZ0000006uXO.VoteStat",,,,Knowledge__VoteStat,Vote Stat: Knowledge,Vote Stat: Knowledge,Vote Stat: Knowledge,,false,false,false,false,false,,"085",false,false,false,true,false,false,false,true,false,false,false,false,true,false,/{ID},/{ID}/e,/085/e,,,,"01IUZ0000006uXO.VoteStat.005UZ00000BrdXxYAJ",System,false,ReadWrite,ReadWrite,false,false,false,false,,,,,,false,2025-04-14 08:28:34.844 -0700
"000000000000000AAA",FlowOrchestrationWorkItem,531,FlowOrchestrationWorkItem,,,,FlowOrchestrationWorkItem,Orchestration Work Item,Orchestration Work Item,Orchestration Work Items,FlowOrchestrationWorkItem.SYSTEM,true,false,true,true,true,,"0jf",false,false,true,true,true,true,false,true,true,true,true,false,true,true,/{ID},/{ID}/e,/0jf/e,,,,FlowOrchestrationWorkItem.005UZ00000BrdXxYAJ,System,true,Private,Private,false,false,false,false,,,,,,false,2025-04-14 08:28:34.533 -0700
"000000000000000AAA",Gong__Gong_Scorecard__History,584,"01IUZ0000004zxr.History",,,Gong,Gong_Scorecard__History,History: Gong Scorecard,History: Gong Scorecard,History: Gong Scorecard,,false,false,false,false,false,,"017",false,false,true,true,false,false,false,true,true,false,true,false,true,false,/{ID},/{ID}/e,/017/e,,,,"01IUZ0000004zxr.History.005UZ00000BrdXxYAJ",System,false,ControlledByParent,ControlledByParent,false,false,false,false,,,,,,false,2025-04-14 08:28:34.606 -0700
"000000000000000AAA",SBQQ__PricingGuidance__c,832,"01I1L0000032yvr",2024-10-12 01:17:42.000 -0700,"00541000003NPmqAAG",SBQQ,PricingGuidance,Pricing Guidance,Pricing Guidance,Pricing Guidance,SBQQ__PricingGuidance__c.SYSTEM,true,true,true,true,true,Deployed,a3f,false,false,true,true,true,true,true,true,true,true,true,false,true,true,/{ID},/{ID}/e,/a3f/e,/01I1L0000032yvr/e,,,"01I1L0000032yvr.005UZ00000BrdXxYAJ",SBQQ,true,ReadWrite,ReadWrite,false,false,false,false,,,,,,false,2025-04-14 08:28:36.360 -0700
"000000000000000AAA",DataConctCredExpiryEvent,365,DataConctCredExpiryEvent,,,,DataConctCredExpiryEvent,Data Connection Credential Expiry Event,Data Connection Credential Expiry Event,Data Connection Credential Expiry Events,,false,true,false,false,false,,"1Gr",false,false,false,false,false,false,true,false,true,false,false,false,false,false,/{ID},/{ID}/e,/1Gr/e,,,,DataConctCredExpiryEvent.005UZ00000BrdXxYAJ,Conduit,false,ReadWrite,ReadWrite,false,false,false,false,,,,,,false,2025-04-14 08:28:32.878 -0700
"000000000000000AAA",LeadChangeEvent,713,LeadChangeEvent,,,,LeadChangeEvent,Lead Change Event,Lead Change Event,Lead Change Event,,false,true,false,false,false,,"1CE",false,false,false,true,false,false,true,false,true,true,true,false,false,false,/{ID},/{ID}/e,/1CE/e,,,,LeadChangeEvent.005UZ00000BrdXxYAJ,CDC,false,Read,Read,false,false,false,false,,,,,,false,2025-04-14 08:28:34.849 -0700
"000000000000000AAA",ContentFolderItem,304,ContentFolderItem,,,,ContentFolderItem,Content Folder Item,Content Folder Item,Content Folder Items,,false,false,false,false,false,,,false,false,false,true,false,false,false,true,false,false,false,false,true,false,/{ID},/{ID}/e,/null/e,,,,ContentFolderItem.005UZ00000BrdXxYAJ,System,true,ReadWrite,ReadWrite,false,false,false,false,,,,,,false,2025-04-14 08:28:32.697 -0700
"000000000000000AAA",Calendar,158,Calendar,,,,Calendar,Calendar,Calendar,Calendars,,false,false,false,false,false,,"023",false,false,false,true,false,true,false,true,true,true,true,false,true,false,/{ID},/{ID}/e,/023/e,,,,Calendar.005UZ00000BrdXxYAJ,System,false,Read,Read,false,false,false,false,,,,,,false,2025-04-14 08:28:32.462 -0700
"000000000000000AAA",SBQQ__ProductAttributeSet__c,824,"01I41000002TCbj",2024-10-12 01:17:42.000 -0700,"00541000003NPmqAAG",SBQQ,ProductAttributeSet,Product Attribute Set,Product Attribute Set,Product Attribute Sets,SBQQ__ProductAttributeSet__c.SYSTEM,true,true,true,true,true,Deployed,a1q,false,false,true,true,false,false,true,true,true,true,true,false,true,false,/{ID},/{ID}/e,/a1q/e,/01I41000002TCbj/e,,,"01I41000002TCbj.005UZ00000BrdXxYAJ",SBQQ,true,ReadWrite,ReadWrite,false,false,false,false,,,,,,false,2025-04-14 08:28:36.357 -0700
"000000000000000AAA",Learning_com_Sales_Console__Feed,726,"01I41000002yhKw.Feed",,,,Learning_com_Sales_Console__Feed,Feed: Learning.com Sales Console,Feed: Learning.com Sales Console,Feed: Learning.com Sales Console,,false,false,false,false,false,,"0D5",false,false,true,true,false,false,false,true,false,false,true,false,true,false,/{ID},/{ID}/e,/0D5/e,,,,"01I41000002yhKw.Feed.005UZ00000BrdXxYAJ",System,false,ReadWrite,ReadWrite,false,false,false,false,,,,,,false,2025-04-14 08:28:34.865 -0700
"000000000000000AAA",Switches__c,1323,"01I41000002TJuy",2017-12-12 09:00:27.000 -0800,"00541000003jYZXAA2",,Switches,Switches,Switches,Switches,,true,false,false,false,false,Deployed,a1s,true,false,true,true,true,true,false,true,true,true,true,false,true,false,/{ID},/{ID}/e,/a1s/e,/01I41000002TJuy/e,,,"01I41000002TJuy.005UZ00000BrdXxYAJ",<local>,true,ReadWrite,ReadWrite,false,false,false,false,,,,,,false,2025-04-14 08:28:37.973 -0700
"000000000000000AAA",SBQQ__ImportColumn__ChangeEvent,984,"01I41000002c7i8.ChangeEvent",,,SBQQ,ImportColumn__ChangeEvent,Change Event: Import Column,Change Event: Import Column,Change Event: Import Column,,false,true,false,false,false,,"1CE",false,false,false,true,false,false,true,false,true,true,true,false,false,false,/{ID},/{ID}/e,/1CE/e,,,,"01I41000002c7i8.ChangeEvent.005UZ00000BrdXxYAJ",CDC,false,ControlledByParent,ControlledByParent,false,false,false,false,,,,,,false,2025-04-14 08:28:36.576 -0700
"000000000000000AAA",SBQQ__AttributeSet__c,836,"01I41000002TCbi",2024-02-10 01:07:07.000 -0800,"00541000003NPmqAAG",SBQQ,AttributeSet,Attribute Set,Attribute Set,Attribute Sets,SBQQ__AttributeSet__c.SYSTEM,true,true,true,true,true,Deployed,a1p,false,false,true,true,true,true,true,true,true,true,true,false,true,true,/{ID},/{ID}/e,/a1p/e,/01I41000002TCbi/e,,,"01I41000002TCbi.005UZ00000BrdXxYAJ",SBQQ,true,ReadWrite,ReadWrite,false,false,false,false,,,,,,false,2025-04-14 08:28:36.364 -0700
"000000000000000AAA",RecommendationChangeEvent,1087,RecommendationChangeEvent,,,,RecommendationChangeEvent,Recommendation Change Event,Recommendation Change Event,Recommendation Change Event,,false,true,false,false,false,,"1CE",false,false,false,true,false,false,true,false,true,true,true,false,false,false,/{ID},/{ID}/e,/1CE/e,,,,RecommendationChangeEvent.005UZ00000BrdXxYAJ,CDC,false,ReadWrite,ReadWrite,false,false,false,false,,,,,,false,2025-04-14 08:28:36.605 -0700
"000000000000000AAA",EngagementChannelTypeShare,454,EngagementChannelTypeShare,,,,EngagementChannelTypeShare,Engagement Channel Type Share,Engagement Channel Type Share,Engagement Channel Type Share,,false,false,false,false,false,,"02c",false,false,false,true,false,false,false,true,true,true,true,false,true,false,/{ID},/{ID}/e,/02c/e,,,,EngagementChannelTypeShare.005UZ00000BrdXxYAJ,System,false,Private,Private,false,false,false,false,,,,,,false,2025-04-14 08:28:34.397 -0700
"000000000000000AAA",X2020_Upsell_Pipeline_Snapshot__History,1477,"01I1L000002uaA4.History",,,,X2020_Upsell_Pipeline_Snapshot__History,History: 2020 Upsell Pipeline Snapshot,History: 2020 Upsell Pipeline Snapshot,History: 2020 Upsell Pipeline Snapshot,,false,false,false,false,false,,"017",false,false,true,true,false,false,false,true,true,false,true,false,true,false,/{ID},/{ID}/e,/017/e,,,,"01I1L000002uaA4.History.005UZ00000BrdXxYAJ",System,false,ReadWrite,Private,false,false,false,false,,,,,,false,2025-04-14 08:28:38.016 -0700
"000000000000000AAA",SBQQ__WebQuote__c,1211,"01I41000002c7ir",2024-10-12 01:17:42.000 -0700,"00541000003NPmqAAG",SBQQ,WebQuote,Web Quote,Web Quote,Web Quotes,SBQQ__WebQuote__c.SYSTEM,true,true,true,true,true,Deployed,a1D,false,false,true,true,true,true,true,true,true,true,true,false,true,true,/{ID},/{ID}/e,/a1D/e,/01I41000002c7ir/e,,,"01I41000002c7ir.005UZ00000BrdXxYAJ",SBQQ,true,ReadWrite,ReadWrite,false,false,false,false,,,,,,false,2025-04-14 08:28:37.932 -0700
"000000000000000AAA",CronJobDetail,334,CronJobDetail,,,,CronJobDetail,Cron Job,Cron Job,Cron Job,,false,false,false,false,false,,"08a",false,false,false,true,false,false,false,true,false,false,false,false,true,false,/{ID},/{ID}/e,/08a/e,,,,CronJobDetail.005UZ00000BrdXxYAJ,System,false,ReadWrite,ReadWrite,false,false,false,false,,,,,,false,2025-04-14 08:28:32.876 -0700
"000000000000000AAA",CaseStatus,192,CaseStatus,,,,CaseStatus,Case Status Value,Case Status Value,Case Status Value,,false,false,false,false,false,,,false,false,false,true,false,false,false,true,false,false,false,false,true,false,/{ID},/{ID}/e,/null/e,,,,CaseStatus.005UZ00000BrdXxYAJ,System,false,ReadWrite,ReadWrite,false,false,false,false,,,,,,false,2025-04-14 08:28:32.478 -0700
"000000000000000AAA",QuoteTemplateRichTextData,959,QuoteTemplateRichTextData,,,,QuoteTemplateRichTextData,Quote Template Rich Text Data,Quote Template Rich Text Data,Quote Template Rich Text Data,,false,false,false,false,false,,"0QR",false,false,true,false,false,false,false,true,false,false,false,false,false,false,/{ID},/{ID}/e,/0QR/e,,,,QuoteTemplateRichTextData.005UZ00000BrdXxYAJ,System,false,ReadWrite,ReadWrite,false,false,false,false,,,,,,false,2025-04-14 08:28:36.540 -0700
"000000000000000AAA",SBQQ__DiscountCategory__ChangeEvent,952,"01I41000002c7hy.ChangeEvent",,,SBQQ,DiscountCategory__ChangeEvent,Change Event: Discount Category,Change Event: Discount Category,Change Event: Discount Category,,false,true,false,false,false,,"1CE",false,false,false,true,false,false,true,false,true,true,true,false,false,false,/{ID},/{ID}/e,/1CE/e,,,,"01I41000002c7hy.ChangeEvent.005UZ00000BrdXxYAJ",CDC,false,ReadWrite,ReadWrite,false,false,false,false,,,,,,false,2025-04-14 08:28:36.513 -0700
"000000000000000AAA",AnalyticsDashboardViewDef,41,AnalyticsDashboardViewDef,,,,AnalyticsDashboardViewDef,Analytics Dashboard Custom View,Analytics Dashboard Custom View,Analytics Dashboard Custom Views,,false,false,false,false,false,,"1OL",false,false,false,true,false,false,false,true,true,true,true,false,true,false,/{ID},/{ID}/e,/1OL/e,,,,AnalyticsDashboardViewDef.005UZ00000BrdXxYAJ,System,false,ReadWrite,ReadWrite,false,false,false,false,,,,,,false,2025-04-14 08:28:32.360 -0700
"000000000000000AAA",QuoteShare,1194,QuoteShare,,,,QuoteShare,Quote Share,Quote Share,Quote Share,,false,false,false,false,false,,"02c",false,false,false,true,false,false,false,true,true,true,true,false,true,false,/{ID},/{ID}/e,/02c/e,,,,QuoteShare.005UZ00000BrdXxYAJ,System,false,ControlledByParent,ControlledByParent,false,false,false,false,,,,,,false,2025-04-14 08:28:36.618 -0700
"000000000000000AAA",ForecastingType,557,ForecastingType,,,,ForecastingType,Forecasting Type,Forecasting Type,Forecasting Types,,false,false,false,false,false,,"0Db",false,false,false,true,false,false,false,true,true,true,true,false,true,false,/{ID},/{ID}/e,/0Db/e,,,,ForecastingType.005UZ00000BrdXxYAJ,System,false,ReadWrite,ReadWrite,false,false,false,false,,,,,,false,2025-04-14 08:28:34.534 -0700
"000000000000000AAA",VoiceCallShare,1418,VoiceCallShare,,,,VoiceCallShare,Voice Call Share,Voice Call Share,Voice Call Share,,false,false,false,false,false,,"02c",false,false,false,true,false,false,false,true,true,true,true,false,true,false,/{ID},/{ID}/e,/02c/e,,,,VoiceCallShare.005UZ00000BrdXxYAJ,System,false,ReadWrite,ReadWrite,false,false,false,false,,,,,,false,2025-04-14 08:28:38.001 -0700
"000000000000000AAA",LoginIp,778,LoginIp,,,,LoginIp,Login IP,Login IP,Login IP,,false,false,false,false,false,,"710",false,false,false,true,false,false,false,true,false,false,true,false,true,false,/{ID},/{ID}/e,/710/e,,,,LoginIp.005UZ00000BrdXxYAJ,System,false,ReadWrite,ReadWrite,false,false,false,false,,,,,,false,2025-04-14 08:28:34.928 -0700
"000000000000000AAA",AccountShare,18,AccountShare,,,,AccountShare,Account Share,Account Share,Account Share,,false,false,false,false,false,,"00r",false,false,false,true,false,false,false,true,true,true,true,false,true,false,/{ID},/{ID}/e,/00r/e,,,,AccountShare.005UZ00000BrdXxYAJ,System,false,ReadWrite,ReadWrite,false,false,false,false,,,,,,false,2025-04-14 08:28:32.335 -0700
"000000000000000AAA",SBQQ__LineColumn__ChangeEvent,1089,"01I41000002c7iB.ChangeEvent",,,SBQQ,LineColumn__ChangeEvent,Change Event: Line Column,Change Event: Line Column,Change Event: Line Column,,false,true,false,false,false,,"1CE",false,false,false,true,false,false,true,false,true,true,true,false,false,false,/{ID},/{ID}/e,/1CE/e,,,,"01I41000002c7iB.ChangeEvent.005UZ00000BrdXxYAJ",CDC,false,ControlledByParent,ControlledByParent,false,false,false,false,,,,,,false,2025-04-14 08:28:36.605 -0700
"000000000000000AAA",OauthToken,1188,OauthToken,,,,OauthToken,Oauth Token,Oauth Token,Oauth Tokens,,false,false,false,false,false,,"0CQ",false,false,false,false,false,false,false,true,true,true,false,false,true,false,/{ID},/{ID}/e,/0CQ/e,,,,OauthToken.005UZ00000BrdXxYAJ,System,false,ReadWrite,ReadWrite,false,false,false,false,,,,,,false,2025-04-14 08:28:36.617 -0700
"000000000000000AAA",SBQQ__OptionConstraint__ChangeEvent,1132,"01I41000002c7iF.ChangeEvent",,,SBQQ,OptionConstraint__ChangeEvent,Change Event: Option Constraint,Change Event: Option Constraint,Change Event: Option Constraint,,false,true,false,false,false,,"1CE",false,false,false,true,false,false,true,false,true,true,true,false,false,false,/{ID},/{ID}/e,/1CE/e,,,,"01I41000002c7iF.ChangeEvent.005UZ00000BrdXxYAJ",CDC,false,ControlledByParent,ControlledByParent,false,false,false,false,,,,,,false,2025-04-14 08:28:36.607 -0700
"000000000000000AAA",NPS_Survey_Responses__ChangeEvent,930,"01I1L000002uaSa.ChangeEvent",,,,NPS_Survey_Responses__ChangeEvent,Change Event: NPS Survey Response,Change Event: NPS Survey Response,Change Event: NPS Survey Response,,false,true,false,false,false,,"1CE",false,false,false,true,false,false,true,false,true,true,true,false,false,false,/{ID},/{ID}/e,/1CE/e,,,,"01I1L000002uaSa.ChangeEvent.005UZ00000BrdXxYAJ",CDC,false,ControlledByParent,ControlledByParent,false,false,false,false,,,,,,false,2025-04-14 08:28:36.468 -0700
"000000000000000AAA",X2020_Renewal_Pipeline_Snapshot__c,1475,"01I1L000002ua9z",2020-08-21 07:02:21.000 -0700,"0051L000007gwhLQAQ",,X2020_Renewal_Pipeline_Snapshot,"2020 Renewal Pipeline Snapshot","2020 Renewal Pipeline Snapshot","2020 Renewal Pipeline Snapshots",X2020_Renewal_Pipeline_Snapshot__c.SYSTEM,true,true,true,true,true,Deployed,a5T,false,false,true,true,false,false,true,true,true,true,true,false,true,false,/{ID},/{ID}/e,/a5T/e,/01I1L000002ua9z/e,,,"01I1L000002ua9z.005UZ00000BrdXxYAJ",<local>,true,ReadWrite,Private,false,false,false,false,,,,,,false,2025-04-14 08:28:38.015 -0700
"000000000000000AAA",ApexPageInfo,51,ApexPageInfo,,,,ApexPageInfo,Apex Page Info,Apex Page Info,Apex Pages Info,,false,false,false,false,false,,"4ve",false,false,false,false,false,false,false,false,true,true,false,false,true,false,/{ID},/{ID}/e,/4ve/e,,,,ApexPageInfo.005UZ00000BrdXxYAJ,System,false,ReadWrite,ReadWrite,false,false,false,false,,,,,,false,2025-04-14 08:28:32.361 -0700
"000000000000000AAA",FlowOrchestrationStepInstanceShare,530,FlowOrchestrationStepInstanceShare,,,,FlowOrchestrationStepInstanceShare,Orchestration Step Run Share,Orchestration Step Run Share,Orchestration Step Run Share,,false,false,false,false,false,,"02c",false,false,false,true,false,false,false,true,true,true,true,false,true,false,/{ID},/{ID}/e,/02c/e,,,,FlowOrchestrationStepInstanceShare.005UZ00000BrdXxYAJ,System,false,Private,Private,false,false,false,false,,,,,,false,2025-04-14 08:28:34.533 -0700
"000000000000000AAA",SBQQ__PriceCondition__c,862,"01I41000002c7iH",2024-10-12 01:17:42.000 -0700,"00541000003NPmqAAG",SBQQ,PriceCondition,Price Condition,Price Condition,Price Conditions,SBQQ__PriceCondition__c.SYSTEM,true,true,true,true,true,Deployed,a0d,false,false,true,true,false,false,true,true,true,true,true,false,true,false,/{ID},/{ID}/e,/a0d/e,/01I41000002c7iH/e,Price Condition Help,/06641000007WPER,"01I41000002c7iH.005UZ00000BrdXxYAJ",SBQQ,true,ControlledByParent,ControlledByParent,false,false,false,false,,,,,,false,2025-04-14 08:28:36.380 -0700
"000000000000000AAA",EnhancedLetterheadFeed,458,EnhancedLetterheadFeed,,,,EnhancedLetterheadFeed,Enhanced Letterhead Feed,Enhanced Letterhead Feed,Enhanced Letterhead Feed,,false,false,false,false,false,,"0D5",false,false,true,true,false,false,false,true,false,false,true,false,true,false,/{ID},/{ID}/e,/0D5/e,,,,EnhancedLetterheadFeed.005UZ00000BrdXxYAJ,System,false,ReadWrite,ReadWrite,false,false,false,false,,,,,,false,2025-04-14 08:28:34.397 -0700
"000000000000000AAA",ContactPointEmailChangeEvent,278,ContactPointEmailChangeEvent,,,,ContactPointEmailChangeEvent,Contact Point Email Change Event,Contact Point Email Change Event,Contact Point Email Change Event,,false,true,false,false,false,,"1CE",false,false,false,true,false,false,true,false,true,true,true,false,false,false,/{ID},/{ID}/e,/1CE/e,,,,ContactPointEmailChangeEvent.005UZ00000BrdXxYAJ,CDC,false,ControlledByParent,ControlledByParent,false,false,false,false,,,,,,false,2025-04-14 08:28:32.687 -0700
"000000000000000AAA",EngmtChannelTypeSettings,456,EngmtChannelTypeSettings,,,,EngmtChannelTypeSettings,Generic Email Setting Result,Generic Email Setting Result,Generic Email Setting Results,,false,false,false,false,false,,"19I",false,false,false,true,false,false,false,true,true,true,true,false,true,false,/{ID},/{ID}/e,/19I/e,,,,EngmtChannelTypeSettings.005UZ00000BrdXxYAJ,System,false,ReadWrite,ReadWrite,false,false,false,false,,,,,,false,2025-04-14 08:28:34.397 -0700
"000000000000000AAA",PartyConsentHistory,968,PartyConsentHistory,,,,PartyConsentHistory,Party Consent  History,Party Consent  History,Party Consent  History,,false,false,false,false,false,,"017",false,false,true,true,false,false,false,true,true,false,true,false,true,false,/{ID},/{ID}/e,/017/e,,,,PartyConsentHistory.005UZ00000BrdXxYAJ,System,false,Private,Private,false,false,false,false,,,,,,false,2025-04-14 08:28:36.540 -0700
"000000000000000AAA",OrderItem,892,OrderItem,,,,OrderItem,Order Product,Order Product,Order Products,OrderItem.SYSTEM,true,true,true,false,true,,"802",false,false,true,true,false,false,true,true,true,true,true,false,true,false,/{ID},/{ID}/e,/802/e,,,,OrderItem.005UZ00000BrdXxYAJ,System,true,ReadWrite,ReadWrite,false,false,false,false,,,,,,false,2025-04-14 08:28:36.407 -0700
"000000000000000AAA",AsyncOperationStatus,88,AsyncOperationStatus,,,,AsyncOperationStatus,Async Operation Status,Async Operation Status,Async Operation Status,,false,true,false,false,false,,"0YD",false,false,false,false,false,false,true,false,true,false,false,false,false,false,/{ID},/{ID}/e,/0YD/e,,,,AsyncOperationStatus.005UZ00000BrdXxYAJ,Conduit,false,ReadWrite,ReadWrite,false,false,false,false,,,,,,false,2025-04-14 08:28:32.390 -0700
"000000000000000AAA",ProfileCallLogQuickAction,1130,ProfileCallLogQuickAction,,,,ProfileCallLogQuickAction,Profile Call Log Quick Action,Profile Call Log Quick Action,Profile Call Log Quick Actions,,false,false,false,false,false,,"0ez",false,false,false,true,false,false,false,true,true,true,true,false,true,false,/{ID},/{ID}/e,/0ez/e,,,,ProfileCallLogQuickAction.005UZ00000BrdXxYAJ,System,false,ReadWrite,ReadWrite,false,false,false,false,,,,,,false,2025-04-14 08:28:36.607 -0700
"000000000000000AAA",Historical__ChangeEvent,614,"01IUZ000001ZfED.ChangeEvent",,,,Historical__ChangeEvent,Change Event: Historical,Change Event: Historical,Change Event: Historical,,false,true,false,false,false,,"1CE",false,false,false,true,false,false,true,false,true,true,true,false,false,false,/{ID},/{ID}/e,/1CE/e,,,,"01IUZ000001ZfED.ChangeEvent.005UZ00000BrdXxYAJ",CDC,false,ReadWrite,Private,false,false,false,false,,,,,,false,2025-04-14 08:28:34.675 -0700
"000000000000000AAA",FlowOrchestrationInstance,524,FlowOrchestrationInstance,,,,FlowOrchestrationInstance,Orchestration Run,Orchestration Run,Orchestration Runs,FlowOrchestrationInstance.SYSTEM,true,false,true,true,true,,"0jE",false,false,true,true,false,false,false,true,true,true,true,false,true,true,/{ID},/{ID}/e,/0jE/e,,,,FlowOrchestrationInstance.005UZ00000BrdXxYAJ,System,true,Private,Private,false,false,false,false,,,,,,false,2025-04-14 08:28:34.532 -0700
"000000000000000AAA",MktCalculatedInsightHistory,895,MktCalculatedInsightHistory,,,,MktCalculatedInsightHistory,Calculated Insight History,Calculated Insight History,Calculated Insight History,,false,false,false,false,false,,"017",false,false,true,true,false,false,false,true,true,false,true,false,true,false,/{ID},/{ID}/e,/017/e,,,,MktCalculatedInsightHistory.005UZ00000BrdXxYAJ,System,false,ReadWrite,ReadWrite,false,false,false,false,,,,,,false,2025-04-14 08:28:36.407 -0700
"000000000000000AAA",ContactPointPhone,281,ContactPointPhone,,,,ContactPointPhone,Contact Point Phone,Contact Point Phone,Contact Point Phones,ContactPointPhone.SYSTEM,true,true,true,true,true,,"0Ow",false,false,true,true,true,true,true,true,true,true,true,false,true,true,/{ID},/{ID}/e,/0Ow/e,,,,ContactPointPhone.005UZ00000BrdXxYAJ,System,true,ControlledByParent,ControlledByParent,false,false,false,false,,,,,,false,2025-04-14 08:28:32.688 -0700
"000000000000000AAA",State_Profile__Share,1286,"01I1L000002qRWv.Share",,,,State_Profile__Share,Share: State Profile,Share: State Profile,Share: State Profile,,false,false,false,false,false,,"02c",false,false,false,true,false,false,false,true,true,true,true,false,true,false,/{ID},/{ID}/e,/02c/e,,,,"01I1L000002qRWv.Share.005UZ00000BrdXxYAJ",System,false,ReadWrite,Private,false,false,false,false,,,,,,false,2025-04-14 08:28:37.959 -0700
"000000000000000AAA",WorkBadgeDefinitionShare,1433,WorkBadgeDefinitionShare,,,,WorkBadgeDefinitionShare,Badge Share,Badge Share,Badge Share,,false,false,false,false,false,,"02c",false,false,false,true,false,false,false,true,true,true,true,false,true,false,/{ID},/{ID}/e,/02c/e,,,,WorkBadgeDefinitionShare.005UZ00000BrdXxYAJ,System,false,Read,Read,false,false,false,false,,,,,,false,2025-04-14 08:28:38.005 -0700
"000000000000000AAA",DataType,405,DataType,,,,DataType,Data Type,Data Type,Data Types,,false,false,false,false,false,,"4dt",false,false,false,false,false,false,false,false,true,true,true,false,true,false,/{ID},/{ID}/e,/4dt/e,,,,DataType.005UZ00000BrdXxYAJ,MetadataCatalog,false,ReadWrite,ReadWrite,false,false,false,false,,,,,,false,2025-04-14 08:28:34.328 -0700
"000000000000000AAA",ScorecardShare,1227,ScorecardShare,,,,ScorecardShare,Scorecard Share,Scorecard Share,Scorecard Share,,false,false,false,false,false,,"02c",false,false,false,true,false,false,false,true,true,true,true,false,true,false,/{ID},/{ID}/e,/02c/e,,,,ScorecardShare.005UZ00000BrdXxYAJ,System,false,Private,Private,false,false,false,false,,,,,,false,2025-04-14 08:28:37.934 -0700
"000000000000000AAA",BroadcastTopicCollabRoom,140,BroadcastTopicCollabRoom,,,,BroadcastTopicCollabRoom,Broadcast Topic Collaboration Room,Broadcast Topic Collaboration Room,Broadcast Topic Collaboration Rooms,,true,true,true,true,false,,"0uL",false,false,true,true,false,false,true,true,true,true,true,false,true,false,/{ID},/{ID}/e,/0uL/e,,,,BroadcastTopicCollabRoom.005UZ00000BrdXxYAJ,System,false,ControlledByParent,ControlledByParent,false,false,false,false,,,,,,false,2025-04-14 08:28:32.461 -0700
"000000000000000AAA",EntityMilestoneHistory,468,EntityMilestoneHistory,,,,EntityMilestoneHistory,Object Milestone History,Object Milestone History,Object Milestone History,,false,false,false,false,false,,"017",false,false,true,true,false,false,false,true,true,false,true,false,true,false,/{ID},/{ID}/e,/017/e,,,,EntityMilestoneHistory.005UZ00000BrdXxYAJ,System,false,ReadWrite,ReadWrite,false,false,false,false,,,,,,false,2025-04-14 08:28:34.403 -0700
"000000000000000AAA",CampaignFeed,169,CampaignFeed,,,,CampaignFeed,Campaign Feed,Campaign Feed,Campaign Feed,,false,false,false,false,false,,"0D5",false,false,true,true,false,false,false,true,false,false,true,false,true,false,/{ID},/{ID}/e,/0D5/e,,,,CampaignFeed.005UZ00000BrdXxYAJ,System,false,FullAccess,FullAccess,false,false,false,false,,,,,,false,2025-04-14 08:28:32.463 -0700
"000000000000000AAA",SBQQ__Theme__c,834,"01I41000002c7in",2024-10-12 01:17:42.000 -0700,"00541000003NPmqAAG",SBQQ,Theme,Theme,Theme,Themes,SBQQ__Theme__c.SYSTEM,true,true,true,true,true,Deployed,a19,false,false,true,true,false,false,true,true,true,true,true,false,true,true,/{ID},/{ID}/e,/a19/e,/01I41000002c7in/e,ThemeHelp,/06641000007WPFA,"01I41000002c7in.005UZ00000BrdXxYAJ",SBQQ,true,ReadWrite,ReadWrite,false,false,false,false,,,,,,false,2025-04-14 08:28:36.360 -0700
"000000000000000AAA",AccountContactRelation,11,AccountContactRelation,,,,AccountContactRelation,Account Contact Relationship,Account Contact Relationship,Account Contact Relationships,AccountContactRelation.SYSTEM,true,true,true,false,true,,"07k",false,false,true,true,false,false,true,true,true,true,true,false,true,false,/{ID},/{ID}/e,/07k/e,,,,AccountContactRelation.005UZ00000BrdXxYAJ,System,true,ControlledByParent,ControlledByParent,false,false,false,false,,,,,,false,2025-04-14 08:28:32.331 -0700
"000000000000000AAA",PermissionSetTabSetting,1029,PermissionSetTabSetting,,,,PermissionSetTabSetting,Permission Set Tab Setting,Permission Set Tab Setting,Permission Set Tab Setting,,false,false,false,false,false,,"01P",false,false,false,true,false,false,false,true,true,true,true,false,true,false,/{ID},/{ID}/e,/01P/e,,,,PermissionSetTabSetting.005UZ00000BrdXxYAJ,System,false,ReadWrite,ReadWrite,false,false,false,false,,,,,,false,2025-04-14 08:28:36.602 -0700
"000000000000000AAA",UserLogin,1399,UserLogin,,,,UserLogin,User Login,User Login,User Login,,false,false,false,false,false,,"0Yw",false,false,false,true,false,false,false,true,true,true,true,false,true,false,/{ID},/{ID}/e,/0Yw/e,,,,UserLogin.005UZ00000BrdXxYAJ,System,false,ReadWrite,ReadWrite,false,false,false,false,,,,,,false,2025-04-14 08:28:37.990 -0700
"000000000000000AAA",ManagedContentVariant,796,ManagedContentVariant,,,,ManagedContentVariant,Managed Content Variant,Managed Content Variant,Managed Content Variants,ManagedContentVariant.SYSTEM,false,false,false,false,true,,"9Ps",false,false,true,true,true,true,false,true,true,true,true,false,true,false,/{ID},/{ID}/e,/9Ps/e,,,,ManagedContentVariant.005UZ00000BrdXxYAJ,System,true,ReadWrite,ReadWrite,false,false,false,false,,,,,,false,2025-04-14 08:28:34.929 -0700
"000000000000000AAA",ServiceResourceFeed,1245,ServiceResourceFeed,,,,ServiceResourceFeed,Service Resource Feed,Service Resource Feed,Service Resource Feed,,false,false,false,false,false,,"0D5",false,false,true,true,false,false,false,true,false,false,true,false,true,false,/{ID},/{ID}/e,/0D5/e,,,,ServiceResourceFeed.005UZ00000BrdXxYAJ,System,false,Private,Private,false,false,false,false,,,,,,false,2025-04-14 08:28:37.942 -0700
"000000000000000AAA",UserRole,1405,UserRole,,,,UserRole,Role,Role,Role,,false,false,false,false,false,,"00E",false,false,true,true,false,true,false,true,true,true,true,false,true,true,/{ID},/{ID}/e,/00E/e,,,,UserRole.005UZ00000BrdXxYAJ,System,true,ReadWrite,ReadWrite,false,false,false,false,,,,,,false,2025-04-14 08:28:37.999 -0700
"000000000000000AAA",BroadcastCommAudienceHistory,132,BroadcastCommAudienceHistory,,,,BroadcastCommAudienceHistory,Broadcast Communication Audience History,Broadcast Communication Audience History,Broadcast Communication Audience History,,false,false,false,false,false,,"017",false,false,true,true,false,false,false,true,true,false,true,false,true,false,/{ID},/{ID}/e,/017/e,,,,BroadcastCommAudienceHistory.005UZ00000BrdXxYAJ,System,false,Read,Read,false,false,false,false,,,,,,false,2025-04-14 08:28:32.421 -0700
"000000000000000AAA",CaseTeamTemplateRecord,197,CaseTeamTemplateRecord,,,,CaseTeamTemplateRecord,Predefined Case Team Record,Predefined Case Team Record,Predefined Case Team Record,,false,false,false,false,false,,"0B8",false,false,true,true,false,false,false,true,true,false,true,false,true,false,/{ID},/{ID}/e,/0B8/e,,,,CaseTeamTemplateRecord.005UZ00000BrdXxYAJ,System,false,Read,Read,false,false,false,false,,,,,,false,2025-04-14 08:28:32.478 -0700
"000000000000000AAA",DataActionFeed,351,DataActionFeed,,,,DataActionFeed,Data Action Feed,Data Action Feed,Data Action Feed,,false,false,false,false,false,,"0D5",false,false,true,true,false,false,false,true,false,false,true,false,true,false,/{ID},/{ID}/e,/0D5/e,,,,DataActionFeed.005UZ00000BrdXxYAJ,System,false,ReadWrite,ReadWrite,false,false,false,false,,,,,,false,2025-04-14 08:28:32.877 -0700
"000000000000000AAA",LiveChatTranscriptEventChangeEvent,762,LiveChatTranscriptEventChangeEvent,,,,LiveChatTranscriptEventChangeEvent,Chat Transcript Event Change Event,Chat Transcript Event Change Event,Chat Transcript Event Change Event,,false,true,false,false,false,,"1CE",false,false,false,true,false,false,true,false,true,true,true,false,false,false,/{ID},/{ID}/e,/1CE/e,,,,LiveChatTranscriptEventChangeEvent.005UZ00000BrdXxYAJ,CDC,false,ControlledByParent,ControlledByParent,false,false,false,false,,,,,,false,2025-04-14 08:28:34.927 -0700
"000000000000000AAA",DataActionJobStatusEvent,353,DataActionJobStatusEvent,,,,DataActionJobStatusEvent,Data action job status event,Data action job status event,Data action job status event,,false,true,false,false,false,,"17U",false,false,false,false,false,false,true,false,true,false,false,false,false,false,/{ID},/{ID}/e,/17U/e,,,,DataActionJobStatusEvent.005UZ00000BrdXxYAJ,Conduit,false,ReadWrite,ReadWrite,false,false,false,false,,,,,,false,2025-04-14 08:28:32.877 -0700
"000000000000000AAA",CalendarViewChangeEvent,160,CalendarViewChangeEvent,,,,CalendarViewChangeEvent,Calendar Change Event,Calendar Change Event,Calendar Change Event,,false,true,false,false,false,,"1CE",false,false,false,true,false,false,true,false,true,true,true,false,false,false,/{ID},/{ID}/e,/1CE/e,,,,CalendarViewChangeEvent.005UZ00000BrdXxYAJ,CDC,false,Private,Private,false,false,false,false,,,,,,false,2025-04-14 08:28:32.462 -0700
"000000000000000AAA",FormulaFunctionAllowedType,562,FormulaFunctionAllowedType,,,,FormulaFunctionAllowedType,Formula Context Function,Formula Context Function,Formula Context Functions,,false,false,false,false,false,,"0fE",false,false,false,false,false,false,false,false,true,true,true,false,true,false,/{ID},/{ID}/e,/0fE/e,,,,FormulaFunctionAllowedType.005UZ00000BrdXxYAJ,System,false,ReadWrite,ReadWrite,false,false,false,false,,,,,,false,2025-04-14 08:28:34.534 -0700
"000000000000000AAA",UnifiedEmailParticipant,1363,UnifiedEmailParticipant,,,,UnifiedEmailParticipant,Unified Email Participant,Unified Email Participant,Unified Email Participants,,false,false,false,false,false,,"1a8",false,false,false,true,false,false,false,false,true,true,true,false,true,false,/{ID},/{ID}/e,/1a8/e,,,,UnifiedEmailParticipant.005UZ00000BrdXxYAJ,System,false,ReadWrite,ReadWrite,false,false,false,false,,,,,,false,2025-04-14 08:28:37.989 -0700
"000000000000000AAA",CaseArticle,178,CaseArticle,,,,CaseArticle,Case Article,Case Article,Case Article,,false,false,false,false,false,,"0gv",false,false,false,true,false,false,false,true,true,false,true,false,true,false,/{ID},/{ID}/e,/0gv/e,,,,CaseArticle.005UZ00000BrdXxYAJ,System,false,ReadWrite,ReadWrite,false,false,false,false,,,,,,false,2025-04-14 08:28:32.477 -0700
"000000000000000AAA",Gong__Gong_Call__ChangeEvent,577,"01IUZ0000004zxp.ChangeEvent",,,Gong,Gong_Call__ChangeEvent,Change Event: Conversation,Change Event: Conversation,Change Event: Conversation,,false,true,false,false,false,,"1CE",false,false,false,true,false,false,true,false,true,true,true,false,false,false,/{ID},/{ID}/e,/1CE/e,,,,"01IUZ0000004zxp.ChangeEvent.005UZ00000BrdXxYAJ",CDC,false,ReadWrite,Private,false,false,false,false,,,,,,false,2025-04-14 08:28:34.605 -0700
"000000000000000AAA",Historical__Share,615,"01IUZ000001ZfED.Share",,,,Historical__Share,Share: Historical,Share: Historical,Share: Historical,,false,false,false,false,false,,"02c",false,false,false,true,false,false,false,true,true,true,true,false,true,false,/{ID},/{ID}/e,/02c/e,,,,"01IUZ000001ZfED.Share.005UZ00000BrdXxYAJ",System,false,ReadWrite,Private,false,false,false,false,,,,,,false,2025-04-14 08:28:34.675 -0700
"000000000000000AAA",LCOM_Order_Line__ChangeEvent,692,"01IUZ000000NrQI.ChangeEvent",,,,LCOM_Order_Line__ChangeEvent,Change Event: LCOM Order Line,Change Event: LCOM Order Line,Change Event: LCOM Order Line,,false,true,false,false,false,,"1CE",false,false,false,true,false,false,true,false,true,true,true,false,false,false,/{ID},/{ID}/e,/1CE/e,,,,"01IUZ000000NrQI.ChangeEvent.005UZ00000BrdXxYAJ",CDC,false,ControlledByParent,ControlledByParent,false,false,false,false,,,,,,false,2025-04-14 08:28:34.848 -0700
"000000000000000AAA",ContactPointPhoneShare,284,ContactPointPhoneShare,,,,ContactPointPhoneShare,Contact Point Phone Share,Contact Point Phone Share,Contact Point Phone Share,,false,false,false,false,false,,"02c",false,false,false,true,false,false,false,true,true,true,true,false,true,false,/{ID},/{ID}/e,/02c/e,,,,ContactPointPhoneShare.005UZ00000BrdXxYAJ,System,false,ControlledByParent,ControlledByParent,false,false,false,false,,,,,,false,2025-04-14 08:28:32.688 -0700
"000000000000000AAA",Order,891,Order,,,,Order,Order,Order,Orders,Order.SYSTEM,true,true,true,true,true,,"801",false,false,true,true,true,true,true,true,true,true,true,false,true,true,/{ID},/{ID}/e,/801/e,,,,Order.005UZ00000BrdXxYAJ,System,true,ReadWrite,ReadWrite,false,false,false,false,,,,,,false,2025-04-14 08:28:36.407 -0700
"000000000000000AAA",SharingRecordCollectionItem,1257,SharingRecordCollectionItem,,,,SharingRecordCollectionItem,Record Collection Item,Record Collection Item,Record Collection Items,,false,true,true,true,false,,"0iC",false,false,true,true,false,false,true,true,true,true,true,false,true,false,/{ID},/{ID}/e,/0iC/e,,,,SharingRecordCollectionItem.005UZ00000BrdXxYAJ,System,true,ControlledByParent,ControlledByParent,false,false,false,false,,,,,,false,2025-04-14 08:28:37.951 -0700
"000000000000000AAA",WorkStepChangeEvent,1460,WorkStepChangeEvent,,,,WorkStepChangeEvent,Work Step Change Event,Work Step Change Event,Work Step Change Event,,false,true,false,false,false,,"1CE",false,false,false,true,false,false,true,false,true,true,true,false,false,false,/{ID},/{ID}/e,/1CE/e,,,,WorkStepChangeEvent.005UZ00000BrdXxYAJ,CDC,false,ControlledByParent,ControlledByParent,false,false,false,false,,,,,,false,2025-04-14 08:28:38.006 -0700
"000000000000000AAA",Knowledge__kav,679,"01IUZ0000006uXN",2024-02-27 13:10:34.000 -0800,"00541000000ybzQAAQ",,Knowledge,Knowledge,Knowledge,Knowledge,Knowledge__kav.0AHUZ00000003h3,true,true,true,true,true,Deployed,ka0,false,false,false,true,true,true,true,true,true,true,true,false,true,true,/{ID},/{ID}/e,/ka0/e,/01IUZ0000006uXN/e,,,"01IUZ0000006uXN.005UZ00000BrdXxYAJ",<local>,true,ReadWrite,Read,false,false,false,false,,,,,,false,2025-04-14 08:28:34.845 -0700
"000000000000000AAA",ProcessException,1086,ProcessException,,,,ProcessException,Process Exception,Process Exception,Process Exceptions,ProcessException.SYSTEM,true,true,true,true,true,,"2Pe",false,false,true,true,true,true,true,true,true,true,true,false,true,true,/{ID},/{ID}/e,/2Pe/e,,,,ProcessException.005UZ00000BrdXxYAJ,System,true,Private,Private,false,false,false,false,,,,,,false,2025-04-14 08:28:36.605 -0700
"000000000000000AAA",CollaborationGroupMember,221,CollaborationGroupMember,,,,CollaborationGroupMember,Group Member,Group Member,Group Members,,false,true,true,false,false,,"0FB",false,false,true,true,false,false,true,true,true,true,true,false,true,false,/{ID},/{ID}/e,/0FB/e,,,,CollaborationGroupMember.005UZ00000BrdXxYAJ,System,true,ReadWrite,ReadWrite,false,false,false,false,,,,,,false,2025-04-14 08:28:32.562 -0700
"000000000000000AAA",UserLocalWebServerIdentity,1397,UserLocalWebServerIdentity,,,,UserLocalWebServerIdentity,User Local Web Server Identity,User Local Web Server Identity,User Local Web Server Identities,,false,false,true,true,false,,"1I9",false,false,true,true,false,false,false,true,true,true,true,false,true,false,/{ID},/{ID}/e,/1I9/e,,,,UserLocalWebServerIdentity.005UZ00000BrdXxYAJ,System,false,Private,Private,false,false,false,false,,,,,,false,2025-04-14 08:28:37.990 -0700
"000000000000000AAA",ProblemIncidentChangeEvent,1043,ProblemIncidentChangeEvent,,,,ProblemIncidentChangeEvent,Related Problem and Incident Change Event,Related Problem and Incident Change Event,Related Problem and Incident Change Event,,false,true,false,false,false,,"1CE",false,false,false,true,false,false,true,false,true,true,true,false,false,false,/{ID},/{ID}/e,/1CE/e,,,,ProblemIncidentChangeEvent.005UZ00000BrdXxYAJ,CDC,false,ControlledByParent,ControlledByParent,false,false,false,false,,,,,,false,2025-04-14 08:28:36.603 -0700
"000000000000000AAA",PresenceUserConfigUser,1003,PresenceUserConfigUser,,,,PresenceUserConfigUser,Presence Configuration for User,Presence Configuration for User,Presence Configurations for Users,,false,false,false,false,false,,"0Ne",false,false,false,true,false,false,false,true,true,true,true,false,true,false,/{ID},/{ID}/e,/0Ne/e,,,,PresenceUserConfigUser.005UZ00000BrdXxYAJ,System,false,ReadWrite,ReadWrite,false,false,false,false,,,,,,false,2025-04-14 08:28:36.584 -0700
"000000000000000AAA",QuoteChangeEvent,1057,QuoteChangeEvent,,,,QuoteChangeEvent,Quote Change Event,Quote Change Event,Quote Change Event,,false,true,false,false,false,,"1CE",false,false,false,true,false,false,true,false,true,true,true,false,false,false,/{ID},/{ID}/e,/1CE/e,,,,QuoteChangeEvent.005UZ00000BrdXxYAJ,CDC,false,ControlledByParent,ControlledByParent,false,false,false,false,,,,,,false,2025-04-14 08:28:36.604 -0700
"000000000000000AAA",CaseContactRole,181,CaseContactRole,,,,CaseContactRole,Case Contact Role,Case Contact Role,Case Contact Role,,false,false,false,false,false,,"03j",false,false,true,true,false,false,false,true,true,true,true,false,true,false,/{ID},/{ID}/e,/03j/e,,,,CaseContactRole.005UZ00000BrdXxYAJ,System,true,ReadWrite,ReadWrite,false,false,false,false,,,,,,false,2025-04-14 08:28:32.477 -0700
"000000000000000AAA",AuthorizationFormHistory,110,AuthorizationFormHistory,,,,AuthorizationFormHistory,Authorization Form History,Authorization Form History,Authorization Form History,,false,false,false,false,false,,"017",false,false,true,true,false,false,false,true,true,false,true,false,true,false,/{ID},/{ID}/e,/017/e,,,,AuthorizationFormHistory.005UZ00000BrdXxYAJ,System,false,Private,Private,false,false,false,false,,,,,,false,2025-04-14 08:28:32.420 -0700
"000000000000000AAA",TenantUsageEntitlement,1336,TenantUsageEntitlement,,,,TenantUsageEntitlement,Tenant Usage Entitlement,Tenant Usage Entitlement,Tenant Usage Entitlements,,false,false,false,false,false,,"0UT",false,false,false,true,false,false,false,true,true,true,true,false,true,false,/{ID},/{ID}/e,/0UT/e,,,,TenantUsageEntitlement.005UZ00000BrdXxYAJ,System,true,ReadWrite,ReadWrite,false,false,false,false,,,,,,false,2025-04-14 08:28:37.977 -0700
"000000000000000AAA",Vendor_Contract__ChangeEvent,1412,"01I8X0000018WV4.ChangeEvent",,,,Vendor_Contract__ChangeEvent,Change Event: Vendor Contract,Change Event: Vendor Contract,Change Event: Vendor Contract,,false,true,false,false,false,,"1CE",false,false,false,true,false,false,true,false,true,true,true,false,false,false,/{ID},/{ID}/e,/1CE/e,,,,"01I8X0000018WV4.ChangeEvent.005UZ00000BrdXxYAJ",CDC,false,ReadWrite,Private,false,false,false,false,,,,,,false,2025-04-14 08:28:38.001 -0700
"000000000000000AAA",CommSubscriptionChangeEvent,230,CommSubscriptionChangeEvent,,,,CommSubscriptionChangeEvent,Communication Subscription Change Event,Communication Subscription Change Event,Communication Subscription Change Event,,false,true,false,false,false,,"1CE",false,false,false,true,false,false,true,false,true,true,true,false,false,false,/{ID},/{ID}/e,/1CE/e,,,,CommSubscriptionChangeEvent.005UZ00000BrdXxYAJ,CDC,false,Private,Private,false,false,false,false,,,,,,false,2025-04-14 08:28:32.574 -0700
"000000000000000AAA",SBQQ__TaxExemptionCertificate__c,816,"01I41000002TCbk",2024-10-12 01:17:42.000 -0700,"00541000003NPmqAAG",SBQQ,TaxExemptionCertificate,Tax Exemption Certificate,Tax Exemption Certificate,Tax Exemption Certificates,SBQQ__TaxExemptionCertificate__c.SYSTEM,true,true,true,true,true,Deployed,a1r,false,false,true,true,true,true,true,true,true,true,true,false,true,false,/{ID},/{ID}/e,/a1r/e,/01I41000002TCbk/e,,,"01I41000002TCbk.005UZ00000BrdXxYAJ",SBQQ,true,ControlledByParent,ControlledByParent,false,false,false,false,,,,,,false,2025-04-14 08:28:36.353 -0700
"000000000000000AAA",ForecastingCustomData,543,ForecastingCustomData,,,,ForecastingCustomData,Forecasting Custom Data,Forecasting Custom Data,Forecasting Custom Data,,true,false,false,false,false,,"56s",false,false,true,true,false,false,false,true,true,true,true,false,true,false,/{ID},/{ID}/e,/56s/e,,,,ForecastingCustomData.005UZ00000BrdXxYAJ,System,false,ReadWrite,ReadWrite,false,false,false,false,,,,,,false,2025-04-14 08:28:34.533 -0700
"000000000000000AAA",CaseComment,180,CaseComment,,,,CaseComment,Case Comment,Case Comment,Case Comments,,false,true,true,false,false,,"00a",false,false,true,true,false,true,true,true,true,true,true,false,true,false,/{ID},/{ID}/e,/00a/e,,,,CaseComment.005UZ00000BrdXxYAJ,System,true,Read,Read,false,false,false,false,,,,,,false,2025-04-14 08:28:32.477 -0700
"000000000000000AAA",IncidentFeed,646,IncidentFeed,,,,IncidentFeed,Incident Feed,Incident Feed,Incident Feed,,false,false,false,false,false,,"0D5",false,false,true,true,false,false,false,true,false,false,true,false,true,false,/{ID},/{ID}/e,/0D5/e,,,,IncidentFeed.005UZ00000BrdXxYAJ,System,false,Private,Private,false,false,false,false,,,,,,false,2025-04-14 08:28:34.764 -0700
"000000000000000AAA",ConsumptionScheduleShare,264,ConsumptionScheduleShare,,,,ConsumptionScheduleShare,Consumption Schedule Share,Consumption Schedule Share,Consumption Schedule Share,,false,false,false,false,false,,"02c",false,false,false,true,false,false,false,true,true,true,true,false,true,false,/{ID},/{ID}/e,/02c/e,,,,ConsumptionScheduleShare.005UZ00000BrdXxYAJ,System,false,Read,Read,false,false,false,false,,,,,,false,2025-04-14 08:28:32.665 -0700
"000000000000000AAA",AnalyticsWorkspaceAsset,45,AnalyticsWorkspaceAsset,,,,AnalyticsWorkspaceAsset,Analytics Workspace Asset,Analytics Workspace Asset,Analytics Workspace Assets,,false,false,false,false,false,,"1Dz",false,false,false,true,false,false,false,true,true,true,true,false,true,false,/{ID},/{ID}/e,/1Dz/e,,,,AnalyticsWorkspaceAsset.005UZ00000BrdXxYAJ,System,false,ReadWrite,ReadWrite,false,false,false,false,,,,,,false,2025-04-14 08:28:32.360 -0700
"000000000000000AAA",snr__sr_KB_Global_Search_History__Share,1553,"01IUZ000000GKHK.Share",,,snr,sr_KB_Global_Search_History__Share,Share: Knowledge Search and Replace History,Share: Knowledge Search and Replace History,Share: Knowledge Search and Replace History,,false,false,false,false,false,,"02c",false,false,false,true,false,false,false,true,true,true,true,false,true,false,/{ID},/{ID}/e,/02c/e,,,,"01IUZ000000GKHK.Share.005UZ00000BrdXxYAJ",System,false,ReadWrite,Private,false,false,false,false,,,,,,false,2025-04-14 08:28:38.040 -0700
"000000000000000AAA",SBQQ__ProductFeature__ChangeEvent,1115,"01I41000002c7iQ.ChangeEvent",,,SBQQ,ProductFeature__ChangeEvent,Change Event: Product Feature,Change Event: Product Feature,Change Event: Product Feature,,false,true,false,false,false,,"1CE",false,false,false,true,false,false,true,false,true,true,true,false,false,false,/{ID},/{ID}/e,/1CE/e,,,,"01I41000002c7iQ.ChangeEvent.005UZ00000BrdXxYAJ",CDC,false,ReadWrite,ReadWrite,false,false,false,false,,,,,,false,2025-04-14 08:28:36.606 -0700
"000000000000000AAA",SBQQ__Theme__ChangeEvent,1010,"01I41000002c7in.ChangeEvent",,,SBQQ,Theme__ChangeEvent,Change Event: Theme,Change Event: Theme,Change Event: Theme,,false,true,false,false,false,,"1CE",false,false,false,true,false,false,true,false,true,true,true,false,false,false,/{ID},/{ID}/e,/1CE/e,,,,"01I41000002c7in.ChangeEvent.005UZ00000BrdXxYAJ",CDC,false,ReadWrite,ReadWrite,false,false,false,false,,,,,,false,2025-04-14 08:28:36.602 -0700
"000000000000000AAA",DataCommCapDim,363,DataCommCapDim,,,,DataCommCapDim,Data Communication Capping Dimension,Data Communication Capping Dimension,Data Communication Capping Dimensions,,false,false,false,false,false,,"1E7",false,false,false,true,false,false,false,true,true,true,true,false,true,false,/{ID},/{ID}/e,/1E7/e,,,,DataCommCapDim.005UZ00000BrdXxYAJ,System,false,ReadWrite,ReadWrite,false,false,false,false,,,,,,false,2025-04-14 08:28:32.878 -0700
"000000000000000AAA",State_Profile__ChangeEvent,1285,"01I1L000002qRWv.ChangeEvent",,,,State_Profile__ChangeEvent,Change Event: State Profile,Change Event: State Profile,Change Event: State Profile,,false,true,false,false,false,,"1CE",false,false,false,true,false,false,true,false,true,true,true,false,false,false,/{ID},/{ID}/e,/1CE/e,,,,"01I1L000002qRWv.ChangeEvent.005UZ00000BrdXxYAJ",CDC,false,ReadWrite,Private,false,false,false,false,,,,,,false,2025-04-14 08:28:37.959 -0700
"000000000000000AAA",Skill,1266,Skill,,,,Skill,Skill,Skill,Skills,,false,false,false,false,false,,"0C5",false,false,false,true,false,true,false,true,true,true,true,false,true,true,/{ID},/{ID}/e,/0C5/e,,,,Skill.005UZ00000BrdXxYAJ,System,false,ReadWrite,ReadWrite,false,false,false,false,,,,,,false,2025-04-14 08:28:37.954 -0700
"000000000000000AAA",ProductEntitlementTemplate,1025,ProductEntitlementTemplate,,,,ProductEntitlementTemplate,Product Entitlement Template,Product Entitlement Template,Product Entitlement Template,,false,false,false,false,false,,"0E9",false,false,false,true,false,false,false,true,true,true,true,false,true,false,/{ID},/{ID}/e,/0E9/e,,,,ProductEntitlementTemplate.005UZ00000BrdXxYAJ,System,false,ReadWrite,ReadWrite,false,false,false,false,,,,,,false,2025-04-14 08:28:36.602 -0700
"000000000000000AAA",ImageFeed,636,ImageFeed,,,,ImageFeed,Image Feed,Image Feed,Image Feed,,false,false,false,false,false,,"0D5",false,false,true,true,false,false,false,true,false,false,true,false,true,false,/{ID},/{ID}/e,/0D5/e,,,,ImageFeed.005UZ00000BrdXxYAJ,System,false,Private,Private,false,false,false,false,,,,,,false,2025-04-14 08:28:34.764 -0700
"000000000000000AAA",MktMLPredictionJobFeed,1125,MktMLPredictionJobFeed,,,,MktMLPredictionJobFeed,__MISSING LABEL__ PropertyFile - val MktMLPredictionJob not found in section StandardFeedLabel,__MISSING LABEL__ PropertyFile - val MktMLPredictionJob not found in section StandardFeedLabel,__MISSING LABEL__ PropertyFile - val MktMLPredictionJob not found in section StandardFeedLabel,,false,false,false,false,false,,"0D5",false,false,true,true,false,false,false,true,false,false,true,false,true,false,/{ID},/{ID}/e,/0D5/e,,,,MktMLPredictionJobFeed.005UZ00000BrdXxYAJ,System,false,ReadWrite,ReadWrite,false,false,false,false,,,,,,false,2025-04-14 08:28:36.606 -0700
"000000000000000AAA",SkillUser,1274,SkillUser,,,,SkillUser,Skill User,Skill User,Skill Users,,false,false,false,false,false,,"0C9",false,false,false,true,false,false,false,true,true,true,true,false,true,false,/{ID},/{ID}/e,/0C9/e,,,,SkillUser.005UZ00000BrdXxYAJ,System,false,ReadWrite,ReadWrite,false,false,false,false,,,,,,false,2025-04-14 08:28:37.959 -0700
"000000000000000AAA",Knowledge__ViewStat,676,"01IUZ0000006uXO.ViewStat",,,,Knowledge__ViewStat,View Stat: Knowledge,View Stat: Knowledge,View Stat: Knowledge,,false,false,false,false,false,,"0GA",false,false,false,true,false,false,false,true,false,false,false,false,true,false,/{ID},/{ID}/e,/0GA/e,,,,"01IUZ0000006uXO.ViewStat.005UZ00000BrdXxYAJ",System,false,ReadWrite,ReadWrite,false,false,false,false,,,,,,false,2025-04-14 08:28:34.844 -0700
"000000000000000AAA",Gong__Call_Stat__History,574,"01IUZ0000004zxo.History",,,Gong,Call_Stat__History,History: Interaction Stats,History: Interaction Stats,History: Interaction Stats,,false,false,false,false,false,,"017",false,false,true,true,false,false,false,true,true,false,true,false,true,false,/{ID},/{ID}/e,/017/e,,,,"01IUZ0000004zxo.History.005UZ00000BrdXxYAJ",System,false,ReadWrite,Private,false,false,false,false,,,,,,false,2025-04-14 08:28:34.605 -0700
"000000000000000AAA",CommSubscriptionFeed,241,CommSubscriptionFeed,,,,CommSubscriptionFeed,Communication Subscription Feed,Communication Subscription Feed,Communication Subscription Feed,,false,false,false,false,false,,"0D5",false,false,true,true,false,false,false,true,false,false,true,false,true,false,/{ID},/{ID}/e,/0D5/e,,,,CommSubscriptionFeed.005UZ00000BrdXxYAJ,System,false,Private,Private,false,false,false,false,,,,,,false,2025-04-14 08:28:32.617 -0700
"000000000000000AAA",ProblemIncident,938,ProblemIncident,,,,ProblemIncident,Related Problem and Incident,Related Problem and Incident,Related Problems and Incidents,ProblemIncident.SYSTEM,true,true,true,false,true,,"0oE",false,false,true,true,false,false,true,true,true,true,true,false,true,false,/{ID},/{ID}/e,/0oE/e,,,,ProblemIncident.005UZ00000BrdXxYAJ,System,true,ControlledByParent,ControlledByParent,false,false,false,false,,,,,,false,2025-04-14 08:28:36.501 -0700
"000000000000000AAA",DataUseLegalBasisHistory,408,DataUseLegalBasisHistory,,,,DataUseLegalBasisHistory,Data Use Legal Basis  History,Data Use Legal Basis  History,Data Use Legal Basis  History,,false,false,false,false,false,,"017",false,false,true,true,false,false,false,true,true,false,true,false,true,false,/{ID},/{ID}/e,/017/e,,,,DataUseLegalBasisHistory.005UZ00000BrdXxYAJ,System,false,Private,Private,false,false,false,false,,,,,,false,2025-04-14 08:28:34.328 -0700
"000000000000000AAA",DocumentAttachmentMap,428,DocumentAttachmentMap,,,,DocumentAttachmentMap,Document Entity Map,Document Entity Map,Document Entity Map,,false,false,false,false,false,,"05X",false,false,false,true,false,false,false,true,true,true,false,false,true,false,/{ID},/{ID}/e,/05X/e,,,,DocumentAttachmentMap.005UZ00000BrdXxYAJ,System,false,ReadWrite,ReadWrite,false,false,false,false,,,,,,false,2025-04-14 08:28:34.342 -0700
"000000000000000AAA",LiveChatTranscriptSkill,766,LiveChatTranscriptSkill,,,,LiveChatTranscriptSkill,LiveChatTranscriptSkill,LiveChatTranscriptSkill,LiveChatTranscriptSkills,,false,false,true,false,false,,"0Ig",false,false,true,true,false,false,false,true,true,true,true,false,true,false,/{ID},/{ID}/e,/0Ig/e,,,,LiveChatTranscriptSkill.005UZ00000BrdXxYAJ,System,false,ControlledByParent,ControlledByParent,false,false,false,false,,,,,,false,2025-04-14 08:28:34.928 -0700
"000000000000000AAA",PartyConsentShare,937,PartyConsentShare,,,,PartyConsentShare,Party Consent Share,Party Consent Share,Party Consent Share,,false,false,false,false,false,,"02c",false,false,false,true,false,false,false,true,true,true,true,false,true,false,/{ID},/{ID}/e,/02c/e,,,,PartyConsentShare.005UZ00000BrdXxYAJ,System,false,Private,Private,false,false,false,false,,,,,,false,2025-04-14 08:28:36.498 -0700
"000000000000000AAA",DataUsePurposeChangeEvent,411,DataUsePurposeChangeEvent,,,,DataUsePurposeChangeEvent,Data Use Purpose Change Event,Data Use Purpose Change Event,Data Use Purpose Change Event,,false,true,false,false,false,,"1CE",false,false,false,true,false,false,true,false,true,true,true,false,false,false,/{ID},/{ID}/e,/1CE/e,,,,DataUsePurposeChangeEvent.005UZ00000BrdXxYAJ,CDC,false,Private,Private,false,false,false,false,,,,,,false,2025-04-14 08:28:34.329 -0700
"000000000000000AAA",AIApplicationConfig,2,AIApplicationConfig,,,,AIApplicationConfig,AI Application config,AI Application config,AI Application configs,,false,false,false,false,false,,"6S9",false,false,false,true,false,false,false,true,false,false,true,false,true,false,/{ID},/{ID}/e,/6S9/e,,,,AIApplicationConfig.005UZ00000BrdXxYAJ,System,false,ReadWrite,ReadWrite,false,false,false,false,,,,,,false,2025-04-14 08:28:32.283 -0700
"000000000000000AAA",SBQQ__OrderItemConsumptionRate__c,823,"01I1L0000032xz8",2024-10-12 01:17:42.000 -0700,"00541000003NPmqAAG",SBQQ,OrderItemConsumptionRate,Order Product Consumption Rate,Order Product Consumption Rate,Order Product Consumption Rates,SBQQ__OrderItemConsumptionRate__c.SYSTEM,true,true,true,true,true,Deployed,a2h,false,false,true,true,true,true,true,true,true,true,true,false,true,false,/{ID},/{ID}/e,/a2h/e,/01I1L0000032xz8/e,,,"01I1L0000032xz8.005UZ00000BrdXxYAJ",SBQQ,true,ControlledByParent,ControlledByParent,false,false,false,false,,,,,,false,2025-04-14 08:28:36.357 -0700
"000000000000000AAA",Training_Session__ChangeEvent,1349,"01I41000002T6LK.ChangeEvent",,,,Training_Session__ChangeEvent,Change Event: Training Session,Change Event: Training Session,Change Event: Training Session,,false,true,false,false,false,,"1CE",false,false,false,true,false,false,true,false,true,true,true,false,false,false,/{ID},/{ID}/e,/1CE/e,,,,"01I41000002T6LK.ChangeEvent.005UZ00000BrdXxYAJ",CDC,false,ReadWrite,ReadWrite,false,false,false,false,,,,,,false,2025-04-14 08:28:37.984 -0700
"000000000000000AAA",FlowInterviewLog,519,FlowInterviewLog,,,,FlowInterviewLog,Flow Interview Log,Flow Interview Log,Flow Interview Logs,,false,false,false,false,false,,"8gZ",false,false,true,true,false,false,false,true,true,true,false,false,true,false,/{ID},/{ID}/e,/8gZ/e,,,,FlowInterviewLog.005UZ00000BrdXxYAJ,System,false,Private,Private,false,false,false,false,,,,,,false,2025-04-14 08:28:34.532 -0700
"000000000000000AAA",SBQQ__UsageRateCardAssignment__c,1202,"01I41000002zuTc",2018-03-20 11:48:54.000 -0700,"00541000003jYZXAA2",SBQQ,UsageRateCardAssignment,Usage Rate Card Assignment (Reserved),Usage Rate Card Assignment (Reserved),Usage Rate Card Assignments (Reserved),SBQQ__UsageRateCardAssignment__c.SYSTEM,true,true,true,true,true,Deployed,a26,false,false,true,true,false,false,true,true,true,true,true,false,true,false,/{ID},/{ID}/e,/a26/e,/01I41000002zuTc/e,,,"01I41000002zuTc.005UZ00000BrdXxYAJ",SBQQ,true,ControlledByParent,ControlledByParent,false,false,false,false,,,,,,false,2025-04-14 08:28:37.918 -0700
"000000000000000AAA",LightningToggleMetrics,737,LightningToggleMetrics,,,,LightningToggleMetrics,Lightning Toggle Metrics,Lightning Toggle Metrics,Lightning Toggle Metrics,,false,false,false,false,false,,"1o1",false,false,false,true,false,false,false,true,true,true,true,false,true,false,/{ID},/{ID}/e,/1o1/e,,,,LightningToggleMetrics.005UZ00000BrdXxYAJ,System,false,ReadWrite,ReadWrite,false,false,false,false,,,,,,false,2025-04-14 08:28:34.926 -0700
"000000000000000AAA",SkillRequirementChangeEvent,1270,SkillRequirementChangeEvent,,,,SkillRequirementChangeEvent,Skill Requirement Change Event,Skill Requirement Change Event,Skill Requirement Change Event,,false,true,false,false,false,,"1CE",false,false,false,true,false,false,true,false,true,true,true,false,false,false,/{ID},/{ID}/e,/1CE/e,,,,SkillRequirementChangeEvent.005UZ00000BrdXxYAJ,CDC,false,ControlledByParent,ControlledByParent,false,false,false,false,,,,,,false,2025-04-14 08:28:37.959 -0700
"000000000000000AAA",MessagingChannelUsage,1114,MessagingChannelUsage,,,,MessagingChannelUsage,Messaging Channel Usage,Messaging Channel Usage,Disabled Time,,false,false,false,false,false,,"0gL",false,false,false,true,false,false,false,true,true,true,false,false,true,false,/{ID},/{ID}/e,/0gL/e,,,,MessagingChannelUsage.005UZ00000BrdXxYAJ,System,false,ReadWrite,ReadWrite,false,false,false,false,,,,,,false,2025-04-14 08:28:36.606 -0700
"000000000000000AAA",ContentDocumentChangeEvent,297,ContentDocumentChangeEvent,,,,ContentDocumentChangeEvent,Content Document Change Event,Content Document Change Event,Content Document Change Event,,false,true,false,false,false,,"1CE",false,false,false,true,false,false,true,false,true,true,true,false,false,false,/{ID},/{ID}/e,/1CE/e,,,,ContentDocumentChangeEvent.005UZ00000BrdXxYAJ,CDC,false,Private,Private,false,false,false,false,,,,,,false,2025-04-14 08:28:32.696 -0700
"000000000000000AAA",Opportunity__hd,801,"01I41000003S2h9",2018-01-22 08:12:22.000 -0800,"00541000002elDSAAY",,Opportunity,Opportunity,Opportunity (Historical),Opportunities (Historical),,true,false,false,false,false,Deployed,h00,false,false,true,true,false,false,false,true,false,false,false,false,true,false,/{ID},/{ID}/e,/h00/e,/01I41000003S2h9/e,,,"01I41000003S2h9.005UZ00000BrdXxYAJ",<local>,false,ReadWrite,ReadWrite,false,false,false,false,,,,,,false,2025-04-14 08:28:36.329 -0700
"000000000000000AAA",DataObjectDataChgEvent,384,DataObjectDataChgEvent,,,,DataObjectDataChgEvent,Data Object Data Change Event,Data Object Data Change Event,Data Object Data Change Events,,false,true,false,false,false,,"1e5",false,false,false,false,false,false,true,false,true,false,false,false,false,false,/{ID},/{ID}/e,/1e5/e,,,,DataObjectDataChgEvent.005UZ00000BrdXxYAJ,Conduit,false,ReadWrite,ReadWrite,false,false,false,false,,,,,,false,2025-04-14 08:28:32.879 -0700
"000000000000000AAA",StreamingChannelShare,1290,StreamingChannelShare,,,,StreamingChannelShare,Streaming Channel Share,Streaming Channel Share,Streaming Channel Share,,false,false,false,false,false,,"02c",false,false,false,true,false,false,false,true,true,true,true,false,true,false,/{ID},/{ID}/e,/02c/e,,,,StreamingChannelShare.005UZ00000BrdXxYAJ,System,false,ReadWrite,ReadWrite,false,false,false,false,,,,,,false,2025-04-14 08:28:37.971 -0700
"000000000000000AAA",dstore__Grocery_Store_Review__c,1535,"01I1L000002yl0k",2019-11-26 11:00:52.000 -0800,"00541000003jeZTAAY",dstore,Grocery_Store_Review,Grocery Store Review (Example),Grocery Store Review (Example),Grocery Store Review,dstore__Grocery_Store_Review__c.0AH1L000000kACn,true,true,true,true,true,Deployed,a1R,false,false,true,true,true,true,true,true,true,true,true,true,true,true,/{ID},/{ID}/e,/a1R/e,/01I1L000002yl0k/e,,,"01I1L000002yl0k.005UZ00000BrdXxYAJ",dstore,true,ReadWrite,Private,false,false,false,false,,,,,,false,2025-04-14 08:28:38.032 -0700
"000000000000000AAA",agileed__Classification__Share,1483,"01I8X0000018Sq8.Share",,,agileed,Classification__Share,Share: Classification,Share: Classification,Share: Classification,,false,false,false,false,false,,"02c",false,false,false,true,false,false,false,true,true,true,true,false,true,false,/{ID},/{ID}/e,/02c/e,,,,"01I8X0000018Sq8.Share.005UZ00000BrdXxYAJ",System,false,ReadWrite,Private,false,false,false,false,,,,,,false,2025-04-14 08:28:38.016 -0700
"000000000000000AAA",ExpressionFilter,487,ExpressionFilter,,,,ExpressionFilter,ExpressionFilter,ExpressionFilter,ExpressionFilters,,false,false,true,false,false,,"1GS",false,false,true,true,false,false,false,true,true,true,true,false,true,false,/{ID},/{ID}/e,/1GS/e,,,,ExpressionFilter.005UZ00000BrdXxYAJ,System,false,ControlledByParent,ControlledByParent,false,false,false,false,,,,,,false,2025-04-14 08:28:34.416 -0700
"000000000000000AAA",SBQQ__WebQuote__History,1210,"01I41000002c7ir.History",,,SBQQ,WebQuote__History,History: Web Quote,History: Web Quote,History: Web Quote,,false,false,false,false,false,,"017",false,false,true,true,false,false,false,true,true,false,true,false,true,false,/{ID},/{ID}/e,/017/e,,,,"01I41000002c7ir.History.005UZ00000BrdXxYAJ",System,false,ReadWrite,ReadWrite,false,false,false,false,,,,,,false,2025-04-14 08:28:37.932 -0700
"000000000000000AAA",SBQQ__ErrorCondition__ChangeEvent,951,"01I41000002c7i1.ChangeEvent",,,SBQQ,ErrorCondition__ChangeEvent,Change Event: Error Condition,Change Event: Error Condition,Change Event: Error Condition,,false,true,false,false,false,,"1CE",false,false,false,true,false,false,true,false,true,true,true,false,false,false,/{ID},/{ID}/e,/1CE/e,,,,"01I41000002c7i1.ChangeEvent.005UZ00000BrdXxYAJ",CDC,false,ControlledByParent,ControlledByParent,false,false,false,false,,,,,,false,2025-04-14 08:28:36.502 -0700
"000000000000000AAA",LCOM_Account__History,682,"01IUZ000000NrQD.History",,,,LCOM_Account__History,History: LCOM Account,History: LCOM Account,History: LCOM Account,,false,false,false,false,false,,"017",false,false,true,true,false,false,false,true,true,false,true,false,true,false,/{ID},/{ID}/e,/017/e,,,,"01IUZ000000NrQD.History.005UZ00000BrdXxYAJ",System,false,ControlledByParent,ControlledByParent,false,false,false,false,,,,,,false,2025-04-14 08:28:34.845 -0700
"000000000000000AAA",CustomPermission,342,CustomPermission,,,,CustomPermission,Custom Permission,Custom Permission,Custom Permissions,,false,false,false,false,false,,"0CP",false,false,false,true,false,false,false,true,true,true,true,false,true,false,/{ID},/{ID}/e,/0CP/e,,,,CustomPermission.005UZ00000BrdXxYAJ,System,true,ReadWrite,ReadWrite,false,false,false,false,,,,,,false,2025-04-14 08:28:32.877 -0700
"000000000000000AAA",SBQQ__QuoteTemplate__History,943,"01I41000002c7iX.History",,,SBQQ,QuoteTemplate__History,History: Quote Template,History: Quote Template,History: Quote Template,,false,false,false,false,false,,"017",false,false,true,true,false,false,false,true,true,false,true,false,true,false,/{ID},/{ID}/e,/017/e,,,,"01I41000002c7iX.History.005UZ00000BrdXxYAJ",System,false,ReadWrite,ReadWrite,false,false,false,false,,,,,,false,2025-04-14 08:28:36.502 -0700
"000000000000000AAA",IS_REQUEST_FORM__c,626,"01I1L000002qRTm",2020-10-19 14:43:49.000 -0700,"0051L000007gwhLQAQ",,IS_REQUEST_FORM,IS Request Form,IS Request Form,IS Request Forms,IS_REQUEST_FORM__c.SYSTEM,true,true,true,true,true,Deployed,a5f,false,false,true,true,true,true,true,true,true,true,true,false,true,true,/{ID},/{ID}/e,/a5f/e,/01I1L000002qRTm/e,,,"01I1L000002qRTm.005UZ00000BrdXxYAJ",<local>,true,ReadWrite,Private,false,false,false,false,,,,,,false,2025-04-14 08:28:34.763 -0700
"000000000000000AAA",MktMLModelFeed,985,MktMLModelFeed,,,,MktMLModelFeed,__MISSING LABEL__ PropertyFile - val MktMLModel not found in section StandardFeedLabel,__MISSING LABEL__ PropertyFile - val MktMLModel not found in section StandardFeedLabel,__MISSING LABEL__ PropertyFile - val MktMLModel not found in section StandardFeedLabel,,false,false,false,false,false,,"0D5",false,false,true,true,false,false,false,true,false,false,true,false,true,false,/{ID},/{ID}/e,/0D5/e,,,,MktMLModelFeed.005UZ00000BrdXxYAJ,System,false,Private,Private,false,false,false,false,,,,,,false,2025-04-14 08:28:36.576 -0700
"000000000000000AAA",SBQQ__SummaryVariable__c,820,"01I41000002c7ij",2024-10-12 01:17:42.000 -0700,"00541000003NPmqAAG",SBQQ,SummaryVariable,Summary Variable,Summary Variable,Summary Variables,SBQQ__SummaryVariable__c.SYSTEM,true,true,true,true,true,Deployed,a15,false,false,true,true,true,true,true,true,true,true,true,false,true,true,/{ID},/{ID}/e,/a15/e,/01I41000002c7ij/e,Summary Variable Help,/06641000007WPF5,"01I41000002c7ij.005UZ00000BrdXxYAJ",SBQQ,true,ReadWrite,ReadWrite,false,false,false,false,,,,,,false,2025-04-14 08:28:36.356 -0700
"000000000000000AAA",codesters__Codesters_Member__c,1515,"01I8X000003YKaz",2023-11-15 17:05:29.000 -0800,"0051L000007gwhLQAQ",codesters,Codesters_Member,Codesters Member,Codesters Member,Codesters Members,codesters__Codesters_Member__c.SYSTEM,true,true,true,true,true,Deployed,a2H,false,false,true,true,true,true,true,true,true,true,true,false,true,true,/{ID},/{ID}/e,/a2H/e,/01I8X000003YKaz/e,,,"01I8X000003YKaz.005UZ00000BrdXxYAJ",codesters,true,ControlledByParent,ControlledByParent,false,false,false,false,,,,,,false,2025-04-14 08:28:38.030 -0700
"000000000000000AAA",MacroInstruction,786,MacroInstruction,,,,MacroInstruction,Macro Instruction,Macro Instruction,Macro Instructions,,false,false,true,false,false,,"0Ji",false,false,true,true,false,false,false,true,true,true,true,false,true,false,/{ID},/{ID}/e,/0Ji/e,,,,MacroInstruction.005UZ00000BrdXxYAJ,System,false,ControlledByParent,ControlledByParent,false,false,false,false,,,,,,false,2025-04-14 08:28:34.928 -0700
"000000000000000AAA",ChangeRequest,201,ChangeRequest,,,,ChangeRequest,Change Request,Change Request,Change Requests,ChangeRequest.SYSTEM,true,true,true,true,true,,"0oW",false,false,true,true,true,true,true,true,true,true,true,true,true,true,/{ID},/{ID}/e,/0oW/e,,,,ChangeRequest.005UZ00000BrdXxYAJ,System,true,Private,Private,false,false,false,false,,,,,,false,2025-04-14 08:28:32.479 -0700
"000000000000000AAA",ObjectPermissions,1189,ObjectPermissions,,,,ObjectPermissions,Object Permissions,Object Permissions,Object Permissions,,false,false,false,false,false,,"110",false,false,false,true,false,false,false,true,true,true,true,false,true,false,/{ID},/{ID}/e,/110/e,,,,ObjectPermissions.005UZ00000BrdXxYAJ,System,false,ReadWrite,ReadWrite,false,false,false,false,,,,,,false,2025-04-14 08:28:36.617 -0700
"000000000000000AAA",Implementation__History,642,"01I1L000002uX80.History",,,,Implementation__History,History: Implementation,History: Implementation,History: Implementation,,false,false,false,false,false,,"017",false,false,true,true,false,false,false,true,true,false,true,false,true,false,/{ID},/{ID}/e,/017/e,,,,"01I1L000002uX80.History.005UZ00000BrdXxYAJ",System,false,ReadWrite,ReadWrite,false,false,false,false,,,,,,false,2025-04-14 08:28:34.764 -0700
"000000000000000AAA",WorkPlanTemplateFeed,1456,WorkPlanTemplateFeed,,,,WorkPlanTemplateFeed,Work Plan Template Feed,Work Plan Template Feed,Work Plan Template Feed,,false,false,false,false,false,,"0D5",false,false,true,true,false,false,false,true,false,false,true,false,true,false,/{ID},/{ID}/e,/0D5/e,,,,WorkPlanTemplateFeed.005UZ00000BrdXxYAJ,System,false,Private,Private,false,false,false,false,,,,,,false,2025-04-14 08:28:38.006 -0700
"000000000000000AAA",UserCustomBadgeLocalization,1383,UserCustomBadgeLocalization,,,,UserCustomBadgeLocalization,Translation,Translation,Translation,,false,false,false,false,false,,"01j",false,false,true,true,false,false,false,true,true,true,true,false,true,false,/{ID},/{ID}/e,/01j/e,,,,UserCustomBadgeLocalization.005UZ00000BrdXxYAJ,System,false,ReadWrite,ReadWrite,false,false,false,false,,,,,,false,2025-04-14 08:28:37.990 -0700
"000000000000000AAA",codesters__Codesters_Transaction__ChangeEvent,1524,"01I8X000003YKb3.ChangeEvent",,,codesters,Codesters_Transaction__ChangeEvent,Change Event: Codesters Transaction,Change Event: Codesters Transaction,Change Event: Codesters Transaction,,false,true,false,false,false,,"1CE",false,false,false,true,false,false,true,false,true,true,true,false,false,false,/{ID},/{ID}/e,/1CE/e,,,,"01I8X000003YKb3.ChangeEvent.005UZ00000BrdXxYAJ",CDC,false,ControlledByParent,ControlledByParent,false,false,false,false,,,,,,false,2025-04-14 08:28:38.031 -0700
"000000000000000AAA",MatchingInformation,798,MatchingInformation,,,,MatchingInformation,Matching Information,Matching Information,Matching Information,,false,false,false,false,false,,"0Ib",false,false,true,true,false,false,false,true,true,true,true,false,true,false,/{ID},/{ID}/e,/0Ib/e,,,,MatchingInformation.005UZ00000BrdXxYAJ,System,false,ReadWrite,ReadWrite,false,false,false,false,,,,,,false,2025-04-14 08:28:34.929 -0700
"000000000000000AAA",SurveyChangeEvent,1293,SurveyChangeEvent,,,,SurveyChangeEvent,Survey Change Event,Survey Change Event,Survey Change Event,,false,true,false,false,false,,"1CE",false,false,false,true,false,false,true,false,true,true,true,false,false,false,/{ID},/{ID}/e,/1CE/e,,,,SurveyChangeEvent.005UZ00000BrdXxYAJ,CDC,false,Private,Private,false,false,false,false,,,,,,false,2025-04-14 08:28:37.971 -0700
"000000000000000AAA",CaseFeed,183,CaseFeed,,,,CaseFeed,Case Feed,Case Feed,Case Feed,,false,false,false,false,false,,"0D5",false,false,true,true,false,false,false,true,false,false,true,false,true,false,/{ID},/{ID}/e,/0D5/e,,,,CaseFeed.005UZ00000BrdXxYAJ,System,false,Read,Read,false,false,false,false,,,,,,false,2025-04-14 08:28:32.477 -0700
"000000000000000AAA",QuickTextChangeEvent,994,QuickTextChangeEvent,,,,QuickTextChangeEvent,Quick Text Change Event,Quick Text Change Event,Quick Text Change Event,,false,true,false,false,false,,"1CE",false,false,false,true,false,false,true,false,true,true,true,false,false,false,/{ID},/{ID}/e,/1CE/e,,,,QuickTextChangeEvent.005UZ00000BrdXxYAJ,CDC,false,Private,Private,false,false,false,false,,,,,,false,2025-04-14 08:28:36.583 -0700
"000000000000000AAA",AccountContactRole,13,AccountContactRole,,,,AccountContactRole,Account Contact Role,Account Contact Role,Account Contact Roles,,false,false,false,false,false,,"02Z",false,false,true,true,false,false,false,true,true,true,true,false,true,false,/{ID},/{ID}/e,/02Z/e,,,,AccountContactRole.005UZ00000BrdXxYAJ,System,false,ControlledByParent,ControlledByParent,false,false,false,false,,,,,,false,2025-04-14 08:28:32.335 -0700
"000000000000000AAA",CommSubscriptionTimingChangeEvent,245,CommSubscriptionTimingChangeEvent,,,,CommSubscriptionTimingChangeEvent,Communication Subscription Timing Change Event,Communication Subscription Timing Change Event,Communication Subscription Timing Change Event,,false,true,false,false,false,,"1CE",false,false,false,true,false,false,true,false,true,true,true,false,false,false,/{ID},/{ID}/e,/1CE/e,,,,CommSubscriptionTimingChangeEvent.005UZ00000BrdXxYAJ,CDC,false,ControlledByParent,ControlledByParent,false,false,false,false,,,,,,false,2025-04-14 08:28:32.617 -0700
"000000000000000AAA",SBQQ__QuoteLine__c,860,"01I41000002c7iV",2025-04-10 14:30:09.000 -0700,"005UZ00000B4tsPYAR",SBQQ,QuoteLine,Quote Line,Quote Line,Quote Lines,SBQQ__QuoteLine__c.SYSTEM,true,true,true,true,true,Deployed,a0r,false,false,true,true,true,true,true,true,true,true,true,false,true,true,/{ID},/{ID}/e,/a0r/e,/01I41000002c7iV/e,QuoteLineHelp,/06641000007WPEg,"01I41000002c7iV.005UZ00000BrdXxYAJ",SBQQ,true,ControlledByParent,ControlledByParent,false,false,false,false,,,,,,false,2025-04-14 08:28:36.379 -0700
"000000000000000AAA",CollaborationGroupRecordChangeEvent,224,CollaborationGroupRecordChangeEvent,,,,CollaborationGroupRecordChangeEvent,Group Record Change Event,Group Record Change Event,Group Record Change Event,,false,true,false,false,false,,"1CE",false,false,false,true,false,false,true,false,true,true,true,false,false,false,/{ID},/{ID}/e,/1CE/e,,,,CollaborationGroupRecordChangeEvent.005UZ00000BrdXxYAJ,CDC,false,ReadWrite,ReadWrite,false,false,false,false,,,,,,false,2025-04-14 08:28:32.562 -0700
"000000000000000AAA",codesters__Codesters_Member__History,1514,"01I8X000003YKaz.History",,,codesters,Codesters_Member__History,History: Codesters Member,History: Codesters Member,History: Codesters Member,,false,false,false,false,false,,"017",false,false,true,true,false,false,false,true,true,false,true,false,true,false,/{ID},/{ID}/e,/017/e,,,,"01I8X000003YKaz.History.005UZ00000BrdXxYAJ",System,false,ControlledByParent,ControlledByParent,false,false,false,false,,,,,,false,2025-04-14 08:28:38.030 -0700
"000000000000000AAA",BroadcastTopicNetwork,141,BroadcastTopicNetwork,,,,BroadcastTopicNetwork,Broadcast Topic Network,Broadcast Topic Network,Broadcast Topic Networks,,true,true,true,true,false,,"0xM",false,false,true,true,false,false,true,true,true,true,true,false,true,false,/{ID},/{ID}/e,/0xM/e,,,,BroadcastTopicNetwork.005UZ00000BrdXxYAJ,System,false,ControlledByParent,ControlledByParent,false,false,false,false,,,,,,false,2025-04-14 08:28:32.461 -0700
"000000000000000AAA",ContentFolderMember,305,ContentFolderMember,,,,ContentFolderMember,Content Folder Member,Content Folder Member,Content Folder Members,,false,false,false,false,false,,"07I",false,false,false,true,false,false,false,true,true,true,true,false,true,false,/{ID},/{ID}/e,/07I/e,,,,ContentFolderMember.005UZ00000BrdXxYAJ,System,false,ReadWrite,ReadWrite,false,false,false,false,,,,,,false,2025-04-14 08:28:32.697 -0700
"000000000000000AAA",FlowStageRelation,534,FlowStageRelation,,,,FlowStageRelation,Flow Interview Stage Relation,Flow Interview Stage Relation,Flow Interview Stage Relations,,false,false,false,false,false,,"31y",false,false,true,true,false,false,false,true,true,true,true,false,true,false,/{ID},/{ID}/e,/31y/e,,,,FlowStageRelation.005UZ00000BrdXxYAJ,System,false,ControlledByParent,ControlledByParent,false,false,false,false,,,,,,false,2025-04-14 08:28:34.533 -0700
"000000000000000AAA",DataSemanticSearch,391,DataSemanticSearch,,,,DataSemanticSearch,Search Index,Search Index,Search Index,DataSemanticSearch.SYSTEM,false,true,false,false,true,,"18l",false,false,true,true,true,true,true,true,true,true,true,true,true,true,/{ID},/{ID}/e,/18l/e,,,,DataSemanticSearch.005UZ00000BrdXxYAJ,System,true,ReadWrite,ReadWrite,false,false,false,false,,,,,,false,2025-04-14 08:28:32.879 -0700
"000000000000000AAA",DashboardComponentFeed,348,DashboardComponentFeed,,,,DashboardComponentFeed,Dashboard Component Feed,Dashboard Component Feed,Dashboard Component Feed,,false,false,false,false,false,,"0D5",false,false,true,true,false,false,false,true,false,false,true,false,true,false,/{ID},/{ID}/e,/0D5/e,,,,DashboardComponentFeed.005UZ00000BrdXxYAJ,System,false,ReadWrite,ReadWrite,false,false,false,false,,,,,,false,2025-04-14 08:28:32.877 -0700
"000000000000000AAA",OpportunityContactRole,886,OpportunityContactRole,,,,OpportunityContactRole,Opportunity Contact Role,Opportunity Contact Role,Opportunity Contact Role,OpportunityContactRole.SYSTEM,true,true,true,false,true,,"00K",false,false,true,true,false,false,true,true,true,true,true,false,true,false,/{ID},/{ID}/e,/00K/e,,,,OpportunityContactRole.005UZ00000BrdXxYAJ,System,true,ReadWrite,ReadWrite,false,false,false,false,,,,,,false,2025-04-14 08:28:36.396 -0700
"000000000000000AAA",Knowledge__DataCategorySelection,673,"01IUZ0000006uXN.DataCategorySelection",,,,Knowledge__DataCategorySelection,Data Category Selection: Knowledge,Data Category Selection: Knowledge,Data Category Selection: Knowledge,,false,false,false,false,false,,"02o",false,false,true,true,false,false,false,true,true,true,true,false,true,false,/{ID},/{ID}/e,/02o/e,,,,"01IUZ0000006uXN.DataCategorySelection.005UZ00000BrdXxYAJ",System,false,ReadWrite,Read,false,false,false,false,,,,,,false,2025-04-14 08:28:34.844 -0700
"000000000000000AAA",SurveyQuestionChoiceChangeEvent,1306,SurveyQuestionChoiceChangeEvent,,,,SurveyQuestionChoiceChangeEvent,Survey Question Choice Change Event,Survey Question Choice Change Event,Survey Question Choice Change Event,,false,true,false,false,false,,"1CE",false,false,false,true,false,false,true,false,true,true,true,false,false,false,/{ID},/{ID}/e,/1CE/e,,,,SurveyQuestionChoiceChangeEvent.005UZ00000BrdXxYAJ,CDC,false,ControlledByParent,ControlledByParent,false,false,false,false,,,,,,false,2025-04-14 08:28:37.971 -0700
"000000000000000AAA",SurveyEngagementContextShare,1296,SurveyEngagementContextShare,,,,SurveyEngagementContextShare,Survey Engagement Context Share,Survey Engagement Context Share,Survey Engagement Context Share,,false,false,false,false,false,,"02c",false,false,false,true,false,false,false,true,true,true,true,false,true,false,/{ID},/{ID}/e,/02c/e,,,,SurveyEngagementContextShare.005UZ00000BrdXxYAJ,System,false,Private,Private,false,false,false,false,,,,,,false,2025-04-14 08:28:37.971 -0700
"000000000000000AAA",LCOM_Suite__c,707,"01IUZ000000NrQM",2024-05-16 23:24:22.000 -0700,"005UZ000002t937YAA",,LCOM_Suite,LCOM Suite,LCOM Suite,LCOM Suites,LCOM_Suite__c.SYSTEM,true,true,true,true,true,Deployed,a5V,false,false,true,true,true,true,true,true,true,true,true,false,true,true,/{ID},/{ID}/e,/a5V/e,/01IUZ000000NrQM/e,,,"01IUZ000000NrQM.005UZ00000BrdXxYAJ",<local>,true,ReadWrite,Private,false,false,false,false,,,,,,false,2025-04-14 08:28:34.849 -0700
"000000000000000AAA",Learning_com_Sales_Console__ChangeEvent,725,"01I41000002yhKw.ChangeEvent",,,,Learning_com_Sales_Console__ChangeEvent,Change Event: Learning.com Sales Console,Change Event: Learning.com Sales Console,Change Event: Learning.com Sales Console,,false,true,false,false,false,,"1CE",false,false,false,true,false,false,true,false,true,true,true,false,false,false,/{ID},/{ID}/e,/1CE/e,,,,"01I41000002yhKw.ChangeEvent.005UZ00000BrdXxYAJ",CDC,false,ReadWrite,ReadWrite,false,false,false,false,,,,,,false,2025-04-14 08:28:34.865 -0700
"000000000000000AAA",ForecastingFilter,546,ForecastingFilter,,,,ForecastingFilter,Forecasting Filter,Forecasting Filter,Forecasting Filters,,false,false,false,false,false,,"0r0",false,false,false,true,false,false,false,true,true,true,true,false,true,false,/{ID},/{ID}/e,/0r0/e,,,,ForecastingFilter.005UZ00000BrdXxYAJ,System,false,ReadWrite,ReadWrite,false,false,false,false,,,,,,false,2025-04-14 08:28:34.533 -0700
"000000000000000AAA",Business_Ops_Request__ChangeEvent,152,"01I1L000002ykzv.ChangeEvent",,,,Business_Ops_Request__ChangeEvent,Change Event: Business Ops Request,Change Event: Business Ops Request,Change Event: Business Ops Request,,false,true,false,false,false,,"1CE",false,false,false,true,false,false,true,false,true,true,true,false,false,false,/{ID},/{ID}/e,/1CE/e,,,,"01I1L000002ykzv.ChangeEvent.005UZ00000BrdXxYAJ",CDC,false,ReadWrite,Private,false,false,false,false,,,,,,false,2025-04-14 08:28:32.462 -0700
"000000000000000AAA",UserPrioritizedRecordShare,1403,UserPrioritizedRecordShare,,,,UserPrioritizedRecordShare,User Prioritized Record Share,User Prioritized Record Share,User Prioritized Record Share,,false,false,false,false,false,,"02c",false,false,false,true,false,false,false,true,true,true,true,false,true,false,/{ID},/{ID}/e,/02c/e,,,,UserPrioritizedRecordShare.005UZ00000BrdXxYAJ,System,false,Private,Private,false,false,false,false,,,,,,false,2025-04-14 08:28:37.991 -0700
"000000000000000AAA",QuoteLineItemChangeEvent,1059,QuoteLineItemChangeEvent,,,,QuoteLineItemChangeEvent,Quote Line Item Change Event,Quote Line Item Change Event,Quote Line Item Change Event,,false,true,false,false,false,,"1CE",false,false,false,true,false,false,true,false,true,true,true,false,false,false,/{ID},/{ID}/e,/1CE/e,,,,QuoteLineItemChangeEvent.005UZ00000BrdXxYAJ,CDC,false,ControlledByParent,ControlledByParent,false,false,false,false,,,,,,false,2025-04-14 08:28:36.604 -0700
"000000000000000AAA",orgtrusthealth__SFInstance__Share,1542,"01I8X000002MYQD.Share",,,orgtrusthealth,SFInstance__Share,Share: SFInstance,Share: SFInstance,Share: SFInstance,,false,false,false,false,false,,"02c",false,false,false,true,false,false,false,true,true,true,true,false,true,false,/{ID},/{ID}/e,/02c/e,,,,"01I8X000002MYQD.Share.005UZ00000BrdXxYAJ",System,false,ReadWrite,Private,false,false,false,false,,,,,,false,2025-04-14 08:28:38.040 -0700
"000000000000000AAA",SlaProcess,1275,SlaProcess,,,,SlaProcess,Entitlement Process,Entitlement Process,Entitlement Processes,,false,false,false,false,false,,"552",false,false,false,true,false,true,false,true,true,true,true,false,true,true,/{ID},/{ID}/e,/552/e,,,,SlaProcess.005UZ00000BrdXxYAJ,System,true,ReadWrite,ReadWrite,false,false,false,false,,,,,,false,2025-04-14 08:28:37.959 -0700
"000000000000000AAA",ApexPage,50,ApexPage,,,,ApexPage,Visualforce Page,Visualforce Page,Visualforce Pages,,false,false,false,false,false,,"066",false,false,true,true,false,true,false,true,true,true,true,false,true,true,/{ID},/{ID}/e,/066/e,,,,ApexPage.005UZ00000BrdXxYAJ,System,false,ReadWrite,ReadWrite,false,false,false,false,,,,,,false,2025-04-14 08:28:32.361 -0700
"000000000000000AAA",ContactRequest,289,ContactRequest,,,,ContactRequest,Contact Request,Contact Request,Contact Requests,ContactRequest.SYSTEM,true,true,true,false,true,,"0Tz",false,false,true,true,false,false,true,true,true,true,true,false,true,true,/{ID},/{ID}/e,/0Tz/e,,,,ContactRequest.005UZ00000BrdXxYAJ,System,true,ReadWrite,ReadWrite,false,false,false,false,,,,,,false,2025-04-14 08:28:32.688 -0700
"000000000000000AAA",UserLocalWebServerIdentityShare,1398,UserLocalWebServerIdentityShare,,,,UserLocalWebServerIdentityShare,User Local Web Server Identity Share,User Local Web Server Identity Share,User Local Web Server Identity Share,,false,false,false,false,false,,"02c",false,false,false,true,false,false,false,true,true,true,true,false,true,false,/{ID},/{ID}/e,/02c/e,,,,UserLocalWebServerIdentityShare.005UZ00000BrdXxYAJ,System,false,Private,Private,false,false,false,false,,,,,,false,2025-04-14 08:28:37.990 -0700
"000000000000000AAA",Gong__Gong_Custom_Settings__ChangeEvent,581,"01IUZ0000004zxq.ChangeEvent",,,Gong,Gong_Custom_Settings__ChangeEvent,Change Event: Gong Custom Settings,Change Event: Gong Custom Settings,Change Event: Gong Custom Settings,,false,true,false,false,false,,"1CE",false,false,false,true,false,false,true,false,true,true,true,false,false,false,/{ID},/{ID}/e,/1CE/e,,,,"01IUZ0000004zxq.ChangeEvent.005UZ00000BrdXxYAJ",CDC,false,ReadWrite,ReadWrite,false,false,false,false,,,,,,false,2025-04-14 08:28:34.606 -0700
