"table_name","column_name"
account,_fivetran_deleted
account,_fivetran_synced
account,account_dupe_management_id_c
account,account_email_c
account,account_grade_c
account,account_id_c
account,account_last_activity_date_c
account,account_lifecycle_stage_c
account,account_management_type_c
account,account_manager_c
account,account_number
account,account_source
account,act_id_c
account,active_principals_c
account,actively_prospecting_c
account,activity_metric_id
account,activity_metric_rollup_id
account,addressee_billing_c
account,addressee_shipping_c
account,ae_or_isr_c
account,agile_duplicate_id_c
account,agile_id_c
account,agile_lms_c
account,agileed_agile_ed_insert_c
account,agileed_agile_ed_key_c
account,agileed_agile_ed_latest_update_date_c
account,agileed_agile_ed_parent_key_c
account,agileed_agile_ed_status_c
account,agileed_agile_ed_up_to_date_c
account,agileed_agileed_do_not_update_c
account,agileed_connect_link_changed_person_hierarchies_c
account,agileed_connect_link_changed_personnel_titles_c
account,agileed_connect_link_district_key_c
account,agileed_connect_link_do_not_update_hierarchy_c
account,agileed_connect_link_file_type_c
account,agileed_connect_link_hierarchized_personnel_c
account,agileed_connect_link_inactivated_personnel_roles_c
account,agileed_connect_link_licensed_status_c
account,agileed_connect_link_metrics_run_start_c
account,agileed_connect_link_new_personnel_roles_c
account,agileed_connect_link_personnel_roles_c
account,agileed_connect_link_personnel_titles_c
account,agileed_last_sync_c
account,agileed_parent_pending_c
account,agileed_personnel_last_sync_c
account,alt_phone_c
account,annual_revenue
account,attn_billing_c
account,attn_shipping_c
account,avg_days_to_pay_c
account,beginning_arr_c
account,billing_city
account,billing_country
account,billing_country_code
account,billing_geocode_accuracy
account,billing_latitude
account,billing_longitude
account,billing_postal_code
account,billing_state
account,billing_state_code
account,billing_street
account,bulk_update_batch_c
account,cares_act_allocation_c
account,category_c
account,churn_date_c
account,churned_opportunity_id_c
account,closed_district_tx_adoption_c
account,code_monkey_customer_c
account,codester_customer_type_c
account,codester_id_c
account,codesters_account_to_be_migrated_to_prod_c
account,codesters_arr_c
account,codesters_codesters_organization_c
account,codesters_customer_2_c
account,codesters_customer_dedupe_flag_c
account,codesters_expansion_tam_c
account,codesters_national_id_c
account,codesters_null_codesters_license_c
account,codesters_sfdc_id_c
account,commissioner_of_ed_c
account,company_domain_name_c
account,competitor_spend_since_2018_c
account,competitors_present_c
account,completed_onboarding_c
account,computer_os_c
account,contracted_roll_up_c
account,county_name_c
account,created_by_id
account,created_date
account,csm_email_c
account,csm_id_c
account,csm_name_c
account,csm_phone_number_c
account,csm_strategy_c
account,current_renewal_arr_c
account,current_total_ultimate_parent_c
account,curriculum_sequence_c
account,customer_health_c
account,customer_health_score_c
account,customer_level_c
account,customer_level_override_c
account,customer_objectives_c
account,customer_since_c
account,customer_stage_c
account,customer_type_c
account,data_quality_description_c
account,data_quality_score_c
account,de_identified_district_c
account,description
account,detailed_grade_c
account,digital_skills_playlist_url_c
account,district_c
account,district_easy_code_tam_c
account,district_easy_tech_tam_c
account,district_elementary_teachers_c
account,district_enrollment_c
account,district_expansion_potential_c
account,district_faculty_library_media_fte_c
account,district_instructional_expenditures_c
account,district_k_8_enrollment_c
account,district_kindergarten_teachers_c
account,district_local_revenue_cities_c
account,district_local_revenue_other_leas_c
account,district_local_revenue_other_taxes_c
account,district_local_revenue_property_taxes_c
account,district_name_search_c
account,district_nces_c
account,district_overview_c
account,district_presence_c
account,district_requirement_c
account,district_saturation_c
account,district_state_initiative_c
account,district_stem_c
account,district_total_capital_outlay_c
account,district_total_expenditures_c
account,district_total_expense_per_student_c
account,district_total_fed_revenue_c
account,district_total_local_revenue_c
account,district_total_revenue_c
account,district_total_state_revenue_c
account,district_total_tam_c
account,district_type_c
account,dq_opportunities_c
account,dummy_field_c
account,easy_code_tam_6_8_c
account,easy_code_tam_k_5_c
account,easy_tech_customer_c
account,easy_tech_tam_c
account,easy_tech_tam_captured_c
account,ec_tam_c
account,ed_services_owner_c
account,education_climate_index_c
account,education_type_c
account,educational_environment_c
account,eighth_grade_enrollment_c
account,email_domain_c
account,emo_cmo_id_c
account,emo_cmo_name_c
account,end_date_c
account,enrollment_advanced_placement_c
account,enrollment_band_c
account,enrollment_tier_c
account,esser_funding_c
account,et_tam_c
account,exes_campaign_c
account,expired_renewal_c
account,facilitator_s_c
account,fax
account,fifth_grade_enrollment_c
account,first_contact_c
account,first_grade_enrollment_c
account,first_name_c
account,fiscal_career_and_tech_federal_c
account,fiscal_career_and_tech_state_c
account,fiscal_career_and_tech_teacher_salar_c
account,fiscal_title_i_eligible_school_c
account,fiscal_title_i_funding_c
account,fiscal_title_i_percentage_c
account,fiscal_title_i_school_c
account,fiscal_title_i_school_yes_no_c
account,fiscal_title_i_schoolwide_c
account,fiscal_title_i_schoolwide_yes_no_c
account,fiscal_title_i_status_text_c
account,free_lunch_students_c
account,free_reduced_lunch_c
account,funding_title_ii_a_c
account,funding_title_iii_a_c
account,future_ready_c
account,gainsight_customer_c
account,gainsight_house_c
account,gainsight_recommended_strategy_c
account,gainsight_status_c
account,gong_gong_count_c
account,google_integration_c
account,governor_c
account,governor_s_party_affiliation_c
account,grade_level_c
account,grade_level_detail_c
account,grade_levels_c
account,grade_range_c
account,gsid_c
account,has_codesters_child_accounts_c
account,hi_speed_classroom_internet_c
account,hi_speed_internet_c
account,hml_title_i_funding_c
account,hml_title_i_per_student_c
account,home_income_level_c
account,house_account_c
account,i_pad_schools_percent_c
account,i_pads_for_instruction_c
account,id
account,ima_coordinator_c
account,ima_coordinator_identified_c
account,implementation_focus_area_c
account,implementation_role_s_c
account,implementation_summary_c
account,implementation_type_c
account,industry
account,inst_uid_c
account,instructional_leader_c
account,international_reseller_c
account,is_customer_portal
account,is_deleted
account,is_is_current_user_c
account,is_priority_record
account,jigsaw
account,jigsaw_company_id
account,k_12_enrollment_c
account,k_5_enrollment_c
account,k_8_district_presence_c
account,k_8_enrollment_c
account,key_account_c
account,key_state_leaders_c
account,kindergarten_enrollment_c
account,known_duplicate_c
account,last_activity_date
account,last_activity_logged_on_c
account,last_modified_by_id
account,last_modified_date
account,last_name_c
account,last_referenced_date
account,last_viewed_date
account,lcom_account_c
account,lcom_account_class_c
account,lcom_account_count_c
account,lcom_organization_c
account,lcom_organization_count_c
account,lcom_organization_district_c
account,lcom_organization_has_parent_c
account,learn_dash_code_c
account,learn_dash_code_sent_c
account,learning_sbxid_c
account,les_opp_c
account,license_consumption_c
account,licenses_consumed_c
account,licenses_provisioned_c
account,lifecycle_stage_c
account,lms_c
account,map_tracker_c
account,master_record_id
account,mdr_number_c
account,measures_of_success_c
account,mi_pilot_c
account,migration_tool_c
account,multi_tiered_account_c
account,name
account,name_with_lcom_organization_info_c
account,national_district_id_c
account,national_school_id_c
account,nc_campaign_owner_c
account,nc_tier_1_c
account,nces_lea_id_c
account,nces_unique_id_c
account,nces_unique_id_for_dedupe_c
account,net_suite_id_c
account,net_suite_link_c
account,netsuite_account_number_c
account,next_renewal_date_c
account,no_of_child_account_c
account,nps_count_c
account,nps_score_c
account,nps_sum_c
account,num_opps_c
account,number_of_2020_opps_c
account,number_of_active_code_monkey_subscription_c
account,number_of_active_codesters_subscriptions_c
account,number_of_active_easy_tech_subscriptions_c
account,number_of_active_vidcode_subscriptions_c
account,number_of_child_customers_c
account,number_of_elementary_schools_c
account,number_of_employees
account,number_of_high_schools_c
account,number_of_k_8_buildings_c
account,number_of_middle_schools_c
account,number_of_open_opportunities_c
account,number_of_open_opps_c
account,number_of_page_views_c
account,number_of_renewal_opps_c
account,number_of_schools_c
account,number_of_sessions_c
account,number_of_students_c
account,number_of_title_i_schools_c
account,number_of_won_renewal_opportunities_c
account,nyc_school_id_c
account,of_opps_at_renewal_identified_c
account,onboarding_date_c
account,open_opportunity_amount_c
account,open_renewal_opportunities_c
account,org_type_c
account,otc_provisioned_c
account,otc_provisioned_date_c
account,overall_plan_description_c
account,owner_id
account,owner_name_c
account,owner_name_text_c
account,ownership
account,parent_account_owner_c
account,parent_and_child_match_c
account,parent_churned_c
account,parent_et_tam_c
account,parent_gsid_c
account,parent_id
account,parent_long_name_c
account,parent_mdr_c
account,parent_name_c
account,parent_name_proper_case_c
account,parent_owner_id_c
account,parent_uid_c
account,pct_afro_amer_c
account,pct_asian_c
account,pct_hisp_c
account,pct_multi_racial_c
account,pct_native_c
account,pct_pacific_c
account,pct_white_c
account,pd_training_c
account,per_student_expenditures_c
account,percent_students_ell_c
account,percent_students_iep_c
account,phone
account,photo_url
account,platform_district_name_c
account,platform_name_2_c
account,platform_name_c
account,platform_school_district_id_c
account,platform_school_id_c
account,platform_sync_c
account,po_1_c
account,portal_password_c
account,portal_url_c
account,portal_username_c
account,poverty_percent_under_age_18_c
account,pre_k_enrollment_c
account,previous_meetings_in_district_c
account,primary_lms_c
account,priority_account_c
account,promotion_awareness_plan_c
account,prospecting_ended_c
account,prospecting_started_c
account,prospecting_status_c
account,provisioned_buildings_c
account,rating
account,record_type_c
account,record_type_id
account,reduced_lunch_student_c
account,reference_accounts_c
account,reference_customer_c
account,related_activity_c
account,related_c
account,renewal_forecast_segment_c
account,resa_name_c
account,resa_name_proper_c
account,resa_uid_c
account,reseller_c
account,rpm_owner_c
account,rpm_user_id_c
account,sales_owner_field_c
account,sales_support_rep_c
account,sbqq_asset_quantities_combined_c
account,sbqq_co_termed_contracts_combined_c
account,sbqq_co_termination_event_c
account,sbqq_contract_co_termination_c
account,sbqq_default_opportunity_c
account,sbqq_ignore_parent_contracted_prices_c
account,sbqq_preserve_bundle_c
account,sbqq_price_hold_end_c
account,sbqq_renewal_model_c
account,sbqq_renewal_pricing_method_c
account,sbqq_tax_exempt_c
account,school_enrollment_c
account,school_funding_type_c
account,school_nces_id_c
account,school_type_c
account,school_year_end_c
account,school_year_start_c
account,schools_in_district_c
account,sdr_owner_c
account,sf_test_c
account,shipping_city
account,shipping_country
account,shipping_country_code
account,shipping_geocode_accuracy
account,shipping_latitude
account,shipping_longitude
account,shipping_postal_code
account,shipping_state
account,shipping_state_code
account,shipping_street
account,sic
account,sic_desc
account,sis_system_c
account,site
account,source_system_identifier
account,standard_curriculum_c
account,standardized_curriculum_c
account,start_date_c
account,state_initiative_c
account,state_profile_c
account,state_program_eligible_c
account,student_information_system_sis_c
account,student_tam_c
account,support_level_c
account,sync_district_c
account,sync_method_c
account,sync_update_c
account,syncing_district_c
account,system_modstamp
account,target_account_c
account,target_level_c
account,teachers_in_building_c
account,technology_equipment_c
account,technology_index_c
account,technology_measure_c
account,technology_supplies_and_purchases_c
account,technology_used_c
account,territory_c
account,territory_list_c
account,territory_reassignment_2024_c
account,test_account_c
account,texas_education_service_centers_c
account,texas_regional_esc_c
account,ticker_symbol
account,tiered_service_level_c
account,time_zone_connectlink_c
account,time_zone_connectlink_numeric_c
account,time_zone_connectlink_raw_c
account,title_iv_funding_21_st_century_grants_c
account,title_iv_funding_student_support_c
account,top_75_account_c
account,total_credits_purchased_c
account,total_launches_c
account,total_no_of_training_sessions_c
account,total_number_of_schools_c
account,total_renewal_arr_c
account,trend_district_revenue_c
account,trend_enrollment_c
account,trend_federal_revenue_c
account,trend_instructional_expenditures_c
account,trend_local_revenue_c
account,trend_state_revenue_c
account,trend_title_i_revenue_c
account,tx_proc_2024_activities_c
account,type
account,ultimate_account_owner_c
account,ultimate_parent_account_c
account,ultimate_parent_billing_state_c
account,ultimate_parent_id_c
account,ultimate_parent_lifecycle_c
account,ultimate_parent_total_renewal_arr_2_c
account,urban_rural_c
account,user_is_nc_owner_c
account,userid_c
account,vidcode_arr_c
account,vidcode_customer_2_c
account,vidcode_org_id_c
account,vidcode_sfdc_id_c
account,virtual_school_c
account,virtual_status_text_c
account,website
account,x_10_th_grade_enrollment_c
account,x_11_th_grade_enrollment_c
account,x_12_th_grade_enrollment_c
account,x_18_digit_parent_account_c
account,x_18_digit_sfdc_account_id_c
account,x_18_digit_ultimate_parent_account_id_c
account,x_1_1_c
account,x_1_1_computing_c
account,x_2020_nc_campaign_status_c
account,x_2020_service_purchased_c
account,x_2020_training_utilized_c
account,x_21_csa_eol_c
account,x_21_st_century_school_grant_c
account,x_2_nd_grade_enrollment_c
account,x_3_plms_c
account,x_3_rd_grade_enrollment_c
account,x_4_th_grade_enrollment_c
account,x_6_th_grade_enrollment_c
account,x_7_th_grade_enrollment_c
account,x_9_th_grade_enrollment_c
account,zendesk_domain_c
account_brand,_fivetran_deleted
account_brand,_fivetran_synced
account_brand,account_id
account_brand,city
account_brand,company_name
account_brand,country
account_brand,country_code
account_brand,created_by_id
account_brand,created_date
account_brand,email
account_brand,geocode_accuracy
account_brand,id
account_brand,is_deleted
account_brand,last_modified_by_id
account_brand,last_modified_date
account_brand,last_referenced_date
account_brand,last_viewed_date
account_brand,latitude
account_brand,logo_id
account_brand,logo_url
account_brand,longitude
account_brand,name
account_brand,owner_id
account_brand,phone
account_brand,postal_code
account_brand,state
account_brand,state_code
account_brand,street
account_brand,system_modstamp
account_brand,website
activation_target,_fivetran_deleted
activation_target,_fivetran_synced
activation_target,audience_history_dmo_name
activation_target,audience_latest_dmo_name
activation_target,connection_type
activation_target,created_by_id
activation_target,created_date
activation_target,description
activation_target,export_to_directory
activation_target,export_to_endpoint
activation_target,id
activation_target,is_communication_capping_enabled
activation_target,is_deleted
activation_target,is_remote
activation_target,last_modified_by_id
activation_target,last_modified_date
activation_target,last_publish_status_date
activation_target,last_publish_status_error_message
activation_target,last_referenced_date
activation_target,last_target_status_date_time
activation_target,last_target_status_error_code
activation_target,last_viewed_date
activation_target,master_label
activation_target,output_format
activation_target,owned_by_org
activation_target,owner_id
activation_target,platform_name
activation_target,platform_privacy_type
activation_target,run_status
activation_target,system_modstamp
activation_target,target_status
activation_target,target_type
activation_target_feed,_fivetran_deleted
activation_target_feed,_fivetran_synced
activation_target_feed,best_comment_id
activation_target_feed,body
activation_target_feed,comment_count
activation_target_feed,created_by_id
activation_target_feed,created_date
activation_target_feed,id
activation_target_feed,inserted_by_id
activation_target_feed,is_deleted
activation_target_feed,is_rich_text
activation_target_feed,last_modified_date
activation_target_feed,like_count
activation_target_feed,link_url
activation_target_feed,network_scope
activation_target_feed,parent_id
activation_target_feed,related_record_id
activation_target_feed,system_modstamp
activation_target_feed,title
activation_target_feed,type
activation_target_feed,visibility
activation_target_history,_fivetran_deleted
activation_target_history,_fivetran_synced
activation_target_history,activation_target_id
activation_target_history,created_by_id
activation_target_history,created_date
activation_target_history,data_type
activation_target_history,field
activation_target_history,id
activation_target_history,is_deleted
activation_target_history,new_value
activation_target_history,old_value
activation_target_platform,_fivetran_deleted
activation_target_platform,_fivetran_synced
activation_target_platform,account_number
activation_target_platform,activation_target_id
activation_target_platform,connection
activation_target_platform,created_by_id
activation_target_platform,created_date
activation_target_platform,id
activation_target_platform,is_deleted
activation_target_platform,last_modified_by_id
activation_target_platform,last_modified_date
activation_target_platform,manager_account_number
activation_target_platform,name
activation_target_platform,owner_id
activation_target_platform,system_modstamp
activation_target_platform_history,_fivetran_deleted
activation_target_platform_history,_fivetran_synced
activation_target_platform_history,activation_target_platform_id
activation_target_platform_history,created_by_id
activation_target_platform_history,created_date
activation_target_platform_history,data_type
activation_target_platform_history,field
activation_target_platform_history,id
activation_target_platform_history,is_deleted
activation_target_platform_history,new_value
activation_target_platform_history,old_value
activation_target_secure_ftp,_fivetran_deleted
activation_target_secure_ftp,_fivetran_synced
activation_target_secure_ftp,activation_target_id
activation_target_secure_ftp,child_directory
activation_target_secure_ftp,compression
activation_target_secure_ftp,created_by_id
activation_target_secure_ftp,created_date
activation_target_secure_ftp,custom_file_name
activation_target_secure_ftp,delimiter
activation_target_secure_ftp,file_date_time_suffix
activation_target_secure_ftp,file_name_type
activation_target_secure_ftp,id
activation_target_secure_ftp,is_create_folder_with_in_child_dir
activation_target_secure_ftp,is_deleted
activation_target_secure_ftp,last_modified_by_id
activation_target_secure_ftp,last_modified_date
activation_target_secure_ftp,max_file_size_in_bytes
activation_target_secure_ftp,max_records_per_file
activation_target_secure_ftp,name
activation_target_secure_ftp,pre_determined_file_name
activation_target_secure_ftp,system_modstamp
activation_trgt_int_org_access,_fivetran_deleted
activation_trgt_int_org_access,_fivetran_synced
activation_trgt_int_org_access,activation_target_id
activation_trgt_int_org_access,created_by_id
activation_trgt_int_org_access,created_date
activation_trgt_int_org_access,data_change_status
activation_trgt_int_org_access,id
activation_trgt_int_org_access,is_deleted
activation_trgt_int_org_access,last_data_change_status_date_time
activation_trgt_int_org_access,last_data_change_status_error_code
activation_trgt_int_org_access,last_modified_by_id
activation_trgt_int_org_access,last_modified_date
activation_trgt_int_org_access,last_referenced_date
activation_trgt_int_org_access,last_viewed_date
activation_trgt_int_org_access,name
activation_trgt_int_org_access,owner_id
activation_trgt_int_org_access,system_modstamp
activation_trgt_int_org_access_feed,_fivetran_deleted
activation_trgt_int_org_access_feed,_fivetran_synced
activation_trgt_int_org_access_feed,best_comment_id
activation_trgt_int_org_access_feed,body
activation_trgt_int_org_access_feed,comment_count
activation_trgt_int_org_access_feed,created_by_id
activation_trgt_int_org_access_feed,created_date
activation_trgt_int_org_access_feed,id
activation_trgt_int_org_access_feed,inserted_by_id
activation_trgt_int_org_access_feed,is_deleted
activation_trgt_int_org_access_feed,is_rich_text
activation_trgt_int_org_access_feed,last_modified_date
activation_trgt_int_org_access_feed,like_count
activation_trgt_int_org_access_feed,link_url
activation_trgt_int_org_access_feed,network_scope
activation_trgt_int_org_access_feed,parent_id
activation_trgt_int_org_access_feed,related_record_id
activation_trgt_int_org_access_feed,system_modstamp
activation_trgt_int_org_access_feed,title
activation_trgt_int_org_access_feed,type
activation_trgt_int_org_access_feed,visibility
activation_trgt_int_org_access_history,_fivetran_deleted
activation_trgt_int_org_access_history,_fivetran_synced
activation_trgt_int_org_access_history,activation_trgt_int_org_access_id
activation_trgt_int_org_access_history,created_by_id
activation_trgt_int_org_access_history,created_date
activation_trgt_int_org_access_history,data_type
activation_trgt_int_org_access_history,field
activation_trgt_int_org_access_history,id
activation_trgt_int_org_access_history,is_deleted
activation_trgt_int_org_access_history,new_value
activation_trgt_int_org_access_history,old_value
actv_tgt_platform_field_value,_fivetran_deleted
actv_tgt_platform_field_value,_fivetran_synced
actv_tgt_platform_field_value,activation_target_platform_id
actv_tgt_platform_field_value,created_by_id
actv_tgt_platform_field_value,created_date
actv_tgt_platform_field_value,id
actv_tgt_platform_field_value,is_deleted
actv_tgt_platform_field_value,last_modified_by_id
actv_tgt_platform_field_value,last_modified_date
actv_tgt_platform_field_value,name
actv_tgt_platform_field_value,overriden_value
actv_tgt_platform_field_value,owner_id
actv_tgt_platform_field_value,system_modstamp
actv_tgt_platform_field_value_history,_fivetran_deleted
actv_tgt_platform_field_value_history,_fivetran_synced
actv_tgt_platform_field_value_history,actv_tgt_platform_field_value_id
actv_tgt_platform_field_value_history,created_by_id
actv_tgt_platform_field_value_history,created_date
actv_tgt_platform_field_value_history,data_type
actv_tgt_platform_field_value_history,field
actv_tgt_platform_field_value_history,id
actv_tgt_platform_field_value_history,is_deleted
actv_tgt_platform_field_value_history,new_value
actv_tgt_platform_field_value_history,old_value
agileed_fieldmapping_c,_fivetran_deleted
agileed_fieldmapping_c,_fivetran_synced
agileed_fieldmapping_c,agileed_data_type_c
agileed_fieldmapping_c,agileed_field_api_name_c
agileed_fieldmapping_c,agileed_prefer_c
agileed_fieldmapping_c,agileed_s_object_c
agileed_fieldmapping_c,agileed_s_object_field_name_c
agileed_fieldmapping_c,created_by_id
agileed_fieldmapping_c,created_date
agileed_fieldmapping_c,id
agileed_fieldmapping_c,is_deleted
agileed_fieldmapping_c,last_modified_by_id
agileed_fieldmapping_c,last_modified_date
agileed_fieldmapping_c,name
agileed_fieldmapping_c,setup_owner_id
agileed_fieldmapping_c,system_modstamp
alternative_payment_method,_fivetran_deleted
alternative_payment_method,_fivetran_synced
alternative_payment_method,account_id
alternative_payment_method,alternative_payment_method_number
alternative_payment_method,audit_email
alternative_payment_method,bank_account_holder_type
alternative_payment_method,bank_account_type
alternative_payment_method,billing_first_name
alternative_payment_method,billing_last_name
alternative_payment_method,billing_name
alternative_payment_method,comments
alternative_payment_method,company_name
alternative_payment_method,created_by_id
alternative_payment_method,created_date
alternative_payment_method,email
alternative_payment_method,gateway_token
alternative_payment_method,gateway_token_details
alternative_payment_method,id
alternative_payment_method,ip_address
alternative_payment_method,is_auto_pay_enabled
alternative_payment_method,is_deleted
alternative_payment_method,last_modified_by_id
alternative_payment_method,last_modified_date
alternative_payment_method,last_referenced_date
alternative_payment_method,last_viewed_date
alternative_payment_method,mac_address
alternative_payment_method,nick_name
alternative_payment_method,owner_id
alternative_payment_method,payment_gateway_id
alternative_payment_method,payment_method_city
alternative_payment_method,payment_method_country
alternative_payment_method,payment_method_country_code
alternative_payment_method,payment_method_details
alternative_payment_method,payment_method_geocode_accuracy
alternative_payment_method,payment_method_latitude
alternative_payment_method,payment_method_longitude
alternative_payment_method,payment_method_postal_code
alternative_payment_method,payment_method_state
alternative_payment_method,payment_method_state_code
alternative_payment_method,payment_method_street
alternative_payment_method,payment_method_sub_type
alternative_payment_method,payment_method_type
alternative_payment_method,phone
alternative_payment_method,processing_mode
alternative_payment_method,standard_entry_class_code
alternative_payment_method,status
alternative_payment_method,system_modstamp
analytics_user_attr_func_tkn,_fivetran_deleted
analytics_user_attr_func_tkn,_fivetran_synced
analytics_user_attr_func_tkn,created_by_id
analytics_user_attr_func_tkn,created_date
analytics_user_attr_func_tkn,definition_name
analytics_user_attr_func_tkn,id
analytics_user_attr_func_tkn,is_deleted
analytics_user_attr_func_tkn,last_modified_by_id
analytics_user_attr_func_tkn,last_modified_date
analytics_user_attr_func_tkn,name
analytics_user_attr_func_tkn,owner_id
analytics_user_attr_func_tkn,system_modstamp
analytics_user_attr_func_tkn,target_object
analytics_user_attr_func_tkn,target_object_field
analytics_user_attr_func_tkn,token_key
analytics_user_attr_func_tkn,viewer_tgt_obj_rel_desc
app_usage_assignment,_fivetran_deleted
app_usage_assignment,_fivetran_synced
app_usage_assignment,app_usage_type
app_usage_assignment,created_by_id
app_usage_assignment,created_date
app_usage_assignment,id
app_usage_assignment,is_deleted
app_usage_assignment,last_modified_by_id
app_usage_assignment,last_modified_date
app_usage_assignment,name
app_usage_assignment,record_id
app_usage_assignment,system_modstamp
business_operations_request_c,_fivetran_deleted
business_operations_request_c,_fivetran_synced
business_operations_request_c,account_c
business_operations_request_c,change_performed_c
business_operations_request_c,close_date_c
business_operations_request_c,created_by_id
business_operations_request_c,created_date
business_operations_request_c,deal_document_stage_c
business_operations_request_c,description_c
business_operations_request_c,due_date_c
business_operations_request_c,est_effort_hrs_c
business_operations_request_c,id
business_operations_request_c,if_other_please_specify_c
business_operations_request_c,impact_on_customers_c
business_operations_request_c,impact_on_job_function_c
business_operations_request_c,impact_on_learning_com_c
business_operations_request_c,impact_on_revenue_c
business_operations_request_c,impact_on_team_c
business_operations_request_c,impacted_flow_c
business_operations_request_c,is_deleted
business_operations_request_c,jira_ticket_c
business_operations_request_c,last_activity_date
business_operations_request_c,last_modified_by_id
business_operations_request_c,last_modified_date
business_operations_request_c,last_referenced_date
business_operations_request_c,last_viewed_date
business_operations_request_c,name
business_operations_request_c,notes_c
business_operations_request_c,opportunity_c
business_operations_request_c,owner_id
business_operations_request_c,primary_object_c
business_operations_request_c,priority_c
business_operations_request_c,project_c
business_operations_request_c,project_sub_type_c
business_operations_request_c,quote_c
business_operations_request_c,requestor_c
business_operations_request_c,resolution_c
business_operations_request_c,severity_c
business_operations_request_c,status_c
business_operations_request_c,subject_c
business_operations_request_c,system_c
business_operations_request_c,system_modstamp
business_operations_request_c,type_c
business_operations_request_c,uploaded_to_sfdc_and_sharepoint_c
business_operations_request_feed,_fivetran_deleted
business_operations_request_feed,_fivetran_synced
business_operations_request_feed,best_comment_id
business_operations_request_feed,body
business_operations_request_feed,comment_count
business_operations_request_feed,created_by_id
business_operations_request_feed,created_date
business_operations_request_feed,id
business_operations_request_feed,inserted_by_id
business_operations_request_feed,is_deleted
business_operations_request_feed,is_rich_text
business_operations_request_feed,last_modified_date
business_operations_request_feed,like_count
business_operations_request_feed,link_url
business_operations_request_feed,network_scope
business_operations_request_feed,parent_id
business_operations_request_feed,related_record_id
business_operations_request_feed,system_modstamp
business_operations_request_feed,title
business_operations_request_feed,type
business_operations_request_feed,visibility
business_operations_request_history,_fivetran_deleted
business_operations_request_history,_fivetran_synced
business_operations_request_history,created_by_id
business_operations_request_history,created_date
business_operations_request_history,data_type
business_operations_request_history,field
business_operations_request_history,id
business_operations_request_history,is_deleted
business_operations_request_history,new_value
business_operations_request_history,old_value
business_operations_request_history,parent_id
business_ops_request_c,_fivetran_deleted
business_ops_request_c,_fivetran_synced
business_ops_request_c,account_c
business_ops_request_c,change_performed_c
business_ops_request_c,close_date_c
business_ops_request_c,created_by_id
business_ops_request_c,created_date
business_ops_request_c,deal_document_stage_c
business_ops_request_c,description_c
business_ops_request_c,due_date_c
business_ops_request_c,est_effort_hrs_c
business_ops_request_c,id
business_ops_request_c,if_other_please_specify_c
business_ops_request_c,impact_on_customers_c
business_ops_request_c,impact_on_job_function_c
business_ops_request_c,impact_on_learning_com_c
business_ops_request_c,impact_on_revenue_c
business_ops_request_c,impact_on_team_c
business_ops_request_c,impacted_flow_c
business_ops_request_c,is_deleted
business_ops_request_c,jira_ticket_c
business_ops_request_c,last_activity_date
business_ops_request_c,last_modified_by_id
business_ops_request_c,last_modified_date
business_ops_request_c,last_referenced_date
business_ops_request_c,last_viewed_date
business_ops_request_c,name
business_ops_request_c,notes_c
business_ops_request_c,opportunity_c
business_ops_request_c,owner_id
business_ops_request_c,primary_object_c
business_ops_request_c,priority_c
business_ops_request_c,project_c
business_ops_request_c,project_sub_type_c
business_ops_request_c,quote_c
business_ops_request_c,requestor_c
business_ops_request_c,resolution_c
business_ops_request_c,severity_c
business_ops_request_c,status_c
business_ops_request_c,subject_c
business_ops_request_c,system_c
business_ops_request_c,system_modstamp
business_ops_request_c,type_c
business_ops_request_c,uploaded_to_sfdc_and_sharepoint_c
calculated_insight_range_bound,_fivetran_deleted
calculated_insight_range_bound,_fivetran_synced
calculated_insight_range_bound,created_by_id
calculated_insight_range_bound,created_date
calculated_insight_range_bound,id
calculated_insight_range_bound,insight_name
calculated_insight_range_bound,is_deleted
calculated_insight_range_bound,last_modified_by_id
calculated_insight_range_bound,last_modified_date
calculated_insight_range_bound,last_referenced_date
calculated_insight_range_bound,last_viewed_date
calculated_insight_range_bound,lower_bound_range
calculated_insight_range_bound,name
calculated_insight_range_bound,operator
calculated_insight_range_bound,owner_id
calculated_insight_range_bound,system_modstamp
calculated_insight_range_bound,upper_bound_range
campaign,_fivetran_deleted
campaign,_fivetran_synced
campaign,account_executive_c
campaign,actual_cost
campaign,amount_all_opportunities
campaign,amount_won_opportunities
campaign,available_for_sales_selection_c
campaign,budgeted_cost
campaign,campaign_member_record_type_id
campaign,codesters_codesters_campaign_c
campaign,codesters_codesters_is_active_c
campaign,codesters_codesters_page_title_c
campaign,codesters_codesters_token_c
campaign,codesters_id_c
campaign,codesters_license_classroom_name_c
campaign,codesters_license_days_c
campaign,codesters_license_end_date_c
campaign,codesters_license_seats_c
campaign,codesters_license_start_date_c
campaign,codesters_license_suite_c
campaign,codesters_limited_access_c
campaign,codesters_linked_c
campaign,codesters_opportunity_amount_c
campaign,codesters_opportunity_close_date_c
campaign,codesters_opportunity_name_extension_c
campaign,codesters_pd_class_key_c
campaign,codesters_synced_c
campaign,codesters_use_license_flow_c
campaign,codesters_utm_campaign_c
campaign,codesters_utm_medium_c
campaign,codesters_utm_source_c
campaign,created_by_id
campaign,created_date
campaign,data_quality_description_c
campaign,data_quality_score_c
campaign,db_campaign_tactic_c
campaign,description
campaign,end_date
campaign,expected_response
campaign,expected_revenue
campaign,hierarchy_actual_cost
campaign,hierarchy_amount_all_opportunities
campaign,hierarchy_amount_won_opportunities
campaign,hierarchy_budgeted_cost
campaign,hierarchy_expected_revenue
campaign,hierarchy_number_of_contacts
campaign,hierarchy_number_of_converted_leads
campaign,hierarchy_number_of_leads
campaign,hierarchy_number_of_opportunities
campaign,hierarchy_number_of_responses
campaign,hierarchy_number_of_won_opportunities
campaign,hierarchy_number_sent
campaign,id
campaign,is_active
campaign,is_deleted
campaign,last_activity_date
campaign,last_modified_by_id
campaign,last_modified_date
campaign,last_referenced_date
campaign,last_viewed_date
campaign,learning_sbxid_c
campaign,name
campaign,number_of_contacts
campaign,number_of_converted_leads
campaign,number_of_leads
campaign,number_of_opportunities
campaign,number_of_responses
campaign,number_of_won_opportunities
campaign,number_sent
campaign,owner_id
campaign,parent_id
campaign,pipe_bucket_c
campaign,start_date
campaign,status
campaign,system_modstamp
campaign,type
campaign,vidcode_org_id_c
campaign,webinar_id_c
card_payment_method,_fivetran_deleted
card_payment_method,_fivetran_synced
card_payment_method,account_id
card_payment_method,audit_email
card_payment_method,auto_card_type
card_payment_method,card_bin
card_payment_method,card_category
card_payment_method,card_holder_first_name
card_payment_method,card_holder_last_name
card_payment_method,card_holder_name
card_payment_method,card_last_four
card_payment_method,card_payment_method_number
card_payment_method,card_type
card_payment_method,card_type_category
card_payment_method,comments
card_payment_method,company_name
card_payment_method,created_by_id
card_payment_method,created_date
card_payment_method,display_card_number
card_payment_method,email
card_payment_method,expiry_month
card_payment_method,expiry_year
card_payment_method,gateway_date
card_payment_method,gateway_result_code
card_payment_method,gateway_result_code_description
card_payment_method,gateway_token
card_payment_method,gateway_token_details
card_payment_method,gateway_token_encrypted
card_payment_method,id
card_payment_method,input_card_number
card_payment_method,ip_address
card_payment_method,is_auto_pay_enabled
card_payment_method,is_deleted
card_payment_method,last_modified_by_id
card_payment_method,last_modified_date
card_payment_method,last_referenced_date
card_payment_method,last_viewed_date
card_payment_method,mac_address
card_payment_method,nick_name
card_payment_method,payment_gateway_id
card_payment_method,payment_method_city
card_payment_method,payment_method_country
card_payment_method,payment_method_country_code
card_payment_method,payment_method_details
card_payment_method,payment_method_geocode_accuracy
card_payment_method,payment_method_latitude
card_payment_method,payment_method_longitude
card_payment_method,payment_method_postal_code
card_payment_method,payment_method_state
card_payment_method,payment_method_state_code
card_payment_method,payment_method_street
card_payment_method,payment_method_sub_type
card_payment_method,payment_method_type
card_payment_method,phone
card_payment_method,processing_mode
card_payment_method,sf_result_code
card_payment_method,start_month
card_payment_method,start_year
card_payment_method,status
card_payment_method,system_modstamp
case,_fivetran_deleted
case,_fivetran_synced
case,account_id
case,account_owner_c
case,account_owner_email_c
case,already_closed_c
case,asset_id
case,bad_c
case,business_hours_id
case,case_auto_close_warning_sent_c
case,case_auto_closed_c
case,case_closed_month_c
case,case_closed_year_c
case,case_created_hour_c
case,case_number
case,case_open_month_c
case,case_open_year_c
case,case_owner_email_c
case,case_ready_to_survey_c
case,case_solved_in_chat_c
case,closed_date
case,codesters_account_creation_date_c
case,codesters_case_c
case,codesters_classes_c
case,codesters_i_2_c_student_avg_c
case,codesters_i_2_c_student_completion_c
case,codesters_id_c
case,codesters_last_login_c
case,codesters_students_c
case,codesters_support_url_c
case,comments
case,confirmed_resolution_c
case,contact_email
case,contact_fax
case,contact_id
case,contact_mobile
case,contact_phone
case,created_by_id
case,created_date
case,csat_comments_c
case,csat_response_c
case,csat_survey_sent_c
case,data_quality_description_c
case,data_quality_score_c
case,date_and_time_it_was_c
case,description
case,devices_c
case,entitlement_id
case,first_reply_to_customer_completed_c
case,fix_c
case,good_c
case,id
case,initial_response_captured_c
case,initial_response_time_c
case,is_closed
case,is_closed_on_create
case,is_deleted
case,is_escalated
case,is_stopped
case,jira_link_c
case,jira_number_c
case,jira_status_c
case,jira_steps_to_reproduce_c
case,jira_ticket_last_update_date_c
case,jira_ticket_opened_date_c
case,jira_ticket_submitted_c
case,jira_troubleshooting_steps_attempt_c
case,language
case,last_modified_by_id
case,last_modified_date
case,last_referenced_date
case,last_viewed_date
case,location_of_issue_c
case,location_of_issues_c
case,master_record_id
case,messaging_session_c
case,migration_tool_c
case,milestone_status
case,net_suite_link_c
case,netsuite_case_number_c
case,netsuite_id_c
case,origin
case,owner_id
case,parent_id
case,platform_name_c
case,priority
case,priority_c
case,product_feedback_description_c
case,product_feedback_short_c
case,product_feedback_submitted_c
case,product_id
case,products_c
case,reason
case,record_type_id
case,resolution_c
case,round_robin_id_c
case,sales_escalation_c
case,service_contract_id
case,sla_exit_date
case,sla_start_date
case,solution_c
case,source_id
case,status
case,stop_start_date
case,subject
case,supplied_company
case,supplied_email
case,supplied_name
case,supplied_phone
case,suppress_system_emails_c
case,survey_send_date_time_c
case,sync_platform_c
case,system_modstamp
case,thread_id_c
case,time_to_first_reply_hours_c
case,type
case,ultimate_parent_account_c
case,validation_account_name_c
case,xcase_number_c
case_comment,_fivetran_deleted
case_comment,_fivetran_synced
case_comment,comment_body
case_comment,comment_body_richtext
case_comment,created_by_id
case_comment,created_date
case_comment,id
case_comment,is_deleted
case_comment,is_published
case_comment,last_modified_by_id
case_comment,last_modified_date
case_comment,parent_id
case_comment,system_modstamp
case_related_issue,_fivetran_deleted
case_related_issue,_fivetran_synced
case_related_issue,case_id
case_related_issue,created_by_id
case_related_issue,created_date
case_related_issue,id
case_related_issue,is_deleted
case_related_issue,last_modified_by_id
case_related_issue,last_modified_date
case_related_issue,name
case_related_issue,related_entity_type
case_related_issue,related_issue_id
case_related_issue,relationship_type
case_related_issue,system_modstamp
case_solution,_fivetran_deleted
case_solution,_fivetran_synced
case_solution,case_id
case_solution,created_by_id
case_solution,created_date
case_solution,id
case_solution,is_deleted
case_solution,solution_id
case_solution,system_modstamp
chat_report_cr_bot_c,_fivetran_deleted
chat_report_cr_bot_c,_fivetran_synced
chat_report_cr_bot_c,chat_report_bot_id_c
chat_report_cr_bot_c,chat_report_bot_version_id_c
chat_report_cr_bot_c,chat_report_developer_name_c
chat_report_cr_bot_c,created_by_id
chat_report_cr_bot_c,created_date
chat_report_cr_bot_c,id
chat_report_cr_bot_c,is_deleted
chat_report_cr_bot_c,last_modified_by_id
chat_report_cr_bot_c,last_modified_date
chat_report_cr_bot_c,name
chat_report_cr_bot_c,owner_id
chat_report_cr_bot_c,system_modstamp
chat_report_cr_custom_label_c,_fivetran_deleted
chat_report_cr_custom_label_c,_fivetran_synced
chat_report_cr_custom_label_c,chat_report_label_id_c
chat_report_cr_custom_label_c,created_by_id
chat_report_cr_custom_label_c,created_date
chat_report_cr_custom_label_c,id
chat_report_cr_custom_label_c,is_deleted
chat_report_cr_custom_label_c,last_modified_by_id
chat_report_cr_custom_label_c,last_modified_date
chat_report_cr_custom_label_c,name
chat_report_cr_custom_label_c,owner_id
chat_report_cr_custom_label_c,system_modstamp
chat_report_cr_flow_data_c,_fivetran_deleted
chat_report_cr_flow_data_c,_fivetran_synced
chat_report_cr_flow_data_c,chat_report_flow_id_c
chat_report_cr_flow_data_c,created_by_id
chat_report_cr_flow_data_c,created_date
chat_report_cr_flow_data_c,id
chat_report_cr_flow_data_c,is_deleted
chat_report_cr_flow_data_c,last_modified_by_id
chat_report_cr_flow_data_c,last_modified_date
chat_report_cr_flow_data_c,name
chat_report_cr_flow_data_c,owner_id
chat_report_cr_flow_data_c,system_modstamp
chat_report_cr_report_type_c,_fivetran_deleted
chat_report_cr_report_type_c,_fivetran_synced
chat_report_cr_report_type_c,chat_report_api_name_c
chat_report_cr_report_type_c,created_by_id
chat_report_cr_report_type_c,created_date
chat_report_cr_report_type_c,id
chat_report_cr_report_type_c,is_deleted
chat_report_cr_report_type_c,last_modified_by_id
chat_report_cr_report_type_c,last_modified_date
chat_report_cr_report_type_c,name
chat_report_cr_report_type_c,owner_id
chat_report_cr_report_type_c,system_modstamp
chat_report_cr_skill_based_routing_rule_c,_fivetran_deleted
chat_report_cr_skill_based_routing_rule_c,_fivetran_synced
chat_report_cr_skill_based_routing_rule_c,chat_report_developer_name_c
chat_report_cr_skill_based_routing_rule_c,created_by_id
chat_report_cr_skill_based_routing_rule_c,created_date
chat_report_cr_skill_based_routing_rule_c,id
chat_report_cr_skill_based_routing_rule_c,is_deleted
chat_report_cr_skill_based_routing_rule_c,last_modified_by_id
chat_report_cr_skill_based_routing_rule_c,last_modified_date
chat_report_cr_skill_based_routing_rule_c,name
chat_report_cr_skill_based_routing_rule_c,owner_id
chat_report_cr_skill_based_routing_rule_c,system_modstamp
codesters_codesters_license_c,_fivetran_deleted
codesters_codesters_license_c,_fivetran_synced
codesters_codesters_license_c,codesters_accept_changes_c
codesters_codesters_license_c,codesters_codesters_end_date_c
codesters_codesters_license_c,codesters_codesters_id_c
codesters_codesters_license_c,codesters_codesters_is_active_c
codesters_codesters_license_c,codesters_codesters_is_disabled_c
codesters_codesters_license_c,codesters_codesters_is_infinite_c
codesters_codesters_license_c,codesters_codesters_is_stale_c
codesters_codesters_license_c,codesters_codesters_is_unlimited_c
codesters_codesters_license_c,codesters_codesters_organization_c
codesters_codesters_license_c,codesters_codesters_owner_c
codesters_codesters_license_c,codesters_codesters_owner_id_c
codesters_codesters_license_c,codesters_codesters_seats_c
codesters_codesters_license_c,codesters_codesters_seats_used_c
codesters_codesters_license_c,codesters_codesters_start_date_c
codesters_codesters_license_c,codesters_codesters_suite_c
codesters_codesters_license_c,codesters_end_date_c
codesters_codesters_license_c,codesters_id_c
codesters_codesters_license_c,codesters_is_active_c
codesters_codesters_license_c,codesters_is_disabled_c
codesters_codesters_license_c,codesters_is_infinite_c
codesters_codesters_license_c,codesters_is_over_c
codesters_codesters_license_c,codesters_is_stale_c
codesters_codesters_license_c,codesters_is_synced_c
codesters_codesters_license_c,codesters_is_unlimited_c
codesters_codesters_license_c,codesters_is_valid_c
codesters_codesters_license_c,codesters_linked_c
codesters_codesters_license_c,codesters_opportunity_c
codesters_codesters_license_c,codesters_school_year_c
codesters_codesters_license_c,codesters_seats_c
codesters_codesters_license_c,codesters_seats_used_c
codesters_codesters_license_c,codesters_show_record_type_id_c
codesters_codesters_license_c,codesters_start_date_c
codesters_codesters_license_c,codesters_suite_c
codesters_codesters_license_c,codesters_synced_c
codesters_codesters_license_c,created_by_id
codesters_codesters_license_c,created_date
codesters_codesters_license_c,id
codesters_codesters_license_c,is_deleted
codesters_codesters_license_c,last_activity_date
codesters_codesters_license_c,last_modified_by_id
codesters_codesters_license_c,last_modified_date
codesters_codesters_license_c,last_referenced_date
codesters_codesters_license_c,last_viewed_date
codesters_codesters_license_c,learning_sbxid_c
codesters_codesters_license_c,name
codesters_codesters_license_c,record_type_id
codesters_codesters_license_c,system_modstamp
codesters_codesters_member_c,_fivetran_deleted
codesters_codesters_member_c,_fivetran_synced
codesters_codesters_member_c,associated_account_id_c
codesters_codesters_member_c,codesters_codesters_date_joined_c
codesters_codesters_member_c,codesters_codesters_email_c
codesters_codesters_member_c,codesters_codesters_first_name_c
codesters_codesters_member_c,codesters_codesters_id_c
codesters_codesters_member_c,codesters_codesters_last_name_c
codesters_codesters_member_c,codesters_codesters_organization_c
codesters_codesters_member_c,codesters_codesters_profile_account_verified_c
codesters_codesters_member_c,codesters_codesters_profile_city_c
codesters_codesters_member_c,codesters_codesters_profile_classes_c
codesters_codesters_member_c,codesters_codesters_profile_country_c
codesters_codesters_member_c,codesters_codesters_profile_demo_c
codesters_codesters_member_c,codesters_codesters_profile_district_c
codesters_codesters_member_c,codesters_codesters_profile_foxycart_c
codesters_codesters_member_c,codesters_codesters_profile_google_c
codesters_codesters_member_c,codesters_codesters_profile_i_2_c_18_avg_c
codesters_codesters_member_c,codesters_codesters_profile_i_2_c_avg_c
codesters_codesters_member_c,codesters_codesters_profile_init_campaign_c
codesters_codesters_member_c,codesters_codesters_profile_init_medium_c
codesters_codesters_member_c,codesters_codesters_profile_init_source_c
codesters_codesters_member_c,codesters_codesters_profile_last_login_c
codesters_codesters_member_c,codesters_codesters_profile_last_transaction_c
codesters_codesters_member_c,codesters_codesters_profile_lifetime_value_c
codesters_codesters_member_c,codesters_codesters_profile_lti_c
codesters_codesters_member_c,codesters_codesters_profile_pd_0_points_c
codesters_codesters_member_c,codesters_codesters_profile_postal_code_c
codesters_codesters_member_c,codesters_codesters_profile_region_c
codesters_codesters_member_c,codesters_codesters_profile_school_c
codesters_codesters_member_c,codesters_codesters_profile_school_code_c
codesters_codesters_member_c,codesters_codesters_profile_school_type_c
codesters_codesters_member_c,codesters_codesters_profile_screen_name_c
codesters_codesters_member_c,codesters_codesters_profile_social_auth_provider_c
codesters_codesters_member_c,codesters_codesters_profile_students_c
codesters_codesters_member_c,codesters_codesters_role_c
codesters_codesters_member_c,codesters_codesters_user_id_c
codesters_codesters_member_c,codesters_codesters_username_c
codesters_codesters_member_c,codesters_contact_c
codesters_codesters_member_c,codesters_id_c
codesters_codesters_member_c,codesters_imperonate_url_c
codesters_codesters_member_c,codesters_linked_c
codesters_codesters_member_c,codesters_synced_c
codesters_codesters_member_c,codesters_synced_on_c
codesters_codesters_member_c,created_by_id
codesters_codesters_member_c,created_date
codesters_codesters_member_c,customer_gsid_c
codesters_codesters_member_c,id
codesters_codesters_member_c,is_deleted
codesters_codesters_member_c,last_activity_date
codesters_codesters_member_c,last_modified_by_id
codesters_codesters_member_c,last_modified_date
codesters_codesters_member_c,last_referenced_date
codesters_codesters_member_c,last_viewed_date
codesters_codesters_member_c,learning_sbxid_c
codesters_codesters_member_c,name
codesters_codesters_member_c,system_modstamp
codesters_codesters_organization_c,_fivetran_deleted
codesters_codesters_organization_c,_fivetran_synced
codesters_codesters_organization_c,codester_sid_c
codesters_codesters_organization_c,codesters_admin_members_only_c
codesters_codesters_organization_c,codesters_codesters_id_c
codesters_codesters_organization_c,codesters_codesters_slug_c
codesters_codesters_organization_c,codesters_first_license_start_date_c
codesters_codesters_organization_c,codesters_is_expired_c
codesters_codesters_organization_c,codesters_is_over_by_c
codesters_codesters_organization_c,codesters_is_pending_c
codesters_codesters_organization_c,codesters_last_license_end_date_c
codesters_codesters_organization_c,codesters_licenses_count_c
codesters_codesters_organization_c,codesters_linked_c
codesters_codesters_organization_c,codesters_master_c
codesters_codesters_organization_c,codesters_members_count_c
codesters_codesters_organization_c,codesters_out_of_sync_licenses_c
codesters_codesters_organization_c,codesters_over_capacity_licenses_c
codesters_codesters_organization_c,codesters_over_capacity_seats_c
codesters_codesters_organization_c,codesters_over_capacity_used_seats_c
codesters_codesters_organization_c,codesters_synced_on_c
codesters_codesters_organization_c,codesters_valid_licenses_c
codesters_codesters_organization_c,created_by_id
codesters_codesters_organization_c,created_date
codesters_codesters_organization_c,id
codesters_codesters_organization_c,is_deleted
codesters_codesters_organization_c,last_activity_date
codesters_codesters_organization_c,last_modified_by_id
codesters_codesters_organization_c,last_modified_date
codesters_codesters_organization_c,last_referenced_date
codesters_codesters_organization_c,last_viewed_date
codesters_codesters_organization_c,learning_sbxid_c
codesters_codesters_organization_c,name
codesters_codesters_organization_c,owner_id
codesters_codesters_organization_c,system_modstamp
codesters_codesters_settings_c,_fivetran_deleted
codesters_codesters_settings_c,_fivetran_synced
codesters_codesters_settings_c,codesters_base_url_c
codesters_codesters_settings_c,created_by_id
codesters_codesters_settings_c,created_date
codesters_codesters_settings_c,id
codesters_codesters_settings_c,is_deleted
codesters_codesters_settings_c,last_modified_by_id
codesters_codesters_settings_c,last_modified_date
codesters_codesters_settings_c,name
codesters_codesters_settings_c,setup_owner_id
codesters_codesters_settings_c,system_modstamp
codesters_opportunity_license_c,_fivetran_deleted
codesters_opportunity_license_c,_fivetran_synced
codesters_opportunity_license_c,codesters_codesters_license_c
codesters_opportunity_license_c,codesters_id_c
codesters_opportunity_license_c,codesters_is_synced_c
codesters_opportunity_license_c,codesters_is_synced_match_c
codesters_opportunity_license_c,codesters_is_synced_on_save_c
codesters_opportunity_license_c,codesters_opportunity_c
codesters_opportunity_license_c,created_by_id
codesters_opportunity_license_c,created_date
codesters_opportunity_license_c,id
codesters_opportunity_license_c,is_deleted
codesters_opportunity_license_c,last_modified_by_id
codesters_opportunity_license_c,last_modified_date
codesters_opportunity_license_c,name
codesters_opportunity_license_c,system_modstamp
contact,_fivetran_deleted
contact,_fivetran_synced
contact,account_id
contact,account_owner_c
contact,activity_metric_id
contact,activity_metric_rollup_id
contact,age_c
contact,age_group_c
contact,agile_duplicate_id_c
contact,agile_email_c
contact,agile_job_title_c
contact,agile_phone_c
contact,agileed_agile_ed_insert_c
contact,agileed_agile_ed_key_c
contact,agileed_agile_ed_latest_update_date_c
contact,agileed_agile_ed_status_c
contact,agileed_agile_ed_up_to_date_c
contact,agileed_agileed_do_not_update_c
contact,agileed_connect_link_do_not_update_hierarchy_c
contact,agileed_connect_link_email_hard_bounce_c
contact,agileed_connect_link_job_category_c
contact,agileed_connect_link_licensed_status_c
contact,agileed_connect_link_title_c
contact,agileed_last_connect_link_title_c
contact,agileed_last_sync_c
contact,alt_email_c
contact,archived_c
contact,assistant_name
contact,assistant_phone
contact,bad_contact_c
contact,bad_contact_info_c
contact,birthdate
contact,business_role_c
contact,buyer_attributes
contact,cm_codesters_account_creation_date_c
contact,codesters_campaign_source_c
contact,codesters_classes_c
contact,codesters_codesters_member_c
contact,codesters_created_date_c
contact,codesters_created_date_no_time_c
contact,codesters_guid_c
contact,codesters_highest_module_completion_c
contact,codesters_i_2_c_18_student_avg_c
contact,codesters_i_2_c_18_student_completion_c
contact,codesters_i_2_c_student_avg_c
contact,codesters_i_2_c_student_completion_c
contact,codesters_id_c
contact,codesters_initial_campaign_c
contact,codesters_initial_medium_c
contact,codesters_initial_source_c
contact,codesters_last_login_c
contact,codesters_lti_c
contact,codesters_org_c
contact,codesters_org_mismatch_c
contact,codesters_org_name_c
contact,codesters_profile_city_c
contact,codesters_profile_country_c
contact,codesters_profile_school_c
contact,codesters_profile_school_code_c
contact,codesters_profile_school_type_c
contact,codesters_profile_state_c
contact,codesters_profile_zip_c
contact,codesters_role_c
contact,codesters_screen_name_c
contact,codesters_social_auth_provider_c
contact,codesters_students_c
contact,codesters_url_c
contact,conference_c
contact,contact_lifecycle_stage_c
contact,contact_power_of_1_c
contact,contact_source
contact,contact_state_c
contact,contact_time_zone_c
contact,contact_us_message_c
contact,county_c
contact,created_by_id
contact,created_date
contact,created_date_formula_c
contact,current_outreach_sequence_c
contact,customer_date_c
contact,data_quality_description_c
contact,data_quality_score_c
contact,days_out_c
contact,days_since_registration_c
contact,degree_earned_c
contact,department
contact,department_group
contact,description
contact,district_enrollment_c
contact,district_enrollment_level_c
contact,do_not_call
contact,dsp_last_activity_date_c
contact,dsp_registration_date_c
contact,dsp_total_launches_c
contact,dsp_url_c
contact,dupe_management_id_c
contact,email
contact,email_bounced_date
contact,email_bounced_reason
contact,eval_expiration_date_c
contact,eval_last_activity_date_c
contact,eval_registration_date_c
contact,eval_total_launches_c
contact,evaluation_link_c
contact,extension_c
contact,fax
contact,first_call_date_time
contact,first_email_date_time
contact,first_name
contact,first_platform_login_date_c
contact,force_sync_c
contact,force_sync_number_c
contact,gainsight_clean_up_c
contact,gainsight_customer_c
contact,gainsight_validated_c
contact,gender_identity
contact,gong_actively_being_in_a_flow_c
contact,gong_current_flow_id_c
contact,gong_current_flow_name_c
contact,gong_current_flow_step_number_c
contact,gong_current_flow_step_type_c
contact,gong_current_flow_task_due_date_c
contact,gong_current_flow_user_name_c
contact,gong_flow_execution_id_c
contact,gong_flow_status_c
contact,good_prospect_c
contact,grades_c
contact,has_opted_out_of_email
contact,has_opted_out_of_fax
contact,has_platform_account_c
contact,home_phone
contact,hours_since_mql_c
contact,how_did_you_hear_about_us_c
contact,hubspot_score_c
contact,hubspot_title_c
contact,id
contact,implementation_contact_c
contact,implementation_notes_c
contact,implementation_status_c
contact,individual_id
contact,institution_id_c
contact,institution_type_c
contact,is_contact_a_dr_c
contact,is_deleted
contact,is_email_bounced
contact,is_priority_record
contact,isinactive_c
contact,jigsaw
contact,jigsaw_contact_id
contact,job_category_desc_c
contact,job_function_c
contact,k_8_enrollment_c
contact,key_contact_c
contact,key_contact_detail_c
contact,keywords_c
contact,known_duplicate_c
contact,last_activity_c
contact,last_activity_date
contact,last_activity_is_after_mql_date_c
contact,last_activity_prior_to_mql_date_c
contact,last_activity_time_and_date_c
contact,last_curequest_date
contact,last_cuupdate_date
contact,last_login_past_two_years_c
contact,last_modified_by_id
contact,last_modified_date
contact,last_name
contact,last_platform_login_date_c
contact,last_referenced_date
contact,last_support_interaction_c
contact,last_viewed_date
contact,lcom_member_c
contact,lead_source
contact,lead_status_c
contact,lead_status_object_created_c
contact,learning_sbxid_c
contact,mailing_city
contact,mailing_country
contact,mailing_country_code
contact,mailing_geocode_accuracy
contact,mailing_latitude
contact,mailing_longitude
contact,mailing_postal_code
contact,mailing_state
contact,mailing_state_code
contact,mailing_street
contact,master_record_id
contact,matching_email_c
contact,middle_name
contact,migration_tool_c
contact,mobile_phone
contact,mql_date_and_time_stamp_c
contact,mql_date_c
contact,mql_grade_c
contact,mql_month_c
contact,mql_type_c
contact,mql_year_c
contact,multi_line_conference_notes_c
contact,name
contact,name_c
contact,net_suite_id_c
contact,net_suite_link_c
contact,no_longer_with_account_c
contact,number_of_opps_at_50_c
contact,number_of_page_views_c
contact,number_of_platform_visits_c
contact,number_of_sessions_c
contact,onboarding_comments_c
contact,onboarding_next_steps_c
contact,onboarding_type_c
contact,original_source_c
contact,other_city
contact,other_country
contact,other_country_code
contact,other_geocode_accuracy
contact,other_latitude
contact,other_longitude
contact,other_phone
contact,other_postal_code
contact,other_state
contact,other_state_code
contact,other_street
contact,outreach_house_accounts_c
contact,outreach_stage_c
contact,owner_id
contact,owner_match_c
contact,owner_mismatch_c
contact,persona_c
contact,personnel_uid_c
contact,phone
contact,photo_url
contact,planned_classes_c
contact,planned_frequency_c
contact,planned_rostering_c
contact,planned_usage_c
contact,platform_id_c
contact,platform_role_c
contact,plc_mailing_list_c
contact,plc_member_c
contact,power_teacher_c
contact,power_user_c
contact,primary_c
contact,prior_experience_c
contact,product_interest_c
contact,pronouns
contact,prospect_notes_c
contact,prospect_status_c
contact,qualifying_date_c
contact,qualifying_date_hubspot_c
contact,rcsfl_send_sms_c
contact,rcsfl_sms_number_c
contact,record_type_id
contact,registered_c
contact,reject_reason_c
contact,rejected_date_c
contact,rejected_date_hubspot_c
contact,renewal_date_c
contact,reports_to_id
contact,returned_c
contact,returned_date_c
contact,returned_date_hubspot_c
contact,role_c
contact,salutation
contact,school_enrollment_c
contact,sdrowner_c
contact,source_campaign_c
contact,sql_date_c
contact,sql_date_hubspot_c
contact,started_with_students_c
contact,subject_c
contact,suffix
contact,survey_reward_level_c
contact,synced_member_c
contact,system_modstamp
contact,target_start_date_c
contact,technical_contact_c
contact,texas_regional_esc_c
contact,time_first_seen_c
contact,time_last_seen_c
contact,time_of_last_session_c
contact,title
contact,title_type
contact,training_attended_c
contact,training_c
contact,training_date_c
contact,training_notes_c
contact,trial_access_c
contact,twitter_handle_c
contact,tx_proc_2024_communication_preference_c
contact,tx_proc_2024_product_interest_c
contact,ultimate_parent_account_c
contact,vidcode_org_id_c
contact,webform_mql_c
contact,webinar_attended_c
contact,webinar_c
contact,webinar_registered_c
contact,x_2020_house_account_c
contact,x_2020_house_account_quote_c
contact,x_2021_md_campaign_c
contact,x_2024_fall_promotions_c
contract,_fivetran_deleted
contract,_fivetran_synced
contract,account_id
contract,activated_by_id
contract,activated_date
contract,active_contract_c
contract,activity_metric_id
contract,activity_metric_rollup_id
contract,billing_city
contract,billing_country
contract,billing_country_code
contract,billing_geocode_accuracy
contract,billing_latitude
contract,billing_longitude
contract,billing_postal_code
contract,billing_state
contract,billing_state_c
contract,billing_state_code
contract,billing_street
contract,company_signed_date
contract,company_signed_id
contract,contract_arr_c
contract,contract_number
contract,contract_term
contract,contracted_arr_c
contract,created_by_id
contract,created_date
contract,customer_signed_date
contract,customer_signed_id
contract,customer_signed_title
contract,data_quality_description_c
contract,data_quality_score_c
contract,description
contract,disable_auto_renewal_c
contract,end_date
contract,id
contract,is_deleted
contract,last_activity_date
contract,last_approved_date
contract,last_modified_by_id
contract,last_modified_date
contract,last_referenced_date
contract,last_viewed_date
contract,learning_sbxid_c
contract,name
contract,opp_delta_c
contract,owner_expiration_notice
contract,owner_id
contract,pricebook_2_id
contract,renewal_opp_amount_c
contract,renewal_opp_close_date_c
contract,renewal_opp_stage_c
contract,renewal_owner_1_c
contract,renewal_quote_discount_c
contract,renewal_quote_id_c
contract,sbqq_active_contract_c
contract,sbqq_amendment_opportunity_record_type_id_c
contract,sbqq_amendment_opportunity_stage_c
contract,sbqq_amendment_owner_c
contract,sbqq_amendment_pricebook_id_c
contract,sbqq_amendment_renewal_behavior_c
contract,sbqq_amendment_start_date_c
contract,sbqq_default_renewal_contact_roles_c
contract,sbqq_default_renewal_partners_c
contract,sbqq_disable_amendment_co_term_c
contract,sbqq_evergreen_c
contract,sbqq_expiration_date_c
contract,sbqq_master_contract_c
contract,sbqq_mdqrenewal_behavior_c
contract,sbqq_opportunity_c
contract,sbqq_opportunity_pricebook_id_c
contract,sbqq_order_c
contract,sbqq_preserve_bundle_structure_upon_renewals_c
contract,sbqq_quote_c
contract,sbqq_renewal_forecast_c
contract,sbqq_renewal_opportunity_c
contract,sbqq_renewal_opportunity_record_type_id_c
contract,sbqq_renewal_opportunity_stage_c
contract,sbqq_renewal_owner_c
contract,sbqq_renewal_pricebook_id_c
contract,sbqq_renewal_quoted_c
contract,sbqq_renewal_term_c
contract,sbqq_renewal_uplift_rate_c
contract,sbqq_subscription_quantities_combined_c
contract,shipping_city
contract,shipping_country
contract,shipping_country_code
contract,shipping_geocode_accuracy
contract,shipping_latitude
contract,shipping_longitude
contract,shipping_postal_code
contract,shipping_state
contract,shipping_state_code
contract,shipping_street
contract,source_opp_amount_c
contract,source_opp_close_date_c
contract,source_opp_discount_c
contract,source_opp_discount_dollar_c
contract,source_opp_owner_c
contract,source_opp_record_type_c
contract,special_terms
contract,start_date
contract,status
contract,status_code
contract,subscription_roll_up_c
contract,system_modstamp
contract,update_c
conversation_api_log,_fivetran_deleted
conversation_api_log,_fivetran_synced
conversation_api_log,action
conversation_api_log,context
conversation_api_log,created_by_id
conversation_api_log,created_date
conversation_api_log,id
conversation_api_log,is_deleted
conversation_api_log,last_modified_by_id
conversation_api_log,last_modified_date
conversation_api_log,name
conversation_api_log,operation
conversation_api_log,owner_id
conversation_api_log,parameter
conversation_api_log,requested_by_id
conversation_api_log,requested_date
conversation_api_log,requested_entity_identifier
conversation_api_log,requested_entity_type
conversation_api_log,status
conversation_api_log,status_history
conversation_api_log,system_modstamp
conversation_api_log_obj_sum,_fivetran_deleted
conversation_api_log_obj_sum,_fivetran_synced
conversation_api_log_obj_sum,conversation_api_log_id
conversation_api_log_obj_sum,created_by_id
conversation_api_log_obj_sum,created_date
conversation_api_log_obj_sum,entity_key_prefix
conversation_api_log_obj_sum,id
conversation_api_log_obj_sum,is_deleted
conversation_api_log_obj_sum,last_modified_by_id
conversation_api_log_obj_sum,last_modified_date
conversation_api_log_obj_sum,name
conversation_api_log_obj_sum,record_count_failed
conversation_api_log_obj_sum,record_count_success
conversation_api_log_obj_sum,record_count_total
conversation_api_log_obj_sum,storage_system
conversation_api_log_obj_sum,system_modstamp
credit_memo,_fivetran_deleted
credit_memo,_fivetran_synced
credit_memo,balance
credit_memo,bill_to_contact_id
credit_memo,billing_account_id
credit_memo,created_by_id
credit_memo,created_date
credit_memo,creation_mode
credit_memo,credit_date
credit_memo,credit_memo_number
credit_memo,description
credit_memo,document_number
credit_memo,external_reference
credit_memo,external_reference_data_source
credit_memo,id
credit_memo,is_deleted
credit_memo,last_modified_by_id
credit_memo,last_modified_date
credit_memo,last_referenced_date
credit_memo,last_viewed_date
credit_memo,net_credits_applied
credit_memo,owner_id
credit_memo,reference_entity_id
credit_memo,status
credit_memo,system_modstamp
credit_memo,total_adjustment_amount
credit_memo,total_adjustment_amount_with_tax
credit_memo,total_adjustment_tax_amount
credit_memo,total_amount
credit_memo,total_amount_with_tax
credit_memo,total_charge_amount
credit_memo,total_charge_amount_with_tax
credit_memo,total_charge_tax_amount
credit_memo,total_credit_amount_applied
credit_memo,total_credit_amount_unapplied
credit_memo,total_tax_amount
credit_memo_feed,_fivetran_deleted
credit_memo_feed,_fivetran_synced
credit_memo_feed,best_comment_id
credit_memo_feed,body
credit_memo_feed,comment_count
credit_memo_feed,created_by_id
credit_memo_feed,created_date
credit_memo_feed,id
credit_memo_feed,inserted_by_id
credit_memo_feed,is_deleted
credit_memo_feed,is_rich_text
credit_memo_feed,last_modified_date
credit_memo_feed,like_count
credit_memo_feed,link_url
credit_memo_feed,network_scope
credit_memo_feed,parent_id
credit_memo_feed,related_record_id
credit_memo_feed,system_modstamp
credit_memo_feed,title
credit_memo_feed,type
credit_memo_feed,visibility
credit_memo_history,_fivetran_deleted
credit_memo_history,_fivetran_synced
credit_memo_history,created_by_id
credit_memo_history,created_date
credit_memo_history,credit_memo_id
credit_memo_history,data_type
credit_memo_history,field
credit_memo_history,id
credit_memo_history,is_deleted
credit_memo_history,new_value
credit_memo_history,old_value
credit_memo_inv_application,_fivetran_deleted
credit_memo_inv_application,_fivetran_synced
credit_memo_inv_application,amount
credit_memo_inv_application,applied_date
credit_memo_inv_application,associated_line_id
credit_memo_inv_application,created_by_id
credit_memo_inv_application,created_date
credit_memo_inv_application,credit_memo_id
credit_memo_inv_application,credit_memo_invoice_number
credit_memo_inv_application,date
credit_memo_inv_application,description
credit_memo_inv_application,effective_date
credit_memo_inv_application,has_been_unapplied
credit_memo_inv_application,id
credit_memo_inv_application,impact_amount
credit_memo_inv_application,invoice_id
credit_memo_inv_application,is_deleted
credit_memo_inv_application,last_modified_by_id
credit_memo_inv_application,last_modified_date
credit_memo_inv_application,system_modstamp
credit_memo_inv_application,type
credit_memo_inv_application,unapplied_date
credit_memo_inv_application_feed,_fivetran_deleted
credit_memo_inv_application_feed,_fivetran_synced
credit_memo_inv_application_feed,best_comment_id
credit_memo_inv_application_feed,body
credit_memo_inv_application_feed,comment_count
credit_memo_inv_application_feed,created_by_id
credit_memo_inv_application_feed,created_date
credit_memo_inv_application_feed,id
credit_memo_inv_application_feed,inserted_by_id
credit_memo_inv_application_feed,is_deleted
credit_memo_inv_application_feed,is_rich_text
credit_memo_inv_application_feed,last_modified_date
credit_memo_inv_application_feed,like_count
credit_memo_inv_application_feed,link_url
credit_memo_inv_application_feed,network_scope
credit_memo_inv_application_feed,parent_id
credit_memo_inv_application_feed,related_record_id
credit_memo_inv_application_feed,system_modstamp
credit_memo_inv_application_feed,title
credit_memo_inv_application_feed,type
credit_memo_inv_application_feed,visibility
credit_memo_inv_application_history,_fivetran_deleted
credit_memo_inv_application_history,_fivetran_synced
credit_memo_inv_application_history,created_by_id
credit_memo_inv_application_history,created_date
credit_memo_inv_application_history,credit_memo_inv_application_id
credit_memo_inv_application_history,data_type
credit_memo_inv_application_history,field
credit_memo_inv_application_history,id
credit_memo_inv_application_history,is_deleted
credit_memo_inv_application_history,new_value
credit_memo_inv_application_history,old_value
credit_memo_line,_fivetran_deleted
credit_memo_line,_fivetran_synced
credit_memo_line,adjustment_amount
credit_memo_line,adjustment_amount_with_tax
credit_memo_line,adjustment_tax_amount
credit_memo_line,charge_amount
credit_memo_line,charge_amount_with_tax
credit_memo_line,charge_tax_amount
credit_memo_line,created_by_id
credit_memo_line,created_date
credit_memo_line,credit_memo_id
credit_memo_line,description
credit_memo_line,end_date
credit_memo_line,id
credit_memo_line,is_deleted
credit_memo_line,last_modified_by_id
credit_memo_line,last_modified_date
credit_memo_line,line_amount
credit_memo_line,name
credit_memo_line,product_2_id
credit_memo_line,reference_entity_item_id
credit_memo_line,reference_entity_item_type
credit_memo_line,reference_entity_item_type_code
credit_memo_line,related_line_id
credit_memo_line,start_date
credit_memo_line,status
credit_memo_line,system_modstamp
credit_memo_line,tax_amount
credit_memo_line,tax_code
credit_memo_line,tax_effective_date
credit_memo_line,tax_name
credit_memo_line,tax_rate
credit_memo_line,type
credit_memo_line_feed,_fivetran_deleted
credit_memo_line_feed,_fivetran_synced
credit_memo_line_feed,best_comment_id
credit_memo_line_feed,body
credit_memo_line_feed,comment_count
credit_memo_line_feed,created_by_id
credit_memo_line_feed,created_date
credit_memo_line_feed,id
credit_memo_line_feed,inserted_by_id
credit_memo_line_feed,is_deleted
credit_memo_line_feed,is_rich_text
credit_memo_line_feed,last_modified_date
credit_memo_line_feed,like_count
credit_memo_line_feed,link_url
credit_memo_line_feed,network_scope
credit_memo_line_feed,parent_id
credit_memo_line_feed,related_record_id
credit_memo_line_feed,system_modstamp
credit_memo_line_feed,title
credit_memo_line_feed,type
credit_memo_line_feed,visibility
credit_memo_line_history,_fivetran_deleted
credit_memo_line_history,_fivetran_synced
credit_memo_line_history,created_by_id
credit_memo_line_history,created_date
credit_memo_line_history,credit_memo_line_id
credit_memo_line_history,data_type
credit_memo_line_history,field
credit_memo_line_history,id
credit_memo_line_history,is_deleted
credit_memo_line_history,new_value
credit_memo_line_history,old_value
data_obj_secondary_index,_fivetran_deleted
data_obj_secondary_index,_fivetran_synced
data_obj_secondary_index,created_by_id
data_obj_secondary_index,created_date
data_obj_secondary_index,description
data_obj_secondary_index,id
data_obj_secondary_index,indexed_fields
data_obj_secondary_index,is_deleted
data_obj_secondary_index,last_modified_by_id
data_obj_secondary_index,last_modified_date
data_obj_secondary_index,last_referenced_date
data_obj_secondary_index,last_refresh_time
data_obj_secondary_index,last_viewed_date
data_obj_secondary_index,name
data_obj_secondary_index,runtime_status
data_obj_secondary_index,secondary_index_developer_name
data_obj_secondary_index,source_object_name
data_obj_secondary_index,source_object_type
data_obj_secondary_index,status
data_obj_secondary_index,system_modstamp
data_obj_secondary_index_feed,_fivetran_deleted
data_obj_secondary_index_feed,_fivetran_synced
data_obj_secondary_index_feed,best_comment_id
data_obj_secondary_index_feed,body
data_obj_secondary_index_feed,comment_count
data_obj_secondary_index_feed,created_by_id
data_obj_secondary_index_feed,created_date
data_obj_secondary_index_feed,id
data_obj_secondary_index_feed,inserted_by_id
data_obj_secondary_index_feed,is_deleted
data_obj_secondary_index_feed,is_rich_text
data_obj_secondary_index_feed,last_modified_date
data_obj_secondary_index_feed,like_count
data_obj_secondary_index_feed,link_url
data_obj_secondary_index_feed,network_scope
data_obj_secondary_index_feed,parent_id
data_obj_secondary_index_feed,related_record_id
data_obj_secondary_index_feed,system_modstamp
data_obj_secondary_index_feed,title
data_obj_secondary_index_feed,type
data_obj_secondary_index_feed,visibility
data_obj_secondary_index_history,_fivetran_deleted
data_obj_secondary_index_history,_fivetran_synced
data_obj_secondary_index_history,created_by_id
data_obj_secondary_index_history,created_date
data_obj_secondary_index_history,data_obj_secondary_index_id
data_obj_secondary_index_history,data_type
data_obj_secondary_index_history,field
data_obj_secondary_index_history,id
data_obj_secondary_index_history,is_deleted
data_obj_secondary_index_history,new_value
data_obj_secondary_index_history,old_value
digital_wallet,_fivetran_deleted
digital_wallet,_fivetran_synced
digital_wallet,account_id
digital_wallet,audit_email
digital_wallet,billing_name
digital_wallet,comments
digital_wallet,company_name
digital_wallet,created_by_id
digital_wallet,created_date
digital_wallet,customer
digital_wallet,digital_wallet_number
digital_wallet,email
digital_wallet,gateway_token
digital_wallet,gateway_token_details
digital_wallet,gateway_token_encrypted
digital_wallet,id
digital_wallet,ip_address
digital_wallet,is_auto_pay_enabled
digital_wallet,is_deleted
digital_wallet,last_modified_by_id
digital_wallet,last_modified_date
digital_wallet,last_referenced_date
digital_wallet,last_viewed_date
digital_wallet,mac_address
digital_wallet,nick_name
digital_wallet,payment_gateway_id
digital_wallet,payment_method_city
digital_wallet,payment_method_country
digital_wallet,payment_method_country_code
digital_wallet,payment_method_details
digital_wallet,payment_method_geocode_accuracy
digital_wallet,payment_method_latitude
digital_wallet,payment_method_longitude
digital_wallet,payment_method_postal_code
digital_wallet,payment_method_state
digital_wallet,payment_method_state_code
digital_wallet,payment_method_street
digital_wallet,payment_method_sub_type
digital_wallet,payment_method_type
digital_wallet,phone
digital_wallet,processing_mode
digital_wallet,status
digital_wallet,system_modstamp
forecasting_submission,_fivetran_deleted
forecasting_submission,_fivetran_synced
forecasting_submission,created_by_id
forecasting_submission,created_date
forecasting_submission,forecast_owner_id
forecasting_submission,forecasting_group_item_id
forecasting_submission,forecasting_type_id
forecasting_submission,id
forecasting_submission,is_deleted
forecasting_submission,is_latest
forecasting_submission,last_modified_by_id
forecasting_submission,last_modified_date
forecasting_submission,name
forecasting_submission,note
forecasting_submission,period_id
forecasting_submission,period_start_date
forecasting_submission,product_family
forecasting_submission,status
forecasting_submission,submission_date_time
forecasting_submission,system_modstamp
forecasting_submission_item,_fivetran_deleted
forecasting_submission_item,_fivetran_synced
forecasting_submission_item,amount
forecasting_submission_item,created_by_id
forecasting_submission_item,created_date
forecasting_submission_item,forecasting_item_category
forecasting_submission_item,forecasting_submission_id
forecasting_submission_item,id
forecasting_submission_item,is_deleted
forecasting_submission_item,last_modified_by_id
forecasting_submission_item,last_modified_date
forecasting_submission_item,name
forecasting_submission_item,quantity
forecasting_submission_item,system_modstamp
goal_assignment,_fivetran_deleted
goal_assignment,_fivetran_synced
goal_assignment,created_by_id
goal_assignment,created_date
goal_assignment,goal_definition_id
goal_assignment,id
goal_assignment,is_deleted
goal_assignment,last_modified_by_id
goal_assignment,last_modified_date
goal_assignment,last_referenced_date
goal_assignment,last_viewed_date
goal_assignment,name
goal_assignment,owner_id
goal_assignment,parent_record_id
goal_assignment,system_modstamp
goal_assignment,target
goal_assignment,target_completion_percentage
goal_assignment_feed,_fivetran_deleted
goal_assignment_feed,_fivetran_synced
goal_assignment_feed,best_comment_id
goal_assignment_feed,body
goal_assignment_feed,comment_count
goal_assignment_feed,created_by_id
goal_assignment_feed,created_date
goal_assignment_feed,id
goal_assignment_feed,inserted_by_id
goal_assignment_feed,is_deleted
goal_assignment_feed,is_rich_text
goal_assignment_feed,last_modified_date
goal_assignment_feed,like_count
goal_assignment_feed,link_url
goal_assignment_feed,network_scope
goal_assignment_feed,parent_id
goal_assignment_feed,related_record_id
goal_assignment_feed,system_modstamp
goal_assignment_feed,title
goal_assignment_feed,type
goal_assignment_feed,visibility
goal_assignment_history,_fivetran_deleted
goal_assignment_history,_fivetran_synced
goal_assignment_history,created_by_id
goal_assignment_history,created_date
goal_assignment_history,data_type
goal_assignment_history,field
goal_assignment_history,goal_assignment_id
goal_assignment_history,id
goal_assignment_history,is_deleted
goal_assignment_history,new_value
goal_assignment_history,old_value
goal_assignment_recommendation,_fivetran_deleted
goal_assignment_recommendation,_fivetran_synced
goal_assignment_recommendation,acceptance_label
goal_assignment_recommendation,action
goal_assignment_recommendation,action_info
goal_assignment_recommendation,action_type
goal_assignment_recommendation,channel_id
goal_assignment_recommendation,created_by_id
goal_assignment_recommendation,created_date
goal_assignment_recommendation,description
goal_assignment_recommendation,domain
goal_assignment_recommendation,external_name
goal_assignment_recommendation,external_state
goal_assignment_recommendation,goal_assignment_id
goal_assignment_recommendation,grouping
goal_assignment_recommendation,icon_name
goal_assignment_recommendation,id
goal_assignment_recommendation,image_id
goal_assignment_recommendation,is_deleted
goal_assignment_recommendation,last_modified_by_id
goal_assignment_recommendation,last_modified_date
goal_assignment_recommendation,name
goal_assignment_recommendation,output
goal_assignment_recommendation,owner_id
goal_assignment_recommendation,parent_recommendation_id
goal_assignment_recommendation,rejection_label
goal_assignment_recommendation,score
goal_assignment_recommendation,secondary_state
goal_assignment_recommendation,state
goal_assignment_recommendation,system_modstamp
goal_assignment_recommendation,tertiary_state
goal_definition,_fivetran_deleted
goal_definition,_fivetran_synced
goal_definition,created_by_id
goal_definition,created_date
goal_definition,id
goal_definition,is_deleted
goal_definition,last_modified_by_id
goal_definition,last_modified_date
goal_definition,last_referenced_date
goal_definition,last_viewed_date
goal_definition,name
goal_definition,owner_id
goal_definition,parent_goal_id
goal_definition,system_modstamp
goal_definition_feed,_fivetran_deleted
goal_definition_feed,_fivetran_synced
goal_definition_feed,best_comment_id
goal_definition_feed,body
goal_definition_feed,comment_count
goal_definition_feed,created_by_id
goal_definition_feed,created_date
goal_definition_feed,id
goal_definition_feed,inserted_by_id
goal_definition_feed,is_deleted
goal_definition_feed,is_rich_text
goal_definition_feed,last_modified_date
goal_definition_feed,like_count
goal_definition_feed,link_url
goal_definition_feed,network_scope
goal_definition_feed,parent_id
goal_definition_feed,related_record_id
goal_definition_feed,system_modstamp
goal_definition_feed,title
goal_definition_feed,type
goal_definition_feed,visibility
goal_definition_history,_fivetran_deleted
goal_definition_history,_fivetran_synced
goal_definition_history,created_by_id
goal_definition_history,created_date
goal_definition_history,data_type
goal_definition_history,field
goal_definition_history,goal_definition_id
goal_definition_history,id
goal_definition_history,is_deleted
goal_definition_history,new_value
goal_definition_history,old_value
incp_incident_lv_fields_c,_fivetran_deleted
incp_incident_lv_fields_c,_fivetran_synced
incp_incident_lv_fields_c,created_by_id
incp_incident_lv_fields_c,created_date
incp_incident_lv_fields_c,id
incp_incident_lv_fields_c,incp_field_name_c
incp_incident_lv_fields_c,incp_field_type_c
incp_incident_lv_fields_c,incp_id_related_field_c
incp_incident_lv_fields_c,incp_label_c
incp_incident_lv_fields_c,incp_related_field_name_c
incp_incident_lv_fields_c,incp_related_field_path_c
incp_incident_lv_fields_c,incp_show_related_field_c
incp_incident_lv_fields_c,incp_visible_c
incp_incident_lv_fields_c,is_deleted
incp_incident_lv_fields_c,last_modified_by_id
incp_incident_lv_fields_c,last_modified_date
incp_incident_lv_fields_c,name
incp_incident_lv_fields_c,setup_owner_id
incp_incident_lv_fields_c,system_modstamp
incp_time_zone_selection_c,_fivetran_deleted
incp_time_zone_selection_c,_fivetran_synced
incp_time_zone_selection_c,created_by_id
incp_time_zone_selection_c,created_date
incp_time_zone_selection_c,id
incp_time_zone_selection_c,incp_object_name_c
incp_time_zone_selection_c,incp_selection_c
incp_time_zone_selection_c,is_deleted
incp_time_zone_selection_c,last_modified_by_id
incp_time_zone_selection_c,last_modified_date
incp_time_zone_selection_c,name
incp_time_zone_selection_c,setup_owner_id
incp_time_zone_selection_c,system_modstamp
invoice,_fivetran_deleted
invoice,_fivetran_synced
invoice,balance
invoice,bill_to_contact_id
invoice,billing_account_id
invoice,created_by_id
invoice,created_date
invoice,description
invoice,document_number
invoice,due_date
invoice,id
invoice,invoice_date
invoice,invoice_locked_date_time
invoice,invoice_number
invoice,is_deleted
invoice,is_invoice_locked
invoice,last_modified_by_id
invoice,last_modified_date
invoice,last_referenced_date
invoice,last_viewed_date
invoice,net_credits_applied
invoice,net_payments_applied
invoice,owner_id
invoice,reference_entity_id
invoice,status
invoice,system_modstamp
invoice,total_adjustment_amount
invoice,total_adjustment_amount_with_tax
invoice,total_adjustment_tax_amount
invoice,total_amount
invoice,total_amount_with_tax
invoice,total_charge_amount
invoice,total_charge_amount_with_tax
invoice,total_charge_tax_amount
invoice,total_tax_amount
invoice_feed,_fivetran_deleted
invoice_feed,_fivetran_synced
invoice_feed,best_comment_id
invoice_feed,body
invoice_feed,comment_count
invoice_feed,created_by_id
invoice_feed,created_date
invoice_feed,id
invoice_feed,inserted_by_id
invoice_feed,is_deleted
invoice_feed,is_rich_text
invoice_feed,last_modified_date
invoice_feed,like_count
invoice_feed,link_url
invoice_feed,network_scope
invoice_feed,parent_id
invoice_feed,related_record_id
invoice_feed,system_modstamp
invoice_feed,title
invoice_feed,type
invoice_feed,visibility
invoice_history,_fivetran_deleted
invoice_history,_fivetran_synced
invoice_history,created_by_id
invoice_history,created_date
invoice_history,data_type
invoice_history,field
invoice_history,id
invoice_history,invoice_id
invoice_history,is_deleted
invoice_history,new_value
invoice_history,old_value
invoice_line,_fivetran_deleted
invoice_line,_fivetran_synced
invoice_line,adjustment_amount
invoice_line,adjustment_amount_with_tax
invoice_line,adjustment_tax_amount
invoice_line,charge_amount
invoice_line,charge_amount_with_tax
invoice_line,charge_tax_amount
invoice_line,created_by_id
invoice_line,created_date
invoice_line,description
invoice_line,group_reference_entity_item_id
invoice_line,id
invoice_line,invoice_id
invoice_line,invoice_line_end_date
invoice_line,invoice_line_start_date
invoice_line,invoice_status
invoice_line,is_deleted
invoice_line,last_modified_by_id
invoice_line,last_modified_date
invoice_line,line_amount
invoice_line,name
invoice_line,product_2_id
invoice_line,quantity
invoice_line,reference_entity_item_id
invoice_line,reference_entity_item_type
invoice_line,reference_entity_item_type_code
invoice_line,related_line_id
invoice_line,system_modstamp
invoice_line,tax_amount
invoice_line,tax_code
invoice_line,tax_effective_date
invoice_line,tax_name
invoice_line,tax_processing_status
invoice_line,tax_rate
invoice_line,type
invoice_line,unit_price
invoice_line_feed,_fivetran_deleted
invoice_line_feed,_fivetran_synced
invoice_line_feed,best_comment_id
invoice_line_feed,body
invoice_line_feed,comment_count
invoice_line_feed,created_by_id
invoice_line_feed,created_date
invoice_line_feed,id
invoice_line_feed,inserted_by_id
invoice_line_feed,is_deleted
invoice_line_feed,is_rich_text
invoice_line_feed,last_modified_date
invoice_line_feed,like_count
invoice_line_feed,link_url
invoice_line_feed,network_scope
invoice_line_feed,parent_id
invoice_line_feed,related_record_id
invoice_line_feed,system_modstamp
invoice_line_feed,title
invoice_line_feed,type
invoice_line_feed,visibility
invoice_line_history,_fivetran_deleted
invoice_line_history,_fivetran_synced
invoice_line_history,created_by_id
invoice_line_history,created_date
invoice_line_history,data_type
invoice_line_history,field
invoice_line_history,id
invoice_line_history,invoice_line_id
invoice_line_history,is_deleted
invoice_line_history,new_value
invoice_line_history,old_value
lcom_account_c,_fivetran_deleted
lcom_account_c,_fivetran_synced
lcom_account_c,count_of_organizations_with_platform_id_c
lcom_account_c,created_by_id
lcom_account_c,created_date
lcom_account_c,id
lcom_account_c,is_deleted
lcom_account_c,is_linked_c
lcom_account_c,is_synced_c
lcom_account_c,last_activity_date
lcom_account_c,last_modified_by_id
lcom_account_c,last_modified_date
lcom_account_c,last_referenced_date
lcom_account_c,last_viewed_date
lcom_account_c,lcom_account_id_18_c
lcom_account_c,lcom_account_state_c
lcom_account_c,lcom_django_id_c
lcom_account_c,lcom_platform_account_id_c
lcom_account_c,name
lcom_account_c,salesforce_account_c
lcom_account_c,salesforce_account_id_18_c
lcom_account_c,system_modstamp
lcom_account_feed,_fivetran_deleted
lcom_account_feed,_fivetran_synced
lcom_account_feed,best_comment_id
lcom_account_feed,body
lcom_account_feed,comment_count
lcom_account_feed,created_by_id
lcom_account_feed,created_date
lcom_account_feed,id
lcom_account_feed,inserted_by_id
lcom_account_feed,is_deleted
lcom_account_feed,is_rich_text
lcom_account_feed,last_modified_date
lcom_account_feed,like_count
lcom_account_feed,link_url
lcom_account_feed,network_scope
lcom_account_feed,parent_id
lcom_account_feed,related_record_id
lcom_account_feed,system_modstamp
lcom_account_feed,title
lcom_account_feed,type
lcom_account_feed,visibility
lcom_license_c,_fivetran_deleted
lcom_license_c,_fivetran_synced
lcom_license_c,created_by_id
lcom_license_c,created_date
lcom_license_c,enforce_date_restrictions_c
lcom_license_c,id
lcom_license_c,is_active_c
lcom_license_c,is_deleted
lcom_license_c,is_disabled_c
lcom_license_c,is_linked_c
lcom_license_c,is_synced_c
lcom_license_c,is_valid_c
lcom_license_c,last_activity_date
lcom_license_c,last_modified_by_id
lcom_license_c,last_modified_date
lcom_license_c,last_referenced_date
lcom_license_c,last_viewed_date
lcom_license_c,lcom_django_id_c
lcom_license_c,lcom_license_end_date_c
lcom_license_c,lcom_license_quantity_c
lcom_license_c,lcom_license_site_count_c
lcom_license_c,lcom_license_start_date_c
lcom_license_c,lcom_order_c
lcom_license_c,lcom_organization_c
lcom_license_c,lcom_platform_license_id_c
lcom_license_c,lcom_suite_c
lcom_license_c,lcom_suite_name_c
lcom_license_c,name
lcom_license_c,quote_c
lcom_license_c,ready_to_sync_c
lcom_license_c,system_modstamp
lcom_license_feed,_fivetran_deleted
lcom_license_feed,_fivetran_synced
lcom_license_feed,best_comment_id
lcom_license_feed,body
lcom_license_feed,comment_count
lcom_license_feed,created_by_id
lcom_license_feed,created_date
lcom_license_feed,id
lcom_license_feed,inserted_by_id
lcom_license_feed,is_deleted
lcom_license_feed,is_rich_text
lcom_license_feed,last_modified_date
lcom_license_feed,like_count
lcom_license_feed,link_url
lcom_license_feed,network_scope
lcom_license_feed,parent_id
lcom_license_feed,related_record_id
lcom_license_feed,system_modstamp
lcom_license_feed,title
lcom_license_feed,type
lcom_license_feed,visibility
lcom_license_site_c,_fivetran_deleted
lcom_license_site_c,_fivetran_synced
lcom_license_site_c,account_c
lcom_license_site_c,created_by_id
lcom_license_site_c,created_date
lcom_license_site_c,id
lcom_license_site_c,is_deleted
lcom_license_site_c,is_disabled_c
lcom_license_site_c,is_linked_c
lcom_license_site_c,is_synced_c
lcom_license_site_c,last_activity_date
lcom_license_site_c,last_modified_by_id
lcom_license_site_c,last_modified_date
lcom_license_site_c,lcom_django_id_c
lcom_license_site_c,lcom_license_c
lcom_license_site_c,lcom_license_name_created_c
lcom_license_site_c,lcom_order_c
lcom_license_site_c,lcom_organization_c
lcom_license_site_c,lcom_organization_django_id_c
lcom_license_site_c,lcom_organization_is_linked_c
lcom_license_site_c,lcom_organization_name_c
lcom_license_site_c,lcom_organization_parent_c
lcom_license_site_c,lcom_organization_parent_is_linked_c
lcom_license_site_c,lcom_platform_license_site_id_c
lcom_license_site_c,lcom_suite_c
lcom_license_site_c,name
lcom_license_site_c,quote_line_c
lcom_license_site_c,system_modstamp
lcom_license_site_feed,_fivetran_deleted
lcom_license_site_feed,_fivetran_synced
lcom_license_site_feed,best_comment_id
lcom_license_site_feed,body
lcom_license_site_feed,comment_count
lcom_license_site_feed,created_by_id
lcom_license_site_feed,created_date
lcom_license_site_feed,id
lcom_license_site_feed,inserted_by_id
lcom_license_site_feed,is_deleted
lcom_license_site_feed,is_rich_text
lcom_license_site_feed,last_modified_date
lcom_license_site_feed,like_count
lcom_license_site_feed,link_url
lcom_license_site_feed,network_scope
lcom_license_site_feed,parent_id
lcom_license_site_feed,related_record_id
lcom_license_site_feed,system_modstamp
lcom_license_site_feed,title
lcom_license_site_feed,type
lcom_license_site_feed,visibility
lcom_member_c,_fivetran_deleted
lcom_member_c,_fivetran_synced
lcom_member_c,created_by_id
lcom_member_c,created_date
lcom_member_c,id
lcom_member_c,is_deleted
lcom_member_c,is_linked_c
lcom_member_c,is_synced_c
lcom_member_c,last_modified_by_id
lcom_member_c,last_modified_date
lcom_member_c,lcom_django_id_c
lcom_member_c,lcom_member_email_c
lcom_member_c,lcom_member_roles_c
lcom_member_c,lcom_member_unique_identifier_c
lcom_member_c,lcom_organization_c
lcom_member_c,lcom_platform_member_id_c
lcom_member_c,lcom_platform_organization_id_c
lcom_member_c,name
lcom_member_c,platform_username_c
lcom_member_c,salesforce_contact_c
lcom_member_c,send_login_link_c
lcom_member_c,system_modstamp
lcom_member_feed,_fivetran_deleted
lcom_member_feed,_fivetran_synced
lcom_member_feed,best_comment_id
lcom_member_feed,body
lcom_member_feed,comment_count
lcom_member_feed,created_by_id
lcom_member_feed,created_date
lcom_member_feed,id
lcom_member_feed,inserted_by_id
lcom_member_feed,is_deleted
lcom_member_feed,is_rich_text
lcom_member_feed,last_modified_date
lcom_member_feed,like_count
lcom_member_feed,link_url
lcom_member_feed,network_scope
lcom_member_feed,parent_id
lcom_member_feed,related_record_id
lcom_member_feed,system_modstamp
lcom_member_feed,title
lcom_member_feed,type
lcom_member_feed,visibility
lcom_order_c,_fivetran_deleted
lcom_order_c,_fivetran_synced
lcom_order_c,created_by_id
lcom_order_c,created_date
lcom_order_c,id
lcom_order_c,is_deleted
lcom_order_c,last_activity_date
lcom_order_c,last_modified_by_id
lcom_order_c,last_modified_date
lcom_order_c,last_referenced_date
lcom_order_c,last_viewed_date
lcom_order_c,lcom_account_c
lcom_order_c,lcom_django_id_c
lcom_order_c,lcom_license_count_c
lcom_order_c,lcom_licenses_ready_to_sync_count_c
lcom_order_c,lcom_order_amount_c
lcom_order_c,lcom_order_cancellation_reason_c
lcom_order_c,lcom_order_line_count_c
lcom_order_c,lcom_order_status_c
lcom_order_c,lcom_order_type_c
lcom_order_c,lcom_organization_is_linked_c
lcom_order_c,lcom_term_c
lcom_order_c,lcom_term_django_id_c
lcom_order_c,license_provisioned_date_c
lcom_order_c,maximum_end_date_c
lcom_order_c,minimum_order_start_date_c
lcom_order_c,name
lcom_order_c,opportunity_c
lcom_order_c,opportunity_number_c
lcom_order_c,order_end_date_c
lcom_order_c,order_start_date_c
lcom_order_c,po_number_c
lcom_order_c,quote_c
lcom_order_c,sales_support_rep_c
lcom_order_c,salesforce_account_c
lcom_order_c,system_modstamp
lcom_order_feed,_fivetran_deleted
lcom_order_feed,_fivetran_synced
lcom_order_feed,best_comment_id
lcom_order_feed,body
lcom_order_feed,comment_count
lcom_order_feed,created_by_id
lcom_order_feed,created_date
lcom_order_feed,id
lcom_order_feed,inserted_by_id
lcom_order_feed,is_deleted
lcom_order_feed,is_rich_text
lcom_order_feed,last_modified_date
lcom_order_feed,like_count
lcom_order_feed,link_url
lcom_order_feed,network_scope
lcom_order_feed,parent_id
lcom_order_feed,related_record_id
lcom_order_feed,system_modstamp
lcom_order_feed,title
lcom_order_feed,type
lcom_order_feed,visibility
lcom_order_line_c,_fivetran_deleted
lcom_order_line_c,_fivetran_synced
lcom_order_line_c,created_by_id
lcom_order_line_c,created_date
lcom_order_line_c,id
lcom_order_line_c,is_deleted
lcom_order_line_c,last_activity_date
lcom_order_line_c,last_modified_by_id
lcom_order_line_c,last_modified_date
lcom_order_line_c,lcom_license_c
lcom_order_line_c,lcom_order_c
lcom_order_line_c,lcom_order_line_end_date_c
lcom_order_line_c,lcom_order_line_quantity_c
lcom_order_line_c,lcom_order_line_start_date_c
lcom_order_line_c,lcom_order_product_amount_c
lcom_order_line_c,lcom_organization_c
lcom_order_line_c,lcom_suite_c
lcom_order_line_c,lcom_term_c
lcom_order_line_c,license_set_up_c
lcom_order_line_c,name
lcom_order_line_c,opportunity_c
lcom_order_line_c,opportunity_number_c
lcom_order_line_c,po_number_c
lcom_order_line_c,product_c
lcom_order_line_c,product_name_c
lcom_order_line_c,quote_line_c
lcom_order_line_c,system_modstamp
lcom_order_line_feed,_fivetran_deleted
lcom_order_line_feed,_fivetran_synced
lcom_order_line_feed,best_comment_id
lcom_order_line_feed,body
lcom_order_line_feed,comment_count
lcom_order_line_feed,created_by_id
lcom_order_line_feed,created_date
lcom_order_line_feed,id
lcom_order_line_feed,inserted_by_id
lcom_order_line_feed,is_deleted
lcom_order_line_feed,is_rich_text
lcom_order_line_feed,last_modified_date
lcom_order_line_feed,like_count
lcom_order_line_feed,link_url
lcom_order_line_feed,network_scope
lcom_order_line_feed,parent_id
lcom_order_line_feed,related_record_id
lcom_order_line_feed,system_modstamp
lcom_order_line_feed,title
lcom_order_line_feed,type
lcom_order_line_feed,visibility
lcom_order_modification_c,_fivetran_deleted
lcom_order_modification_c,_fivetran_synced
lcom_order_modification_c,created_by_id
lcom_order_modification_c,created_date
lcom_order_modification_c,id
lcom_order_modification_c,is_deleted
lcom_order_modification_c,last_activity_date
lcom_order_modification_c,last_modified_by_id
lcom_order_modification_c,last_modified_date
lcom_order_modification_c,lcom_order_modified_c
lcom_order_modification_c,modification_sub_type_c
lcom_order_modification_c,modification_type_c
lcom_order_modification_c,modified_by_c
lcom_order_modification_c,modified_date_c
lcom_order_modification_c,name
lcom_order_modification_c,system_modstamp
lcom_order_modification_feed,_fivetran_deleted
lcom_order_modification_feed,_fivetran_synced
lcom_order_modification_feed,best_comment_id
lcom_order_modification_feed,body
lcom_order_modification_feed,comment_count
lcom_order_modification_feed,created_by_id
lcom_order_modification_feed,created_date
lcom_order_modification_feed,id
lcom_order_modification_feed,inserted_by_id
lcom_order_modification_feed,is_deleted
lcom_order_modification_feed,is_rich_text
lcom_order_modification_feed,last_modified_date
lcom_order_modification_feed,like_count
lcom_order_modification_feed,link_url
lcom_order_modification_feed,network_scope
lcom_order_modification_feed,parent_id
lcom_order_modification_feed,related_record_id
lcom_order_modification_feed,system_modstamp
lcom_order_modification_feed,title
lcom_order_modification_feed,type
lcom_order_modification_feed,visibility
lcom_organization_c,_fivetran_deleted
lcom_organization_c,_fivetran_synced
lcom_organization_c,account_c
lcom_organization_c,account_missing_platform_id_c
lcom_organization_c,city_c
lcom_organization_c,country_c
lcom_organization_c,created_by_id
lcom_organization_c,created_date
lcom_organization_c,demo_district_c
lcom_organization_c,free_trial_c
lcom_organization_c,has_parent_organization_c
lcom_organization_c,id
lcom_organization_c,is_deleted
lcom_organization_c,is_linked_c
lcom_organization_c,is_synced_c
lcom_organization_c,last_activity_date
lcom_organization_c,last_modified_by_id
lcom_organization_c,last_modified_date
lcom_organization_c,last_referenced_date
lcom_organization_c,last_viewed_date
lcom_organization_c,lcom_account_c
lcom_organization_c,lcom_account_id_c
lcom_organization_c,lcom_django_id_c
lcom_organization_c,lcom_organization_parent_c
lcom_organization_c,lcom_organization_type_c
lcom_organization_c,lcom_platform_organization_id_c
lcom_organization_c,name
lcom_organization_c,nces_id_c
lcom_organization_c,platform_name_c
lcom_organization_c,platform_url_c
lcom_organization_c,salesforce_account_account_id_c
lcom_organization_c,salesforce_account_parent_account_id_c
lcom_organization_c,salesforce_account_ult_parent_acct_id_c
lcom_organization_c,state_region_c
lcom_organization_c,system_modstamp
lcom_organization_c,x_18_digit_lcom_organization_id_c
lcom_organization_feed,_fivetran_deleted
lcom_organization_feed,_fivetran_synced
lcom_organization_feed,best_comment_id
lcom_organization_feed,body
lcom_organization_feed,comment_count
lcom_organization_feed,created_by_id
lcom_organization_feed,created_date
lcom_organization_feed,id
lcom_organization_feed,inserted_by_id
lcom_organization_feed,is_deleted
lcom_organization_feed,is_rich_text
lcom_organization_feed,last_modified_date
lcom_organization_feed,like_count
lcom_organization_feed,link_url
lcom_organization_feed,network_scope
lcom_organization_feed,parent_id
lcom_organization_feed,related_record_id
lcom_organization_feed,system_modstamp
lcom_organization_feed,title
lcom_organization_feed,type
lcom_organization_feed,visibility
lcom_suite_c,_fivetran_deleted
lcom_suite_c,_fivetran_synced
lcom_suite_c,created_by_id
lcom_suite_c,created_date
lcom_suite_c,id
lcom_suite_c,is_active_c
lcom_suite_c,is_deleted
lcom_suite_c,is_linked_c
lcom_suite_c,is_synced_c
lcom_suite_c,last_activity_date
lcom_suite_c,last_modified_by_id
lcom_suite_c,last_modified_date
lcom_suite_c,last_referenced_date
lcom_suite_c,last_viewed_date
lcom_suite_c,lcom_django_id_c
lcom_suite_c,lcom_license_c
lcom_suite_c,name
lcom_suite_c,owner_id
lcom_suite_c,product_c
lcom_suite_c,system_modstamp
lcom_suite_feed,_fivetran_deleted
lcom_suite_feed,_fivetran_synced
lcom_suite_feed,best_comment_id
lcom_suite_feed,body
lcom_suite_feed,comment_count
lcom_suite_feed,created_by_id
lcom_suite_feed,created_date
lcom_suite_feed,id
lcom_suite_feed,inserted_by_id
lcom_suite_feed,is_deleted
lcom_suite_feed,is_rich_text
lcom_suite_feed,last_modified_date
lcom_suite_feed,like_count
lcom_suite_feed,link_url
lcom_suite_feed,network_scope
lcom_suite_feed,parent_id
lcom_suite_feed,related_record_id
lcom_suite_feed,system_modstamp
lcom_suite_feed,title
lcom_suite_feed,type
lcom_suite_feed,visibility
lcom_term_c,_fivetran_deleted
lcom_term_c,_fivetran_synced
lcom_term_c,created_by_id
lcom_term_c,created_date
lcom_term_c,id
lcom_term_c,is_active_c
lcom_term_c,is_deleted
lcom_term_c,is_linked_c
lcom_term_c,is_synced_c
lcom_term_c,last_activity_date
lcom_term_c,last_modified_by_id
lcom_term_c,last_modified_date
lcom_term_c,last_referenced_date
lcom_term_c,last_viewed_date
lcom_term_c,lcom_django_id_c
lcom_term_c,lcom_platform_term_id_c
lcom_term_c,lcom_term_end_date_c
lcom_term_c,lcom_term_start_date_c
lcom_term_c,name
lcom_term_c,owner_id
lcom_term_c,system_modstamp
lcom_term_feed,_fivetran_deleted
lcom_term_feed,_fivetran_synced
lcom_term_feed,best_comment_id
lcom_term_feed,body
lcom_term_feed,comment_count
lcom_term_feed,created_by_id
lcom_term_feed,created_date
lcom_term_feed,id
lcom_term_feed,inserted_by_id
lcom_term_feed,is_deleted
lcom_term_feed,is_rich_text
lcom_term_feed,last_modified_date
lcom_term_feed,like_count
lcom_term_feed,link_url
lcom_term_feed,network_scope
lcom_term_feed,parent_id
lcom_term_feed,related_record_id
lcom_term_feed,system_modstamp
lcom_term_feed,title
lcom_term_feed,type
lcom_term_feed,visibility
lead,_fivetran_deleted
lead,_fivetran_synced
lead,acct_education_type_c
lead,acct_gradel_level_c
lead,acct_org_type_c
lead,activity_metric_id
lead,activity_metric_rollup_id
lead,agile_job_title_c
lead,agileed_account_c
lead,agileed_agile_ed_do_not_update_c
lead,agileed_agile_ed_insert_c
lead,agileed_agile_ed_key_c
lead,agileed_agile_ed_latest_update_date_c
lead,agileed_agile_ed_status_c
lead,agileed_agile_ed_up_to_date_c
lead,agileed_connect_link_account_id_c
lead,agileed_connect_link_do_not_update_hierarchy_c
lead,agileed_connect_link_email_hard_bounce_c
lead,agileed_connect_link_job_category_c
lead,agileed_connect_link_licensed_status_c
lead,agileed_connect_link_title_c
lead,agileed_last_connect_link_account_id_c
lead,agileed_last_connect_link_title_c
lead,agileed_last_sync_c
lead,annual_revenue
lead,bot_product_interest_c
lead,city
lead,codesters_campaign_source_c
lead,codesters_classes_c
lead,codesters_codesters_member_c
lead,codesters_created_date_c
lead,codesters_expected_account_c
lead,codesters_guid_c
lead,codesters_highest_module_completion_c
lead,codesters_i_2_c_18_student_avg_c
lead,codesters_i_2_c_18_student_completion_c
lead,codesters_i_2_c_student_avg_c
lead,codesters_i_2_c_student_completion_c
lead,codesters_id_c
lead,codesters_initial_campaign_c
lead,codesters_initial_medium_c
lead,codesters_initial_source_c
lead,codesters_last_login_c
lead,codesters_lti_c
lead,codesters_org_c
lead,codesters_profile_city_c
lead,codesters_profile_country_c
lead,codesters_profile_school_c
lead,codesters_profile_school_code_c
lead,codesters_profile_school_type_c
lead,codesters_profile_state_c
lead,codesters_profile_zip_c
lead,codesters_screen_name_c
lead,codesters_social_auth_provider_c
lead,codesters_students_c
lead,codesters_url_c
lead,codesters_user_name_c
lead,company
lead,contact_location_c
lead,converted_account_id
lead,converted_contact_id
lead,converted_date
lead,converted_opportunity_id
lead,country
lead,country_code
lead,created_by_id
lead,created_date
lead,current_experience_c
lead,data_quality_description_c
lead,data_quality_score_c
lead,db_created_date_without_time_c
lead,db_lead_age_c
lead,deactivated_reason_c
lead,description
lead,district_enrollment_c
lead,do_not_call
lead,email
lead,email_bounced_date
lead,email_bounced_reason
lead,fax
lead,first_call_date_time
lead,first_email_date_time
lead,first_name
lead,gender_identity
lead,geocode_accuracy
lead,gong_actively_being_in_a_flow_c
lead,gong_current_flow_id_c
lead,gong_current_flow_name_c
lead,gong_current_flow_step_number_c
lead,gong_current_flow_step_type_c
lead,gong_current_flow_task_due_date_c
lead,gong_current_flow_user_name_c
lead,gong_flow_execution_id_c
lead,gong_flow_status_c
lead,grade_levels_c
lead,grades_c
lead,has_opted_out_of_email
lead,has_opted_out_of_fax
lead,id
lead,individual_id
lead,industry
lead,is_converted
lead,is_deleted
lead,is_priority_record
lead,is_unread_by_owner
lead,jigsaw
lead,jigsaw_contact_id
lead,job_category_c
lead,job_function_c
lead,last_activity_date
lead,last_modified_by_id
lead,last_modified_date
lead,last_name
lead,last_referenced_date
lead,last_transfer_date
lead,last_viewed_date
lead,latitude
lead,lead_source
lead,learning_sbxid_c
lead,longitude
lead,master_record_id
lead,middle_name
lead,migrated_c
lead,mobile_phone
lead,mql_date_c
lead,name
lead,notes_c
lead,number_of_employees
lead,owner_id
lead,persona_c
lead,phone
lead,photo_url
lead,postal_code
lead,pronouns
lead,rating
lead,referred_by_c
lead,regional_services_district_c
lead,running_user_for_reporting_c
lead,salutation
lead,sdr_c
lead,sf_account_c
lead,source_campaign_c
lead,sql_date_c
lead,state
lead,state_code
lead,status
lead,street
lead,subject_c
lead,suffix
lead,synced_to_org_c
lead,system_modstamp
lead,target_start_date_c
lead,territory_c
lead,title
lead,training_c
lead,training_date_c
lead,training_notes_c
lead,twitter_handle_c
lead,vidcode_org_id_c
lead,website
lead_status_c,_fivetran_deleted
lead_status_c,_fivetran_synced
lead_status_c,contact_c
lead_status_c,created_by_id
lead_status_c,created_date
lead_status_c,id
lead_status_c,is_deleted
lead_status_c,last_modified_by_id
lead_status_c,last_modified_date
lead_status_c,mql_date_c
lead_status_c,name
lead_status_c,owner_id
lead_status_c,recycle_date_c
lead_status_c,sal_date_c
lead_status_c,sql_date_c
lead_status_c,srl_date_c
lead_status_c,system_modstamp
learning_com_order_c,_fivetran_deleted
learning_com_order_c,_fivetran_synced
learning_com_order_c,created_by_id
learning_com_order_c,created_date
learning_com_order_c,enforce_date_restrictions_c
learning_com_order_c,enforce_license_restriction_c
learning_com_order_c,id
learning_com_order_c,is_deleted
learning_com_order_c,is_synced_c
learning_com_order_c,last_modified_by_id
learning_com_order_c,last_modified_date
learning_com_order_c,memo_c
learning_com_order_c,name
learning_com_order_c,opportunity_c
learning_com_order_c,order_expiration_date_c
learning_com_order_c,order_start_date_c
learning_com_order_c,po_confirmed_c
learning_com_order_c,po_number_c
learning_com_order_c,product_c
learning_com_order_c,quote_line_c
learning_com_order_c,sales_order_id_c
learning_com_order_c,student_seats_c
learning_com_order_c,system_modstamp
market_segment,_fivetran_deleted
market_segment,_fivetran_synced
market_segment,additional_metadata_info
market_segment,created_by_id
market_segment,created_date
market_segment,data_graph_id
market_segment,description
market_segment,exclude_criteria
market_segment,group_sort_limit_filter_criteria
market_segment,id
market_segment,include_criteria
market_segment,is_current_save_approx_count
market_segment,is_deleted
market_segment,is_prev_save_approx_count
market_segment,is_remote
market_segment,is_seed_segment
market_segment,last_modified_by_id
market_segment,last_modified_date
market_segment,last_publish_status_date_time
market_segment,last_publish_status_error_code
market_segment,last_published_end_date_time
market_segment,last_referenced_date
market_segment,last_seed_model_run_date_time
market_segment,last_seed_model_status_date_time
market_segment,last_seed_model_status_error_code
market_segment,last_segment_count_end_date_time
market_segment,last_segment_excluded_count
market_segment,last_segment_excluded_count_error
market_segment,last_segment_included_count
market_segment,last_segment_member_count
market_segment,last_segment_member_count_error
market_segment,last_segment_remainder_count
market_segment,last_segment_status_date_time
market_segment,last_segment_status_error_code
market_segment,last_segment_status_error_details
market_segment,last_segment_total_count
market_segment,last_viewed_date
market_segment,lookback_period
market_segment,market_segment_type
market_segment,name
market_segment,next_publish_date_time
market_segment,owned_by
market_segment,publish_schedule_end_date
market_segment,publish_schedule_end_date_time
market_segment,publish_schedule_info
market_segment,publish_schedule_interval
market_segment,publish_schedule_start_date_time
market_segment,publish_status
market_segment,publish_type
market_segment,seed_model_status
market_segment,seed_similarity
market_segment,seed_similarity_high_to_medium
market_segment,seed_similarity_medium_to_low
market_segment,segment_membership_data_model_list
market_segment,segment_membership_table
market_segment,segment_status
market_segment,source_market_segment
market_segment,system_modstamp
market_segment_activation,_fivetran_deleted
market_segment_activation,_fivetran_synced
market_segment_activation,activation_event_metadata
market_segment_activation,activation_flow_type
market_segment_activation,activation_mapping_schema
market_segment_activation,activation_object_filter
market_segment_activation,activation_object_name
market_segment_activation,activation_object_path
market_segment_activation,activation_record_schema
market_segment_activation,activation_refresh_type
market_segment_activation,activation_status
market_segment_activation,activation_target_id
market_segment_activation,audience_dmo_last_run_timestamp
market_segment_activation,created_by_id
market_segment_activation,created_date
market_segment_activation,curated_entity_name
market_segment_activation,customer_file_source
market_segment_activation,data_graph_name
market_segment_activation,data_graph_path
market_segment_activation,description
market_segment_activation,direct_attribute_dmo_filter_expression
market_segment_activation,dmo_filter_expression
market_segment_activation,do_exclude_deletes
market_segment_activation,do_exclude_updates
market_segment_activation,end_date
market_segment_activation,id
market_segment_activation,is_deleted
market_segment_activation,is_remote
market_segment_activation,last_activation_status_date_time
market_segment_activation,last_activation_status_error_code
market_segment_activation,last_modified_by_id
market_segment_activation,last_modified_date
market_segment_activation,last_publish_status
market_segment_activation,last_publish_status_error_message
market_segment_activation,last_published_date
market_segment_activation,last_referenced_date
market_segment_activation,last_viewed_date
market_segment_activation,limit_value
market_segment_activation,limiting_attributes_expression
market_segment_activation,market_segment_id
market_segment_activation,name
market_segment_activation,owned_by_org
market_segment_activation,record_count
market_segment_activation,start_date
market_segment_activation,static_attributes
market_segment_activation,system_modstamp
market_segment_activation,waterfall_selected_child_segments_config
market_segment_activation_feed,_fivetran_deleted
market_segment_activation_feed,_fivetran_synced
market_segment_activation_feed,best_comment_id
market_segment_activation_feed,body
market_segment_activation_feed,comment_count
market_segment_activation_feed,created_by_id
market_segment_activation_feed,created_date
market_segment_activation_feed,id
market_segment_activation_feed,inserted_by_id
market_segment_activation_feed,is_deleted
market_segment_activation_feed,is_rich_text
market_segment_activation_feed,last_modified_date
market_segment_activation_feed,like_count
market_segment_activation_feed,link_url
market_segment_activation_feed,network_scope
market_segment_activation_feed,parent_id
market_segment_activation_feed,related_record_id
market_segment_activation_feed,system_modstamp
market_segment_activation_feed,title
market_segment_activation_feed,type
market_segment_activation_feed,visibility
market_segment_activation_history,_fivetran_deleted
market_segment_activation_history,_fivetran_synced
market_segment_activation_history,created_by_id
market_segment_activation_history,created_date
market_segment_activation_history,data_type
market_segment_activation_history,field
market_segment_activation_history,id
market_segment_activation_history,is_deleted
market_segment_activation_history,market_segment_activation_id
market_segment_activation_history,new_value
market_segment_activation_history,old_value
market_segment_feed,_fivetran_deleted
market_segment_feed,_fivetran_synced
market_segment_feed,best_comment_id
market_segment_feed,body
market_segment_feed,comment_count
market_segment_feed,created_by_id
market_segment_feed,created_date
market_segment_feed,id
market_segment_feed,inserted_by_id
market_segment_feed,is_deleted
market_segment_feed,is_rich_text
market_segment_feed,last_modified_date
market_segment_feed,like_count
market_segment_feed,link_url
market_segment_feed,network_scope
market_segment_feed,parent_id
market_segment_feed,related_record_id
market_segment_feed,system_modstamp
market_segment_feed,title
market_segment_feed,type
market_segment_feed,visibility
market_segment_history,_fivetran_deleted
market_segment_history,_fivetran_synced
market_segment_history,created_by_id
market_segment_history,created_date
market_segment_history,data_type
market_segment_history,field
market_segment_history,id
market_segment_history,is_deleted
market_segment_history,market_segment_id
market_segment_history,new_value
market_segment_history,old_value
mkt_sgmnt_actvtn_aud_attribute,_fivetran_deleted
mkt_sgmnt_actvtn_aud_attribute,_fivetran_synced
mkt_sgmnt_actvtn_aud_attribute,attribute_source
mkt_sgmnt_actvtn_aud_attribute,created_by_id
mkt_sgmnt_actvtn_aud_attribute,created_date
mkt_sgmnt_actvtn_aud_attribute,data_change_status
mkt_sgmnt_actvtn_aud_attribute,filter_criteria
mkt_sgmnt_actvtn_aud_attribute,id
mkt_sgmnt_actvtn_aud_attribute,is_deleted
mkt_sgmnt_actvtn_aud_attribute,last_data_change_status_date_time
mkt_sgmnt_actvtn_aud_attribute,last_data_change_status_error_code
mkt_sgmnt_actvtn_aud_attribute,last_modified_by_id
mkt_sgmnt_actvtn_aud_attribute,last_modified_date
mkt_sgmnt_actvtn_aud_attribute,last_referenced_date
mkt_sgmnt_actvtn_aud_attribute,last_viewed_date
mkt_sgmnt_actvtn_aud_attribute,market_segment_activation_id
mkt_sgmnt_actvtn_aud_attribute,name
mkt_sgmnt_actvtn_aud_attribute,preferred_name
mkt_sgmnt_actvtn_aud_attribute,query_path
mkt_sgmnt_actvtn_aud_attribute,system_modstamp
mkt_sgmnt_actvtn_aud_attribute,type
mkt_sgmnt_actvtn_contact_point,_fivetran_deleted
mkt_sgmnt_actvtn_contact_point,_fivetran_synced
mkt_sgmnt_actvtn_contact_point,contact_point_filter_expression
mkt_sgmnt_actvtn_contact_point,contact_point_path
mkt_sgmnt_actvtn_contact_point,contact_point_preference
mkt_sgmnt_actvtn_contact_point,contact_point_preference_priority
mkt_sgmnt_actvtn_contact_point,contact_point_type
mkt_sgmnt_actvtn_contact_point,created_by_id
mkt_sgmnt_actvtn_contact_point,created_date
mkt_sgmnt_actvtn_contact_point,data_change_status
mkt_sgmnt_actvtn_contact_point,id
mkt_sgmnt_actvtn_contact_point,is_deleted
mkt_sgmnt_actvtn_contact_point,last_data_change_status_date_time
mkt_sgmnt_actvtn_contact_point,last_data_change_status_error_code
mkt_sgmnt_actvtn_contact_point,last_modified_by_id
mkt_sgmnt_actvtn_contact_point,last_modified_date
mkt_sgmnt_actvtn_contact_point,last_referenced_date
mkt_sgmnt_actvtn_contact_point,last_viewed_date
mkt_sgmnt_actvtn_contact_point,market_segment_activation_id
mkt_sgmnt_actvtn_contact_point,name
mkt_sgmnt_actvtn_contact_point,system_modstamp
mkt_sgmt_actv_contact_pt_field,_fivetran_deleted
mkt_sgmt_actv_contact_pt_field,_fivetran_synced
mkt_sgmt_actv_contact_pt_field,created_by_id
mkt_sgmt_actv_contact_pt_field,created_date
mkt_sgmt_actv_contact_pt_field,id
mkt_sgmt_actv_contact_pt_field,is_deleted
mkt_sgmt_actv_contact_pt_field,last_modified_by_id
mkt_sgmt_actv_contact_pt_field,last_modified_date
mkt_sgmt_actv_contact_pt_field,last_referenced_date
mkt_sgmt_actv_contact_pt_field,last_viewed_date
mkt_sgmt_actv_contact_pt_field,mkt_sgmnt_actvtn_contact_point_id
mkt_sgmt_actv_contact_pt_field,name
mkt_sgmt_actv_contact_pt_field,preferred_name
mkt_sgmt_actv_contact_pt_field,system_modstamp
mkt_sgmt_actv_contact_pt_src,_fivetran_deleted
mkt_sgmt_actv_contact_pt_src,_fivetran_synced
mkt_sgmt_actv_contact_pt_src,created_by_id
mkt_sgmt_actv_contact_pt_src,created_date
mkt_sgmt_actv_contact_pt_src,data_source_name
mkt_sgmt_actv_contact_pt_src,data_source_priority
mkt_sgmt_actv_contact_pt_src,id
mkt_sgmt_actv_contact_pt_src,is_deleted
mkt_sgmt_actv_contact_pt_src,last_modified_by_id
mkt_sgmt_actv_contact_pt_src,last_modified_date
mkt_sgmt_actv_contact_pt_src,last_referenced_date
mkt_sgmt_actv_contact_pt_src,last_viewed_date
mkt_sgmt_actv_contact_pt_src,mkt_sgmnt_actvtn_contact_point_id
mkt_sgmt_actv_contact_pt_src,name
mkt_sgmt_actv_contact_pt_src,preference
mkt_sgmt_actv_contact_pt_src,system_modstamp
mkt_sgmt_actv_data_model_fld,_fivetran_deleted
mkt_sgmt_actv_data_model_fld,_fivetran_synced
mkt_sgmt_actv_data_model_fld,created_by_id
mkt_sgmt_actv_data_model_fld,created_date
mkt_sgmt_actv_data_model_fld,id
mkt_sgmt_actv_data_model_fld,is_deleted
mkt_sgmt_actv_data_model_fld,last_modified_by_id
mkt_sgmt_actv_data_model_fld,last_modified_date
mkt_sgmt_actv_data_model_fld,market_segment_activation_id
mkt_sgmt_actv_data_model_fld,name
mkt_sgmt_actv_data_model_fld,system_modstamp
mkt_sgmt_actv_data_source,_fivetran_deleted
mkt_sgmt_actv_data_source,_fivetran_synced
mkt_sgmt_actv_data_source,created_by_id
mkt_sgmt_actv_data_source,created_date
mkt_sgmt_actv_data_source,id
mkt_sgmt_actv_data_source,is_deleted
mkt_sgmt_actv_data_source,last_modified_by_id
mkt_sgmt_actv_data_source,last_modified_date
mkt_sgmt_actv_data_source,market_segment_activation_id
mkt_sgmt_actv_data_source,name
mkt_sgmt_actv_data_source,system_modstamp
nps_survey_responses_c,_fivetran_deleted
nps_survey_responses_c,_fivetran_synced
nps_survey_responses_c,account_c
nps_survey_responses_c,comment_c
nps_survey_responses_c,created_by_id
nps_survey_responses_c,created_date
nps_survey_responses_c,email_address_c
nps_survey_responses_c,gsid_c
nps_survey_responses_c,id
nps_survey_responses_c,is_deleted
nps_survey_responses_c,last_modified_by_id
nps_survey_responses_c,last_modified_date
nps_survey_responses_c,last_referenced_date
nps_survey_responses_c,last_viewed_date
nps_survey_responses_c,name
nps_survey_responses_c,name_c
nps_survey_responses_c,nps_c
nps_survey_responses_c,nps_number_c
nps_survey_responses_c,raw_nps_c
nps_survey_responses_c,responded_date_c
nps_survey_responses_c,system_modstamp
nps_survey_responses_c,true_nps_c
object_from_email_accepted_fields_c,_fivetran_deleted
object_from_email_accepted_fields_c,_fivetran_synced
object_from_email_accepted_fields_c,created_by_id
object_from_email_accepted_fields_c,created_date
object_from_email_accepted_fields_c,field_name_c
object_from_email_accepted_fields_c,id
object_from_email_accepted_fields_c,is_deleted
object_from_email_accepted_fields_c,last_modified_by_id
object_from_email_accepted_fields_c,last_modified_date
object_from_email_accepted_fields_c,name
object_from_email_accepted_fields_c,object_name_c
object_from_email_accepted_fields_c,setup_owner_id
object_from_email_accepted_fields_c,system_modstamp
object_from_email_default_fields_c,_fivetran_deleted
object_from_email_default_fields_c,_fivetran_synced
object_from_email_default_fields_c,created_by_id
object_from_email_default_fields_c,created_date
object_from_email_default_fields_c,default_value_checkbox_c
object_from_email_default_fields_c,default_value_date_c
object_from_email_default_fields_c,default_value_date_time_c
object_from_email_default_fields_c,default_value_number_c
object_from_email_default_fields_c,default_value_text_c
object_from_email_default_fields_c,field_name_c
object_from_email_default_fields_c,id
object_from_email_default_fields_c,is_deleted
object_from_email_default_fields_c,last_modified_by_id
object_from_email_default_fields_c,last_modified_date
object_from_email_default_fields_c,name
object_from_email_default_fields_c,object_name_c
object_from_email_default_fields_c,setup_owner_id
object_from_email_default_fields_c,system_modstamp
opportunity,_fivetran_deleted
opportunity,_fivetran_synced
opportunity,account_id
opportunity,account_id_c
opportunity,account_link_c
opportunity,account_manager_c
opportunity,account_name_email_c
opportunity,activity_metric_id
opportunity,activity_metric_rollup_id
opportunity,additional_to_email_c
opportunity,already_booked_c
opportunity,already_closed_lost_c
opportunity,amount
opportunity,amount_won_c
opportunity,arr_bands_c
opportunity,arr_c
opportunity,arr_new_business_c
opportunity,arr_renewal_c
opportunity,arr_upsell_c
opportunity,arr_won_c
opportunity,assessments_c
opportunity,billing_addressee_c
opportunity,billing_attn_c
opportunity,billing_city_c
opportunity,billing_country_c
opportunity,billing_email_address_c
opportunity,billing_instructions_c
opportunity,billing_state_c
opportunity,billing_status_c
opportunity,billing_street_c
opportunity,billing_street_line_2_c
opportunity,billing_years_c
opportunity,billing_zipcode_c
opportunity,budget_confirmed_c
opportunity,bypass_validation_time_c
opportunity,campaign_id
opportunity,champion_c
opportunity,change_in_staff_c
opportunity,churn_date_c
opportunity,churn_formula_c
opportunity,churn_process_discussed_with_customer_c
opportunity,close_date
opportunity,close_date_minus_last_activity_date_c
opportunity,close_date_new_c
opportunity,close_month_c
opportunity,close_year_c
opportunity,closed_won_date_time_c
opportunity,codesters_diff_migration_c
opportunity,codesters_has_licenses_synced_c
opportunity,codesters_id_c
opportunity,codesters_number_of_licenses_c
opportunity,codesters_number_of_synced_licenses_c
opportunity,codesters_order_to_be_extended_c
opportunity,codesters_order_to_be_unenforced_c
opportunity,codesters_renewal_c
opportunity,combined_arr_c
opportunity,comments_c
opportunity,commit_date_c
opportunity,competitors_present_c
opportunity,contact_id
opportunity,contract_id
opportunity,count_contact_roles_c
opportunity,count_of_won_csm_pilots_c
opportunity,created_by_id
opportunity,created_date
opportunity,created_month_1_c
opportunity,created_month_c
opportunity,created_year_c
opportunity,csm_email_c
opportunity,csm_introduced_c
opportunity,csm_name_c
opportunity,csm_phone_number_c
opportunity,customer_churned_c
opportunity,customer_objectives_c
opportunity,data_deletion_archiving_discussed_c
opportunity,data_quality_description_c
opportunity,data_quality_score_c
opportunity,date_assigned_c
opportunity,date_of_reminder_c
opportunity,days_open_c
opportunity,days_past_due_c
opportunity,days_since_last_activity_c
opportunity,db_competitor_c
opportunity,deal_docs_completed_c
opportunity,demo_notes_c
opportunity,department_c
opportunity,description
opportunity,disable_auto_renewal_opp_c
opportunity,disable_odc_c
opportunity,discovery_completed_c
opportunity,district_business_sub_type_c
opportunity,district_enrollment_c
opportunity,district_overview_c
opportunity,downsell_c
opportunity,economic_buyer_c
opportunity,einstein_renewal_prediction_c
opportunity,end_date_c
opportunity,expected_new_business_arr_c
opportunity,expected_po_date_c
opportunity,expected_revenue
opportunity,expected_start_date_c
opportunity,final_review_stage_c
opportunity,fire_flow_c
opportunity,fiscal
opportunity,fiscal_quarter
opportunity,fiscal_year
opportunity,force_update_c
opportunity,forecast_category
opportunity,forecast_category_name
opportunity,fulfilled_by_c
opportunity,funding_source_c
opportunity,gong_gong_count_c
opportunity,gong_main_competitors_c
opportunity,group_leader_email_c
opportunity,has_coding_discount_c
opportunity,has_easy_tech_c
opportunity,has_open_activity
opportunity,has_opportunity_line_item
opportunity,has_overdue_task
opportunity,has_started_with_students_c
opportunity,house_account_c
opportunity,id
opportunity,implementation_details_c
opportunity,initial_call_date_c
opportunity,initial_call_notes_c
opportunity,initial_interest_c
opportunity,initial_new_business_arr_c
opportunity,initial_renewal_arr_c
opportunity,integration_error_c
opportunity,integration_indicator_c
opportunity,integration_status_c
opportunity,international_reseller_c
opportunity,intitials_c
opportunity,introduction_of_quote_c
opportunity,invoice_month_c
opportunity,invoice_year_c
opportunity,invoiced_date_c
opportunity,iq_score
opportunity,is_closed
opportunity,is_deleted
opportunity,is_pd_resources_offered_c
opportunity,is_private
opportunity,is_won
opportunity,jitterbit_fulfilled_c
opportunity,key_c
opportunity,last_activity_changed_date_c
opportunity,last_activity_changed_date_plus_30_c
opportunity,last_activity_date
opportunity,last_amount_changed_history_id
opportunity,last_close_date_changed_history_id
opportunity,last_modified_by_id
opportunity,last_modified_date
opportunity,last_referenced_date
opportunity,last_stage_change_date
opportunity,last_viewed_date
opportunity,lead_source
opportunity,learning_sbxid_c
opportunity,les_opp_c
opportunity,license_expiration_notice_date_c
opportunity,license_expiration_notice_stop_date_c
opportunity,license_provisioned_date_c
opportunity,license_unenforced_c
opportunity,likelihood_of_win_back_c
opportunity,loss_notes_c
opportunity,loss_reason_c
opportunity,loss_renewal_category_c
opportunity,lost_reason_c
opportunity,manager_notes_c
opportunity,meddpicc_champion_c
opportunity,meddpicc_competion_c
opportunity,meddpicc_decision_criteria_c
opportunity,meddpicc_decision_process_c
opportunity,meddpicc_economic_buyer_c
opportunity,meddpicc_identify_the_pain_c
opportunity,meddpicc_metrics_c
opportunity,meddpicc_paper_process_c
opportunity,migrated_c
opportunity,migration_tool_c
opportunity,multi_year_arr_c
opportunity,multi_year_c
opportunity,multi_year_discussed_c
opportunity,multi_year_order_c
opportunity,multi_year_orders_c
opportunity,name
opportunity,needs_analysis_conducted_c
opportunity,net_suite_order_id_c
opportunity,net_suite_order_num_c
opportunity,net_suite_transaction_number_c
opportunity,netsuite_id_c
opportunity,netsuite_link_c
opportunity,netsuite_sku_c
opportunity,new_biz_arr_trigger_c
opportunity,new_nrr_c
opportunity,new_progressive_agreement_c
opportunity,next_step
opportunity,nnarr_c
opportunity,no_integration_needed_c
opportunity,no_of_accounts_in_hierarchy_c
opportunity,notes_about_pilot_c
opportunity,nrr_renewal_c
opportunity,number_of_buildings_from_sales_c
opportunity,number_of_primary_quotes_c
opportunity,number_of_products_c
opportunity,number_of_schools_c
opportunity,number_of_students_c
opportunity,odc_sent_c
opportunity,of_months_c
opportunity,of_schools_using_c
opportunity,old_probability_c
opportunity,old_stage_c
opportunity,open_primary_quote_number_c
opportunity,opp_owner_manager_c
opportunity,opp_owner_manager_email_c
opportunity,opp_record_type_c
opportunity,opp_to_be_closed_c
opportunity,opportunity_notes_c
opportunity,opportunity_number_c
opportunity,opportunity_score_id
opportunity,order_processing_time_c
opportunity,order_unenforced_c
opportunity,original_close_date_c
opportunity,original_new_business_arr_c
opportunity,original_opp_owner_1_c
opportunity,original_upsell_arr_c
opportunity,otc_email_sent_c
opportunity,other_c
opportunity,override_arr_c
opportunity,override_price_increase_c
opportunity,owner_closed_won_c
opportunity,owner_id
opportunity,owner_open_pipeline_c
opportunity,owner_quota_c
opportunity,owner_role_c
opportunity,owner_s_manager_email_c
opportunity,owner_sales_quota_c
opportunity,paid_date_c
opportunity,paid_month_c
opportunity,paid_year_c
opportunity,partner_1_c
opportunity,partner_c
opportunity,partner_id_c
opportunity,payment_terms_c
opportunity,pd_implementation_notes_c
opportunity,pd_scheduled_c
opportunity,pd_services_c
opportunity,pilot_outcome_c
opportunity,pipe_bucket_c
opportunity,pipeline_needed_to_hit_quota_c
opportunity,placeholder_c
opportunity,platform_name_c
opportunity,po_1_c
opportunity,po_amount_c
opportunity,po_amount_matches_primary_quote_amount_c
opportunity,po_hold_c
opportunity,po_hold_date_time_c
opportunity,po_number_c
opportunity,po_received_c
opportunity,po_received_counter_c
opportunity,po_received_date_c
opportunity,po_received_date_time_c
opportunity,po_variance_explanation_c
opportunity,populate_partner_c
opportunity,potential_amount_c
opportunity,present_date_c
opportunity,price_increase_arr_c
opportunity,pricebook_2_id
opportunity,primary_contact_identified_c
opportunity,primary_quote_approved_c
opportunity,probability
opportunity,progressive_billing_c
opportunity,progressive_term_c
opportunity,progressive_term_length_c
opportunity,propose_date_c
opportunity,prospect_goals_for_pilot_c
opportunity,purchase_level_c
opportunity,purchase_level_number_c
opportunity,purchase_order_num_c
opportunity,purchasing_process_c
opportunity,push_count
opportunity,pushed_out_c
opportunity,python_1_licenses_c
opportunity,python_2_licenses_c
opportunity,qualified_date_c
opportunity,quota_c
opportunity,quote_contract_type_c
opportunity,quote_created_date_c
opportunity,quote_expiry_date_c
opportunity,quote_list_amount_c
opportunity,quote_name_c
opportunity,quote_notes_c
opportunity,quote_start_date_c
opportunity,quote_synced_c
opportunity,quote_total_discount_c
opportunity,rai_c
opportunity,readyfor_integration_c
opportunity,reason_for_rejection_c
opportunity,rebuilt_during_migration_c
opportunity,record_type_id
opportunity,references_provided_c
opportunity,reject_counter_c
opportunity,remaining_quota_c
opportunity,renewable_revenue_c
opportunity,renewal_at_79_c
opportunity,renewal_biz_trigger_c
opportunity,renewal_opportunity_c
opportunity,renewal_owner_email_c
opportunity,renewal_risk_c
opportunity,rep_processing_time_c
opportunity,rep_says_go_c
opportunity,reseller_class_for_les_c
opportunity,risk_identified_c
opportunity,risk_opportunity_c
opportunity,roi_analysis_completed_c
opportunity,running_user_for_reporting_c
opportunity,sales_forecast_c
opportunity,sales_status_c
opportunity,sales_support_email_c
opportunity,sales_support_processing_time_c
opportunity,sales_support_rep_c
opportunity,sbqq_amended_contract_c
opportunity,sbqq_contracted_c
opportunity,sbqq_create_contracted_prices_c
opportunity,sbqq_order_group_id_c
opportunity,sbqq_ordered_c
opportunity,sbqq_primary_quote_c
opportunity,sbqq_quote_pricebook_id_c
opportunity,sbqq_renewal_c
opportunity,sbqq_renewed_contract_c
opportunity,school_list_c
opportunity,school_year_c
opportunity,schools_with_licenses_c
opportunity,second_call_date_c
opportunity,second_call_notes_c
opportunity,secret_c
opportunity,send_odc_c
opportunity,service_level_for_opp_c
opportunity,set_initial_new_biz_arr_amount_c
opportunity,set_up_for_processing_c
opportunity,shipping_addressee_c
opportunity,shipping_attn_c
opportunity,shipping_city_c
opportunity,shipping_country_c
opportunity,shipping_state_c
opportunity,shipping_street_c
opportunity,shipping_zipcode_c
opportunity,sku_c
opportunity,source_opp_arr_c
opportunity,spring_promo_c
opportunity,stage_name
opportunity,stakeholder_demo_date_c
opportunity,stakeholders_confirmed_c
opportunity,start_date_c
opportunity,state_process_builder_c
opportunity,students_with_licenses_c
opportunity,subscription_end_date_c
opportunity,subscription_start_date_c
opportunity,subscription_term_c
opportunity,success_plan_agreed_upon_c
opportunity,success_plan_shared_c
opportunity,synced_quote_id
opportunity,system_modstamp
opportunity,terms_c
opportunity,test_account_c
opportunity,time_moved_to_ready_for_sales_support_c
opportunity,total_arr_bookings_c
opportunity,total_credit_from_opp_product_c
opportunity,total_opportunity_quantity
opportunity,training_recipient_c
opportunity,training_session_created_c
opportunity,transacted_opp_c
opportunity,trigger_time_05_c
opportunity,trigger_time_06_c
opportunity,true_arr_c
opportunity,true_arr_formula_c
opportunity,true_renewal_arr_c
opportunity,type
opportunity,update_close_date_c
opportunity,url_c
opportunity,usage_issues_c
opportunity,validated_date_c
opportunity,validation_bypass_date_time_c
opportunity,variance_c
opportunity,vendor_of_choice_c
opportunity,verbal_commitment_c
opportunity,vidcode_org_id_c
opportunity,weighted_arr_c
opportunity,welcome_letter_c
opportunity,who_fought_the_renewal_c
opportunity,who_were_the_champions_c
opportunity,win_loss_reason_c
opportunity,win_reason_c
opportunity,x_18_digit_opportunity_id_c
opportunity,x_18_digit_salesforce_account_id_c
opportunity,x_18_for_12_c
opportunity,x_1_st_contact_c
opportunity,x_1_st_contact_email_c
opportunity,x_1_st_contact_name_c
opportunity,x_1_st_contact_role_c
opportunity,x_2_nd_contact_c
opportunity,x_2_nd_contact_email_c
opportunity,x_2_nd_contact_name_c
opportunity,x_2_nd_contact_role_c
opportunity,x_30_days_from_being_closed_lost_c
opportunity,x_3_rd_contact_c
opportunity,x_3_rd_contact_email_c
opportunity,x_3_rd_contact_name_c
opportunity,x_3_rd_contact_role_c
opportunity,x_loss_reason_c
opportunity_line_item,_fivetran_deleted
opportunity_line_item,_fivetran_synced
opportunity_line_item,account_c
opportunity_line_item,assessment_c
opportunity_line_item,assessment_detail_c
opportunity_line_item,business_type_opty_product_c
opportunity_line_item,class_c
opportunity_line_item,class_id_c
opportunity_line_item,codesters_id_c
opportunity_line_item,combine_new_biz_arr_c
opportunity_line_item,combine_renewal_arrs_c
opportunity_line_item,combine_upsell_arrs_c
opportunity_line_item,created_by_id
opportunity_line_item,created_date
opportunity_line_item,description
opportunity_line_item,discount
opportunity_line_item,discount_applied_c
opportunity_line_item,easy_code_arr_c
opportunity_line_item,easy_tech_arr_c
opportunity_line_item,end_date_c
opportunity_line_item,gold_service_on_quote_c
opportunity_line_item,id
opportunity_line_item,is_active_opp_product_c
opportunity_line_item,is_deleted
opportunity_line_item,last_modified_by_id
opportunity_line_item,last_modified_date
opportunity_line_item,last_referenced_date
opportunity_line_item,last_viewed_date
opportunity_line_item,learning_sbxid_c
opportunity_line_item,license_durations_c
opportunity_line_item,license_year_ranges_c
opportunity_line_item,list_price
opportunity_line_item,migration_tool_c
opportunity_line_item,name
opportunity_line_item,net_price_display_c
opportunity_line_item,net_unit_price_c
opportunity_line_item,netsuite_id_c
opportunity_line_item,netsuite_sku_c
opportunity_line_item,no_of_buildings_c
opportunity_line_item,no_of_licenses_c
opportunity_line_item,number_of_learning_com_orders_created_c
opportunity_line_item,opp_probability_c
opportunity_line_item,opportunity_id
opportunity_line_item,opportunity_product_arr_c
opportunity_line_item,opportunity_product_line_id_c
opportunity_line_item,opportunity_record_type_c
opportunity_line_item,price_book_entry_id_c
opportunity_line_item,pricebook_entry_id
opportunity_line_item,pricebook_id_c
opportunity_line_item,pro_rate_adj_term_c
opportunity_line_item,product_2_id
opportunity_line_item,product_code
opportunity_line_item,product_description_c
opportunity_line_item,product_revenue_family_c
opportunity_line_item,qlbt_c
opportunity_line_item,quantity
opportunity_line_item,quantity_for_service_only_c
opportunity_line_item,quantity_for_services_c
opportunity_line_item,record_type_c
opportunity_line_item,rep_says_go_c
opportunity_line_item,sbqq_parent_id_c
opportunity_line_item,sbqq_quote_line_c
opportunity_line_item,sbqq_subscription_type_c
opportunity_line_item,service_date
opportunity_line_item,service_level_identifier_c
opportunity_line_item,sort_order
opportunity_line_item,start_date_c
opportunity_line_item,subscription_term_c
opportunity_line_item,subtotal
opportunity_line_item,system_modstamp
opportunity_line_item,testing_window_open_c
opportunity_line_item,total_price
opportunity_line_item,training_recipient_email_c
opportunity_line_item,unit_price
opportunity_line_item,vidcode_org_id_c
opportunity_line_item,weighted_opp_product_arr_c
opportunity_line_item,weighted_total_price_c
order,_fivetran_deleted
order,_fivetran_synced
order,account_id
order,activated_by_id
order,activated_date
order,bill_to_contact_id
order,billing_city
order,billing_country
order,billing_country_code
order,billing_geocode_accuracy
order,billing_instructions_c
order,billing_latitude
order,billing_longitude
order,billing_postal_code
order,billing_state
order,billing_state_code
order,billing_street
order,company_authorized_by_id
order,company_authorized_date
order,contract_id
order,created_by_id
order,created_date
order,customer_authorized_by_id
order,customer_authorized_date
order,description
order,disable_pd_task_script_c
order,effective_date
order,end_date
order,funding_source_c
order,id
order,implementation_contact_c
order,integration_error_c
order,integration_indicator_c
order,integration_status_c
order,is_deleted
order,is_reduction_order
order,last_modified_by_id
order,last_modified_date
order,last_referenced_date
order,last_viewed_date
order,lcom_account_c
order,migration_tool_c
order,minutes_last_modified_c
order,name
order,net_suite_id_c
order,net_suite_link_c
order,opportunity_id
order,order_billed_date_c
order,order_final_status_c
order,order_number
order,order_reference_number
order,original_order_id
order,owner_id
order,partner_c
order,pd_contact_c
order,po_date
order,po_number
order,pricebook_2_id
order,primary_sales_rep_c
order,primary_sales_rep_id_c
order,quote_id
order,sbqq_billing_frequency_c
order,sbqq_contracted_c
order,sbqq_contracting_method_c
order,sbqq_first_contracted_order_c
order,sbqq_order_bookings_c
order,sbqq_payment_term_c
order,sbqq_price_calc_status_c
order,sbqq_price_calc_status_message_c
order,sbqq_quote_c
order,sbqq_renewal_term_c
order,sbqq_renewal_uplift_rate_c
order,sbqq_tax_amount_c
order,sbqq_total_amount_c
order,secondary_implementation_contact_c
order,ship_to_contact_id
order,shipping_city
order,shipping_country
order,shipping_country_code
order,shipping_geocode_accuracy
order,shipping_latitude
order,shipping_longitude
order,shipping_postal_code
order,shipping_state
order,shipping_state_code
order,shipping_street
order,status
order,status_code
order,system_modstamp
order,total_amount
order,type
order,upload_contact_c
order_item,_fivetran_deleted
order_item,_fivetran_synced
order_item,available_quantity
order_item,class_c
order_item,created_by_id
order_item,created_date
order_item,description
order_item,end_date
order_item,id
order_item,is_deleted
order_item,last_modified_by_id
order_item,last_modified_date
order_item,list_price
order_item,migration_tool_c
order_item,netsuite_id_c
order_item,order_end_date_c
order_item,order_id
order_item,order_item_number
order_item,order_status_c
order_item,original_order_item_id
order_item,pricebook_entry_id
order_item,pricebook_id_c
order_item,product_2_id
order_item,quantity
order_item,quote_line_business_type_c
order_item,quote_line_item_id
order_item,revrec_schedule_c
order_item,sbqq_activated_c
order_item,sbqq_asset_c
order_item,sbqq_billing_frequency_c
order_item,sbqq_billing_type_c
order_item,sbqq_block_price_c
order_item,sbqq_bookings_indicator_c
order_item,sbqq_bundle_root_c
order_item,sbqq_charge_type_c
order_item,sbqq_contract_action_c
order_item,sbqq_contract_c
order_item,sbqq_contracted_c
order_item,sbqq_contracting_method_c
order_item,sbqq_default_subscription_term_c
order_item,sbqq_dimension_type_c
order_item,sbqq_discount_schedule_c
order_item,sbqq_list_price_c
order_item,sbqq_order_product_bookings_c
order_item,sbqq_ordered_quantity_c
order_item,sbqq_price_dimension_c
order_item,sbqq_price_schedule_c
order_item,sbqq_pricing_method_c
order_item,sbqq_product_subscription_type_c
order_item,sbqq_prorate_multiplier_c
order_item,sbqq_quote_line_c
order_item,sbqq_quoted_list_price_c
order_item,sbqq_quoted_quantity_c
order_item,sbqq_required_by_c
order_item,sbqq_revised_order_product_c
order_item,sbqq_segment_index_c
order_item,sbqq_segment_key_c
order_item,sbqq_shipping_account_c
order_item,sbqq_status_c
order_item,sbqq_subscription_c
order_item,sbqq_subscription_pricing_c
order_item,sbqq_subscription_term_c
order_item,sbqq_subscription_type_c
order_item,sbqq_tax_amount_c
order_item,sbqq_tax_code_c
order_item,sbqq_term_discount_schedule_c
order_item,sbqq_terminated_date_c
order_item,sbqq_total_amount_c
order_item,sbqq_unprorated_net_price_c
order_item,sbqq_upgraded_subscription_c
order_item,service_date
order_item,system_modstamp
order_item,total_price
order_item,unit_price
organization,_fivetran_deleted
organization,_fivetran_synced
organization,city
organization,compliance_bcc_email
organization,country
organization,country_code
organization,created_by_id
organization,created_date
organization,default_account_access
organization,default_calendar_access
organization,default_campaign_access
organization,default_case_access
organization,default_contact_access
organization,default_lead_access
organization,default_locale_sid_key
organization,default_opportunity_access
organization,default_pricebook_access
organization,division
organization,fax
organization,fiscal_year_start_month
organization,geocode_accuracy
organization,id
organization,instance_name
organization,is_read_only
organization,is_sandbox
organization,language_locale_key
organization,last_modified_by_id
organization,last_modified_date
organization,latitude
organization,longitude
organization,monthly_page_views_entitlement
organization,monthly_page_views_used
organization,name
organization,namespace_prefix
organization,num_knowledge_service
organization,organization_type
organization,phone
organization,postal_code
organization,preferences_email_sender_id_compliance
organization,preferences_require_opportunity_products
organization,primary_contact
organization,receives_admin_info_emails
organization,receives_info_emails
organization,signup_country_iso_code
organization,state
organization,state_code
organization,street
organization,system_modstamp
organization,time_zone_sid_key
organization,trial_expiration_date
organization,ui_skin
organization,uses_start_date_as_fiscal_year_name
organization,web_to_case_default_origin
payment,_fivetran_deleted
payment,_fivetran_synced
payment,account_id
payment,amount
payment,balance
payment,cancellation_date
payment,cancellation_effective_date
payment,cancellation_gateway_date
payment,cancellation_gateway_ref_number
payment,cancellation_gateway_result_code
payment,cancellation_sf_result_code
payment,client_context
payment,comments
payment,created_by_id
payment,created_date
payment,date
payment,effective_date
payment,email
payment,gateway_date
payment,gateway_ref_details
payment,gateway_ref_number
payment,gateway_result_code
payment,gateway_result_code_description
payment,id
payment,impact_amount
payment,ip_address
payment,is_deleted
payment,last_modified_by_id
payment,last_modified_date
payment,last_referenced_date
payment,last_viewed_date
payment,mac_address
payment,net_applied
payment,net_refund_applied
payment,payment_authorization_id
payment,payment_gateway_id
payment,payment_group_id
payment,payment_intent_guid
payment,payment_method_id
payment,payment_number
payment,phone
payment,processing_mode
payment,sf_result_code
payment,status
payment,system_modstamp
payment,total_applied
payment,total_refund_applied
payment,total_refund_unapplied
payment,total_unapplied
payment,type
payment_auth_adjustment,_fivetran_deleted
payment_auth_adjustment,_fivetran_synced
payment_auth_adjustment,account_id
payment_auth_adjustment,amount
payment_auth_adjustment,comments
payment_auth_adjustment,created_by_id
payment_auth_adjustment,created_date
payment_auth_adjustment,date
payment_auth_adjustment,effective_date
payment_auth_adjustment,email
payment_auth_adjustment,gateway_date
payment_auth_adjustment,gateway_ref_details
payment_auth_adjustment,gateway_ref_number
payment_auth_adjustment,gateway_result_code
payment_auth_adjustment,gateway_result_code_description
payment_auth_adjustment,id
payment_auth_adjustment,ip_address
payment_auth_adjustment,is_deleted
payment_auth_adjustment,last_modified_by_id
payment_auth_adjustment,last_modified_date
payment_auth_adjustment,last_referenced_date
payment_auth_adjustment,last_viewed_date
payment_auth_adjustment,mac_address
payment_auth_adjustment,payment_auth_adjustment_number
payment_auth_adjustment,payment_authorization_id
payment_auth_adjustment,phone
payment_auth_adjustment,processing_mode
payment_auth_adjustment,sf_result_code
payment_auth_adjustment,status
payment_auth_adjustment,system_modstamp
payment_auth_adjustment,type
payment_authorization,_fivetran_deleted
payment_authorization,_fivetran_synced
payment_authorization,account_id
payment_authorization,amount
payment_authorization,balance
payment_authorization,comments
payment_authorization,created_by_id
payment_authorization,created_date
payment_authorization,date
payment_authorization,effective_date
payment_authorization,email
payment_authorization,expiration_date
payment_authorization,gateway_auth_code
payment_authorization,gateway_date
payment_authorization,gateway_ref_details
payment_authorization,gateway_ref_number
payment_authorization,gateway_result_code
payment_authorization,gateway_result_code_description
payment_authorization,id
payment_authorization,ip_address
payment_authorization,is_deleted
payment_authorization,last_modified_by_id
payment_authorization,last_modified_date
payment_authorization,last_referenced_date
payment_authorization,last_viewed_date
payment_authorization,mac_address
payment_authorization,payment_authorization_number
payment_authorization,payment_gateway_id
payment_authorization,payment_group_id
payment_authorization,payment_intent_guid
payment_authorization,payment_method_id
payment_authorization,phone
payment_authorization,processing_mode
payment_authorization,sf_result_code
payment_authorization,status
payment_authorization,system_modstamp
payment_authorization,total_auth_reversal_amount
payment_authorization,total_payment_capture_amount
payment_feed,_fivetran_deleted
payment_feed,_fivetran_synced
payment_feed,best_comment_id
payment_feed,body
payment_feed,comment_count
payment_feed,created_by_id
payment_feed,created_date
payment_feed,id
payment_feed,inserted_by_id
payment_feed,is_deleted
payment_feed,is_rich_text
payment_feed,last_modified_date
payment_feed,like_count
payment_feed,link_url
payment_feed,network_scope
payment_feed,parent_id
payment_feed,related_record_id
payment_feed,system_modstamp
payment_feed,title
payment_feed,type
payment_feed,visibility
payment_gateway,_fivetran_deleted
payment_gateway,_fivetran_synced
payment_gateway,comments
payment_gateway,created_by_id
payment_gateway,created_date
payment_gateway,default_tap_to_pay_location
payment_gateway,external_reference
payment_gateway,id
payment_gateway,is_deleted
payment_gateway,last_modified_by_id
payment_gateway,last_modified_date
payment_gateway,last_referenced_date
payment_gateway,last_viewed_date
payment_gateway,merchant_credential_id
payment_gateway,payment_gateway_name
payment_gateway,payment_gateway_provider_id
payment_gateway,status
payment_gateway,system_modstamp
payment_gateway_log,_fivetran_deleted
payment_gateway_log,_fivetran_synced
payment_gateway_log,created_by_id
payment_gateway_log,created_date
payment_gateway_log,gateway_auth_code
payment_gateway_log,gateway_avs_code
payment_gateway_log,gateway_date
payment_gateway_log,gateway_message
payment_gateway_log,gateway_ref_number
payment_gateway_log,gateway_result_code
payment_gateway_log,gateway_result_code_description
payment_gateway_log,id
payment_gateway_log,interaction_status
payment_gateway_log,interaction_type
payment_gateway_log,is_deleted
payment_gateway_log,is_notification
payment_gateway_log,last_modified_by_id
payment_gateway_log,last_modified_date
payment_gateway_log,last_referenced_date
payment_gateway_log,last_viewed_date
payment_gateway_log,payment_gateway_id
payment_gateway_log,payment_gateway_log_number
payment_gateway_log,referenced_entity_id
payment_gateway_log,request
payment_gateway_log,response
payment_gateway_log,sf_ref_number
payment_gateway_log,sf_result_code
payment_gateway_log,system_modstamp
payment_group,_fivetran_deleted
payment_group,_fivetran_synced
payment_group,created_by_id
payment_group,created_date
payment_group,id
payment_group,is_deleted
payment_group,last_modified_by_id
payment_group,last_modified_date
payment_group,payment_group_number
payment_group,source_object_id
payment_group,system_modstamp
payment_line_invoice,_fivetran_deleted
payment_line_invoice,_fivetran_synced
payment_line_invoice,amount
payment_line_invoice,applied_date
payment_line_invoice,associated_account_id
payment_line_invoice,associated_payment_line_id
payment_line_invoice,comments
payment_line_invoice,created_by_id
payment_line_invoice,created_date
payment_line_invoice,date
payment_line_invoice,effective_date
payment_line_invoice,effective_impact_amount
payment_line_invoice,has_been_unapplied
payment_line_invoice,id
payment_line_invoice,impact_amount
payment_line_invoice,invoice_id
payment_line_invoice,is_deleted
payment_line_invoice,last_modified_by_id
payment_line_invoice,last_modified_date
payment_line_invoice,last_referenced_date
payment_line_invoice,last_viewed_date
payment_line_invoice,payment_balance
payment_line_invoice,payment_id
payment_line_invoice,payment_line_invoice_number
payment_line_invoice,system_modstamp
payment_line_invoice,type
payment_line_invoice,unapplied_date
pricebook_2,_fivetran_deleted
pricebook_2,_fivetran_synced
pricebook_2,codesters_id_c
pricebook_2,created_by_id
pricebook_2,created_date
pricebook_2,description
pricebook_2,id
pricebook_2,is_active
pricebook_2,is_archived
pricebook_2,is_deleted
pricebook_2,is_standard
pricebook_2,last_modified_by_id
pricebook_2,last_modified_date
pricebook_2,last_referenced_date
pricebook_2,last_viewed_date
pricebook_2,learning_sbxid_c
pricebook_2,migrated_c
pricebook_2,name
pricebook_2,system_modstamp
pricebook_2,vidcode_org_id_c
pricebook_entry,_fivetran_deleted
pricebook_entry,_fivetran_synced
pricebook_entry,codesters_id_c
pricebook_entry,created_by_id
pricebook_entry,created_date
pricebook_entry,id
pricebook_entry,is_active
pricebook_entry,is_archived
pricebook_entry,is_deleted
pricebook_entry,last_modified_by_id
pricebook_entry,last_modified_date
pricebook_entry,learning_sbxid_c
pricebook_entry,migrated_c
pricebook_entry,name
pricebook_entry,pricebook_2_id
pricebook_entry,product_2_id
pricebook_entry,product_code
pricebook_entry,system_modstamp
pricebook_entry,unit_price
pricebook_entry,use_standard_price
pricebook_entry,vidcode_org_id_c
product_2,_fivetran_deleted
product_2,_fivetran_synced
product_2,active_in_platform_c
product_2,codesters_id_c
product_2,created_by_id
product_2,created_date
product_2,description
product_2,display_url
product_2,does_not_prorate_c
product_2,external_data_source_id
product_2,external_id
product_2,external_id_c
product_2,family
product_2,id
product_2,is_active
product_2,is_archived
product_2,is_deleted
product_2,is_not_provisioned_c
product_2,last_modified_by_id
product_2,last_modified_date
product_2,last_referenced_date
product_2,last_viewed_date
product_2,lcom_suite_c
product_2,learning_sbxid_c
product_2,license_type_c
product_2,multiplier_c
product_2,name
product_2,net_suite_sku_c
product_2,netsuite_link_c
product_2,nyc_license_quantity_c
product_2,price_dimensions_c
product_2,product_code
product_2,product_family_filter_c
product_2,product_id_c
product_2,product_sub_family_c
product_2,quantity_unit_of_measure
product_2,sbqq_allocate_pot_on_orders_c
product_2,sbqq_asset_amendment_behavior_c
product_2,sbqq_asset_conversion_c
product_2,sbqq_batch_quantity_c
product_2,sbqq_billing_frequency_c
product_2,sbqq_billing_type_c
product_2,sbqq_block_pricing_field_c
product_2,sbqq_charge_type_c
product_2,sbqq_component_c
product_2,sbqq_compound_discount_rate_c
product_2,sbqq_configuration_event_c
product_2,sbqq_configuration_field_set_c
product_2,sbqq_configuration_fields_c
product_2,sbqq_configuration_form_title_c
product_2,sbqq_configuration_type_c
product_2,sbqq_configuration_validator_c
product_2,sbqq_configured_code_pattern_c
product_2,sbqq_configured_description_pattern_c
product_2,sbqq_cost_editable_c
product_2,sbqq_cost_schedule_c
product_2,sbqq_custom_configuration_page_c
product_2,sbqq_custom_configuration_required_c
product_2,sbqq_customer_community_availability_c
product_2,sbqq_default_pricing_table_c
product_2,sbqq_default_quantity_c
product_2,sbqq_description_locked_c
product_2,sbqq_discount_category_c
product_2,sbqq_discount_schedule_c
product_2,sbqq_dynamic_pricing_constraint_c
product_2,sbqq_enable_large_configuration_c
product_2,sbqq_exclude_from_maintenance_c
product_2,sbqq_exclude_from_opportunity_c
product_2,sbqq_externally_configurable_c
product_2,sbqq_generate_contracted_price_c
product_2,sbqq_has_configuration_attributes_c
product_2,sbqq_has_consumption_schedule_c
product_2,sbqq_hidden_c
product_2,sbqq_hide_price_in_search_results_c
product_2,sbqq_include_in_maintenance_c
product_2,sbqq_new_quote_group_c
product_2,sbqq_non_discountable_c
product_2,sbqq_non_partner_discountable_c
product_2,sbqq_option_layout_c
product_2,sbqq_option_selection_method_c
product_2,sbqq_optional_c
product_2,sbqq_price_editable_c
product_2,sbqq_pricing_guidance_c
product_2,sbqq_pricing_method_c
product_2,sbqq_pricing_method_editable_c
product_2,sbqq_product_picture_id_c
product_2,sbqq_quantity_editable_c
product_2,sbqq_quantity_scale_c
product_2,sbqq_reconfiguration_disabled_c
product_2,sbqq_renewal_product_c
product_2,sbqq_sort_order_c
product_2,sbqq_specifications_c
product_2,sbqq_subscription_base_c
product_2,sbqq_subscription_category_c
product_2,sbqq_subscription_conversion_c
product_2,sbqq_subscription_percent_c
product_2,sbqq_subscription_pricing_c
product_2,sbqq_subscription_target_c
product_2,sbqq_subscription_term_c
product_2,sbqq_subscription_type_c
product_2,sbqq_tax_code_c
product_2,sbqq_taxable_c
product_2,sbqq_term_discount_level_c
product_2,sbqq_term_discount_schedule_c
product_2,sbqq_upgrade_credit_c
product_2,sbqq_upgrade_ratio_c
product_2,sbqq_upgrade_source_c
product_2,sbqq_upgrade_target_c
product_2,stock_keeping_unit
product_2,students_with_licenses_c
product_2,system_modstamp
product_2,vidcode_org_id_c
rcsfl_admin_setting_c,_fivetran_deleted
rcsfl_admin_setting_c,_fivetran_synced
rcsfl_admin_setting_c,created_by_id
rcsfl_admin_setting_c,created_date
rcsfl_admin_setting_c,id
rcsfl_admin_setting_c,is_deleted
rcsfl_admin_setting_c,last_modified_by_id
rcsfl_admin_setting_c,last_modified_date
rcsfl_admin_setting_c,name
rcsfl_admin_setting_c,rcsfl_account_related_to_c
rcsfl_admin_setting_c,rcsfl_auto_fill_c
rcsfl_admin_setting_c,rcsfl_auto_save_c
rcsfl_admin_setting_c,rcsfl_auto_select_c
rcsfl_admin_setting_c,rcsfl_field_order_c
rcsfl_admin_setting_c,rcsfl_hvs_disposition_field_c
rcsfl_admin_setting_c,rcsfl_hvs_mode_c
rcsfl_admin_setting_c,rcsfl_is_un_mandatory_c
rcsfl_admin_setting_c,rcsfl_pop_on_ringing_c
rcsfl_admin_setting_c,rcsfl_save_on_ringing_c
rcsfl_admin_setting_c,rcsfl_to_voice_mail_c
rcsfl_admin_setting_c,setup_owner_id
rcsfl_admin_setting_c,system_modstamp
rcsfl_ring_central_webinar_token_c,_fivetran_deleted
rcsfl_ring_central_webinar_token_c,_fivetran_synced
rcsfl_ring_central_webinar_token_c,created_by_id
rcsfl_ring_central_webinar_token_c,created_date
rcsfl_ring_central_webinar_token_c,id
rcsfl_ring_central_webinar_token_c,is_deleted
rcsfl_ring_central_webinar_token_c,last_modified_by_id
rcsfl_ring_central_webinar_token_c,last_modified_date
rcsfl_ring_central_webinar_token_c,name
rcsfl_ring_central_webinar_token_c,owner_id
rcsfl_ring_central_webinar_token_c,system_modstamp
record_type,_fivetran_deleted
record_type,_fivetran_synced
record_type,business_process_id
record_type,created_by_id
record_type,created_date
record_type,description
record_type,developer_name
record_type,id
record_type,is_active
record_type,last_modified_by_id
record_type,last_modified_date
record_type,name
record_type,namespace_prefix
record_type,sobject_type
record_type,system_modstamp
refund,_fivetran_deleted
refund,_fivetran_synced
refund,account_id
refund,amount
refund,balance
refund,cancellation_date
refund,cancellation_effective_date
refund,cancellation_gateway_date
refund,cancellation_gateway_ref_number
refund,cancellation_gateway_result_code
refund,cancellation_sf_result_code
refund,client_context
refund,comments
refund,created_by_id
refund,created_date
refund,date
refund,effective_date
refund,email
refund,gateway_date
refund,gateway_ref_number
refund,gateway_result_code
refund,gateway_result_code_description
refund,id
refund,impact_amount
refund,ip_address
refund,is_deleted
refund,last_modified_by_id
refund,last_modified_date
refund,last_referenced_date
refund,last_viewed_date
refund,mac_address
refund,net_applied
refund,payment_gateway_id
refund,payment_group_id
refund,payment_method_id
refund,phone
refund,processing_mode
refund,refund_number
refund,sf_result_code
refund,status
refund,system_modstamp
refund,total_applied
refund,total_unapplied
refund,type
refund_line_payment,_fivetran_deleted
refund_line_payment,_fivetran_synced
refund_line_payment,amount
refund_line_payment,applied_date
refund_line_payment,associated_account_id
refund_line_payment,associated_refund_line_payment_id
refund_line_payment,comments
refund_line_payment,created_by_id
refund_line_payment,created_date
refund_line_payment,date
refund_line_payment,effective_date
refund_line_payment,effective_impact_amount
refund_line_payment,has_been_unapplied
refund_line_payment,id
refund_line_payment,impact_amount
refund_line_payment,is_deleted
refund_line_payment,last_modified_by_id
refund_line_payment,last_modified_date
refund_line_payment,payment_balance
refund_line_payment,payment_id
refund_line_payment,refund_balance
refund_line_payment,refund_id
refund_line_payment,refund_line_payment_number
refund_line_payment,system_modstamp
refund_line_payment,type
refund_line_payment,unapplied_date
sbqq_field_metadata_c,_fivetran_deleted
sbqq_field_metadata_c,_fivetran_synced
sbqq_field_metadata_c,created_by_id
sbqq_field_metadata_c,created_date
sbqq_field_metadata_c,id
sbqq_field_metadata_c,is_deleted
sbqq_field_metadata_c,last_modified_by_id
sbqq_field_metadata_c,last_modified_date
sbqq_field_metadata_c,name
sbqq_field_metadata_c,sbqq_field_name_c
sbqq_field_metadata_c,sbqq_object_name_c
sbqq_field_metadata_c,setup_owner_id
sbqq_field_metadata_c,system_modstamp
sbqq_product_option_c,_fivetran_deleted
sbqq_product_option_c,_fivetran_synced
sbqq_product_option_c,created_by_id
sbqq_product_option_c,created_date
sbqq_product_option_c,id
sbqq_product_option_c,is_deleted
sbqq_product_option_c,last_modified_by_id
sbqq_product_option_c,last_modified_date
sbqq_product_option_c,last_referenced_date
sbqq_product_option_c,last_viewed_date
sbqq_product_option_c,name
sbqq_product_option_c,owner_id
sbqq_product_option_c,product_family_filter_c
sbqq_product_option_c,sbqq_applied_immediately_c
sbqq_product_option_c,sbqq_applied_immediately_context_c
sbqq_product_option_c,sbqq_bundled_c
sbqq_product_option_c,sbqq_component_code_c
sbqq_product_option_c,sbqq_component_code_position_c
sbqq_product_option_c,sbqq_component_description_c
sbqq_product_option_c,sbqq_component_description_position_c
sbqq_product_option_c,sbqq_configured_sku_c
sbqq_product_option_c,sbqq_default_pricing_table_c
sbqq_product_option_c,sbqq_discount_amount_c
sbqq_product_option_c,sbqq_discount_c
sbqq_product_option_c,sbqq_discount_schedule_c
sbqq_product_option_c,sbqq_discounted_by_package_c
sbqq_product_option_c,sbqq_existing_quantity_c
sbqq_product_option_c,sbqq_feature_c
sbqq_product_option_c,sbqq_max_quantity_c
sbqq_product_option_c,sbqq_min_quantity_c
sbqq_product_option_c,sbqq_number_c
sbqq_product_option_c,sbqq_optional_sku_c
sbqq_product_option_c,sbqq_price_editable_c
sbqq_product_option_c,sbqq_product_code_c
sbqq_product_option_c,sbqq_product_configuration_type_c
sbqq_product_option_c,sbqq_product_description_c
sbqq_product_option_c,sbqq_product_family_c
sbqq_product_option_c,sbqq_product_name_c
sbqq_product_option_c,sbqq_product_quantity_scale_c
sbqq_product_option_c,sbqq_product_subscription_pricing_c
sbqq_product_option_c,sbqq_quantity_c
sbqq_product_option_c,sbqq_quantity_editable_c
sbqq_product_option_c,sbqq_quote_line_visibility_c
sbqq_product_option_c,sbqq_renewal_product_option_c
sbqq_product_option_c,sbqq_required_c
sbqq_product_option_c,sbqq_selected_c
sbqq_product_option_c,sbqq_subscription_scope_c
sbqq_product_option_c,sbqq_system_c
sbqq_product_option_c,sbqq_type_c
sbqq_product_option_c,sbqq_unit_price_c
sbqq_product_option_c,sbqq_uplifted_by_package_c
sbqq_product_option_c,system_modstamp
sbqq_quote_c,_fivetran_deleted
sbqq_quote_c,_fivetran_synced
sbqq_quote_c,account_current_arr_c
sbqq_quote_c,additional_terms_c
sbqq_quote_c,avg_rep_discount_c
sbqq_quote_c,clear_end_date_c
sbqq_quote_c,contains_pd_c
sbqq_quote_c,contract_type_c
sbqq_quote_c,count_of_gold_services_c
sbqq_quote_c,count_of_gs_c
sbqq_quote_c,created_by_id
sbqq_quote_c,created_date
sbqq_quote_c,discount_c
sbqq_quote_c,discountable_list_price_c
sbqq_quote_c,extension_c
sbqq_quote_c,gold_service_on_quote_c
sbqq_quote_c,has_coding_discount_c
sbqq_quote_c,has_enterprise_service_c
sbqq_quote_c,has_premium_service_c
sbqq_quote_c,id
sbqq_quote_c,include_acquisition_cover_sheet_c
sbqq_quote_c,include_payment_voucher_c
sbqq_quote_c,include_w_9_c
sbqq_quote_c,is_deleted
sbqq_quote_c,is_discounted_c
sbqq_quote_c,is_not_discounted_c
sbqq_quote_c,last_activity_date
sbqq_quote_c,last_modified_by_id
sbqq_quote_c,last_modified_date
sbqq_quote_c,last_referenced_date
sbqq_quote_c,last_viewed_date
sbqq_quote_c,lcom_order_lines_count_c
sbqq_quote_c,learning_sbxid_c
sbqq_quote_c,mr_discount_approval_threshold_c
sbqq_quote_c,mr_discount_c
sbqq_quote_c,multiyear_discount_amount_c
sbqq_quote_c,name
sbqq_quote_c,nc_bundle_c
sbqq_quote_c,net_amount_without_services_c
sbqq_quote_c,no_charge_pilot_or_demo_c
sbqq_quote_c,number_of_years_in_progressive_c
sbqq_quote_c,nyc_license_quantity_c
sbqq_quote_c,opp_end_date_c
sbqq_quote_c,opp_owner_c
sbqq_quote_c,opp_stage_c
sbqq_quote_c,opp_start_date_c
sbqq_quote_c,opportunity_invoiced_date_c
sbqq_quote_c,opportunity_stage_c
sbqq_quote_c,opty_record_type_20_c
sbqq_quote_c,otc_enabled_c
sbqq_quote_c,owner_id
sbqq_quote_c,payment_details_c
sbqq_quote_c,premium_service_amount_c
sbqq_quote_c,print_quote_as_invoice_c
sbqq_quote_c,print_quote_as_quote_c
sbqq_quote_c,progressive_payment_amount_1_a_c
sbqq_quote_c,progressive_payment_amount_2_c
sbqq_quote_c,progressive_payment_amount_3_c
sbqq_quote_c,progressive_payment_amount_4_c
sbqq_quote_c,progressive_payment_amount_5_c
sbqq_quote_c,progressive_payment_date_1_c
sbqq_quote_c,progressive_payment_date_2_c
sbqq_quote_c,progressive_payment_date_3_c
sbqq_quote_c,progressive_payment_date_4_c
sbqq_quote_c,progressive_payment_date_5_c
sbqq_quote_c,prorated_list_price_c
sbqq_quote_c,prorated_years_c
sbqq_quote_c,provisioned_lines_c
sbqq_quote_c,q_number_counter_c
sbqq_quote_c,quote_account_id_c
sbqq_quote_c,quote_approver_c
sbqq_quote_c,quote_date_c
sbqq_quote_c,quote_expiration_ram_renewals_c
sbqq_quote_c,quote_has_premium_service_c
sbqq_quote_c,quote_id_c
sbqq_quote_c,quote_name_c
sbqq_quote_c,quote_type_c
sbqq_quote_c,quote_types_c
sbqq_quote_c,record_type_c
sbqq_quote_c,regular_discount_amounttbd_c
sbqq_quote_c,regular_progressive_c
sbqq_quote_c,rep_total_dis_amount_c
sbqq_quote_c,reps_discount_c
sbqq_quote_c,sales_rep_quote_notes_c
sbqq_quote_c,sbqq_account_c
sbqq_quote_c,sbqq_additional_discount_amount_c
sbqq_quote_c,sbqq_average_customer_discount_c
sbqq_quote_c,sbqq_average_partner_discount_c
sbqq_quote_c,sbqq_billing_city_c
sbqq_quote_c,sbqq_billing_country_c
sbqq_quote_c,sbqq_billing_frequency_c
sbqq_quote_c,sbqq_billing_name_c
sbqq_quote_c,sbqq_billing_postal_code_c
sbqq_quote_c,sbqq_billing_state_c
sbqq_quote_c,sbqq_billing_street_c
sbqq_quote_c,sbqq_consumption_rate_override_c
sbqq_quote_c,sbqq_contracting_method_c
sbqq_quote_c,sbqq_customer_amount_c
sbqq_quote_c,sbqq_customer_discount_c
sbqq_quote_c,sbqq_days_quote_open_c
sbqq_quote_c,sbqq_default_template_c
sbqq_quote_c,sbqq_delivery_method_c
sbqq_quote_c,sbqq_distributor_c
sbqq_quote_c,sbqq_distributor_discount_c
sbqq_quote_c,sbqq_document_status_c
sbqq_quote_c,sbqq_email_template_id_c
sbqq_quote_c,sbqq_end_date_c
sbqq_quote_c,sbqq_expiration_date_c
sbqq_quote_c,sbqq_first_segment_term_end_date_c
sbqq_quote_c,sbqq_generate_contracted_price_c
sbqq_quote_c,sbqq_introduction_c
sbqq_quote_c,sbqq_key_c
sbqq_quote_c,sbqq_last_calculated_on_c
sbqq_quote_c,sbqq_last_saved_on_c
sbqq_quote_c,sbqq_line_item_count_c
sbqq_quote_c,sbqq_line_items_grouped_c
sbqq_quote_c,sbqq_line_items_printed_c
sbqq_quote_c,sbqq_list_amount_c
sbqq_quote_c,sbqq_markup_rate_c
sbqq_quote_c,sbqq_master_contract_c
sbqq_quote_c,sbqq_master_evergreen_contract_c
sbqq_quote_c,sbqq_net_amount_c
sbqq_quote_c,sbqq_notes_c
sbqq_quote_c,sbqq_opportunity_2_c
sbqq_quote_c,sbqq_order_by_c
sbqq_quote_c,sbqq_order_by_quote_line_group_c
sbqq_quote_c,sbqq_order_group_id_c
sbqq_quote_c,sbqq_ordered_c
sbqq_quote_c,sbqq_original_quote_c
sbqq_quote_c,sbqq_paper_size_c
sbqq_quote_c,sbqq_partner_c
sbqq_quote_c,sbqq_partner_discount_c
sbqq_quote_c,sbqq_payment_terms_c
sbqq_quote_c,sbqq_price_book_c
sbqq_quote_c,sbqq_pricebook_id_c
sbqq_quote_c,sbqq_primary_c
sbqq_quote_c,sbqq_primary_contact_c
sbqq_quote_c,sbqq_proration_day_of_month_c
sbqq_quote_c,sbqq_quote_language_c
sbqq_quote_c,sbqq_quote_process_id_c
sbqq_quote_c,sbqq_quote_template_id_c
sbqq_quote_c,sbqq_regular_amount_c
sbqq_quote_c,sbqq_renewal_term_c
sbqq_quote_c,sbqq_renewal_uplift_rate_c
sbqq_quote_c,sbqq_sales_rep_c
sbqq_quote_c,sbqq_shipping_city_c
sbqq_quote_c,sbqq_shipping_country_c
sbqq_quote_c,sbqq_shipping_name_c
sbqq_quote_c,sbqq_shipping_postal_code_c
sbqq_quote_c,sbqq_shipping_state_c
sbqq_quote_c,sbqq_shipping_street_c
sbqq_quote_c,sbqq_source_c
sbqq_quote_c,sbqq_start_date_c
sbqq_quote_c,sbqq_status_c
sbqq_quote_c,sbqq_subscription_term_c
sbqq_quote_c,sbqq_target_customer_amount_c
sbqq_quote_c,sbqq_total_customer_discount_amount_c
sbqq_quote_c,sbqq_type_c
sbqq_quote_c,sbqq_uncalculated_c
sbqq_quote_c,sbqq_unopened_c
sbqq_quote_c,sbqq_watermark_shown_c
sbqq_quote_c,school_list_c
sbqq_quote_c,searchable_quote_name_c
sbqq_quote_c,standard_discount_c
sbqq_quote_c,start_date_populated_c
sbqq_quote_c,subscription_years_c
sbqq_quote_c,system_modstamp
sbqq_quote_c,texas_savings_v_2_c
sbqq_quote_c,tier_c
sbqq_quote_c,tiered_services_discount_c
sbqq_quote_c,total_credit_c
sbqq_quote_c,total_quote_lines_c
sbqq_quote_c,ultimate_parent_account_c
sbqq_quote_c,watermark_pb_c
sbqq_quote_c,x_2_year_progressive_c
sbqq_quote_c,x_3_year_progressive_c
sbqq_quote_c,x_4_year_progressive_c
sbqq_quote_c,x_5_year_progressive_c
sbqq_quote_line_c,_fivetran_deleted
sbqq_quote_line_c,_fivetran_synced
sbqq_quote_line_c,actual_end_date_c
sbqq_quote_line_c,actual_prorated_pyyears_c
sbqq_quote_line_c,actual_prorated_years_c
sbqq_quote_line_c,actual_start_date_c
sbqq_quote_line_c,business_type_c
sbqq_quote_line_c,business_type_opty_product_c
sbqq_quote_line_c,close_date_c
sbqq_quote_line_c,component_discount_c
sbqq_quote_line_c,component_list_unit_price_c
sbqq_quote_line_c,component_net_unit_price_c
sbqq_quote_line_c,count_of_lcom_license_sites_c
sbqq_quote_line_c,created_by_id
sbqq_quote_line_c,created_date
sbqq_quote_line_c,default_proration_c
sbqq_quote_line_c,discount_display_c
sbqq_quote_line_c,discounted_price_c
sbqq_quote_line_c,family_c
sbqq_quote_line_c,gold_service_c
sbqq_quote_line_c,id
sbqq_quote_line_c,is_deleted
sbqq_quote_line_c,is_not_provisioned_c
sbqq_quote_line_c,jitterbit_end_date_c
sbqq_quote_line_c,jitterbit_start_date_c
sbqq_quote_line_c,last_modified_by_id
sbqq_quote_line_c,last_modified_date
sbqq_quote_line_c,last_referenced_date
sbqq_quote_line_c,last_viewed_date
sbqq_quote_line_c,learning_sbxid_c
sbqq_quote_line_c,list_price_c
sbqq_quote_line_c,mr_net_total_c
sbqq_quote_line_c,mr_net_unit_price_c
sbqq_quote_line_c,multi_year_disc_c
sbqq_quote_line_c,name
sbqq_quote_line_c,net_price_display_c
sbqq_quote_line_c,net_total_without_prem_serv_c
sbqq_quote_line_c,net_total_without_tiered_service_c
sbqq_quote_line_c,no_proration_c
sbqq_quote_line_c,non_prorated_pysubscription_term_c
sbqq_quote_line_c,non_prorated_subscription_term_c
sbqq_quote_line_c,opp_record_type_20_c
sbqq_quote_line_c,opportunity_record_type_c
sbqq_quote_line_c,owner_c
sbqq_quote_line_c,packaged_total_frm_c
sbqq_quote_line_c,product_sub_family_c
sbqq_quote_line_c,prorated_start_date_c
sbqq_quote_line_c,pyproration_c
sbqq_quote_line_c,pyterm_c
sbqq_quote_line_c,quoteend_date_c
sbqq_quote_line_c,record_type_c
sbqq_quote_line_c,rep_additional_discount_c
sbqq_quote_line_c,sbqq_additional_discount_amount_c
sbqq_quote_line_c,sbqq_additional_discount_c
sbqq_quote_line_c,sbqq_additional_quantity_c
sbqq_quote_line_c,sbqq_allow_asset_refund_c
sbqq_quote_line_c,sbqq_batch_quantity_c
sbqq_quote_line_c,sbqq_billing_frequency_c
sbqq_quote_line_c,sbqq_billing_type_c
sbqq_quote_line_c,sbqq_block_price_c
sbqq_quote_line_c,sbqq_bundle_c
sbqq_quote_line_c,sbqq_bundled_c
sbqq_quote_line_c,sbqq_bundled_quantity_c
sbqq_quote_line_c,sbqq_carryover_line_c
sbqq_quote_line_c,sbqq_charge_type_c
sbqq_quote_line_c,sbqq_completely_contracted_c
sbqq_quote_line_c,sbqq_component_cost_c
sbqq_quote_line_c,sbqq_component_discounted_by_package_c
sbqq_quote_line_c,sbqq_component_list_total_c
sbqq_quote_line_c,sbqq_component_subscription_scope_c
sbqq_quote_line_c,sbqq_component_total_c
sbqq_quote_line_c,sbqq_component_uplifted_by_package_c
sbqq_quote_line_c,sbqq_component_visibility_c
sbqq_quote_line_c,sbqq_compound_discount_rate_c
sbqq_quote_line_c,sbqq_configuration_required_c
sbqq_quote_line_c,sbqq_contracted_price_c
sbqq_quote_line_c,sbqq_cost_c
sbqq_quote_line_c,sbqq_cost_editable_c
sbqq_quote_line_c,sbqq_customer_price_c
sbqq_quote_line_c,sbqq_customer_total_c
sbqq_quote_line_c,sbqq_default_subscription_term_c
sbqq_quote_line_c,sbqq_description_c
sbqq_quote_line_c,sbqq_dimension_c
sbqq_quote_line_c,sbqq_discount_c
sbqq_quote_line_c,sbqq_discount_schedule_c
sbqq_quote_line_c,sbqq_discount_schedule_type_c
sbqq_quote_line_c,sbqq_discount_tier_c
sbqq_quote_line_c,sbqq_distributor_discount_c
sbqq_quote_line_c,sbqq_dynamic_option_id_c
sbqq_quote_line_c,sbqq_earliest_valid_amendment_start_date_c
sbqq_quote_line_c,sbqq_effective_end_date_c
sbqq_quote_line_c,sbqq_effective_quantity_c
sbqq_quote_line_c,sbqq_effective_start_date_c
sbqq_quote_line_c,sbqq_effective_subscription_term_c
sbqq_quote_line_c,sbqq_end_date_c
sbqq_quote_line_c,sbqq_existing_c
sbqq_quote_line_c,sbqq_favorite_c
sbqq_quote_line_c,sbqq_generate_contracted_price_c
sbqq_quote_line_c,sbqq_gross_profit_c
sbqq_quote_line_c,sbqq_group_c
sbqq_quote_line_c,sbqq_guidance_c
sbqq_quote_line_c,sbqq_has_consumption_schedule_c
sbqq_quote_line_c,sbqq_has_split_orders_c
sbqq_quote_line_c,sbqq_hidden_c
sbqq_quote_line_c,sbqq_incomplete_c
sbqq_quote_line_c,sbqq_list_price_c
sbqq_quote_line_c,sbqq_list_total_c
sbqq_quote_line_c,sbqq_markup_amount_c
sbqq_quote_line_c,sbqq_markup_c
sbqq_quote_line_c,sbqq_markup_rate_c
sbqq_quote_line_c,sbqq_maximum_price_c
sbqq_quote_line_c,sbqq_minimum_price_c
sbqq_quote_line_c,sbqq_net_price_c
sbqq_quote_line_c,sbqq_net_total_c
sbqq_quote_line_c,sbqq_non_discountable_c
sbqq_quote_line_c,sbqq_non_partner_discountable_c
sbqq_quote_line_c,sbqq_number_c
sbqq_quote_line_c,sbqq_option_discount_amount_c
sbqq_quote_line_c,sbqq_option_discount_c
sbqq_quote_line_c,sbqq_option_level_c
sbqq_quote_line_c,sbqq_option_type_c
sbqq_quote_line_c,sbqq_optional_c
sbqq_quote_line_c,sbqq_original_price_c
sbqq_quote_line_c,sbqq_original_quote_line_id_c
sbqq_quote_line_c,sbqq_original_source_c
sbqq_quote_line_c,sbqq_original_unit_cost_c
sbqq_quote_line_c,sbqq_package_cost_c
sbqq_quote_line_c,sbqq_package_list_total_c
sbqq_quote_line_c,sbqq_package_product_code_c
sbqq_quote_line_c,sbqq_package_product_description_c
sbqq_quote_line_c,sbqq_package_total_c
sbqq_quote_line_c,sbqq_partner_discount_c
sbqq_quote_line_c,sbqq_partner_price_c
sbqq_quote_line_c,sbqq_partner_total_c
sbqq_quote_line_c,sbqq_previous_segment_price_c
sbqq_quote_line_c,sbqq_previous_segment_uplift_c
sbqq_quote_line_c,sbqq_price_editable_c
sbqq_quote_line_c,sbqq_pricebook_entry_id_c
sbqq_quote_line_c,sbqq_pricing_method_c
sbqq_quote_line_c,sbqq_pricing_method_editable_c
sbqq_quote_line_c,sbqq_prior_quantity_c
sbqq_quote_line_c,sbqq_product_c
sbqq_quote_line_c,sbqq_product_code_c
sbqq_quote_line_c,sbqq_product_family_c
sbqq_quote_line_c,sbqq_product_name_c
sbqq_quote_line_c,sbqq_product_option_c
sbqq_quote_line_c,sbqq_product_subscription_type_c
sbqq_quote_line_c,sbqq_prorate_multiplier_c
sbqq_quote_line_c,sbqq_prorated_list_price_c
sbqq_quote_line_c,sbqq_prorated_price_c
sbqq_quote_line_c,sbqq_quantity_c
sbqq_quote_line_c,sbqq_quote_c
sbqq_quote_line_c,sbqq_regular_price_c
sbqq_quote_line_c,sbqq_regular_total_c
sbqq_quote_line_c,sbqq_renewal_c
sbqq_quote_line_c,sbqq_renewed_asset_c
sbqq_quote_line_c,sbqq_renewed_subscription_c
sbqq_quote_line_c,sbqq_required_by_c
sbqq_quote_line_c,sbqq_segment_index_c
sbqq_quote_line_c,sbqq_segment_key_c
sbqq_quote_line_c,sbqq_segment_label_c
sbqq_quote_line_c,sbqq_source_c
sbqq_quote_line_c,sbqq_special_price_c
sbqq_quote_line_c,sbqq_special_price_description_c
sbqq_quote_line_c,sbqq_special_price_type_c
sbqq_quote_line_c,sbqq_start_date_c
sbqq_quote_line_c,sbqq_subscribed_asset_ids_c
sbqq_quote_line_c,sbqq_subscription_base_c
sbqq_quote_line_c,sbqq_subscription_category_c
sbqq_quote_line_c,sbqq_subscription_percent_c
sbqq_quote_line_c,sbqq_subscription_pricing_c
sbqq_quote_line_c,sbqq_subscription_scope_c
sbqq_quote_line_c,sbqq_subscription_target_price_c
sbqq_quote_line_c,sbqq_subscription_term_c
sbqq_quote_line_c,sbqq_subscription_type_c
sbqq_quote_line_c,sbqq_tax_code_c
sbqq_quote_line_c,sbqq_taxable_c
sbqq_quote_line_c,sbqq_term_discount_c
sbqq_quote_line_c,sbqq_term_discount_schedule_c
sbqq_quote_line_c,sbqq_term_discount_tier_c
sbqq_quote_line_c,sbqq_total_discount_amount_c
sbqq_quote_line_c,sbqq_total_discount_rate_c
sbqq_quote_line_c,sbqq_unit_cost_c
sbqq_quote_line_c,sbqq_unprorated_net_price_c
sbqq_quote_line_c,sbqq_upgraded_asset_c
sbqq_quote_line_c,sbqq_upgraded_quantity_c
sbqq_quote_line_c,sbqq_upgraded_subscription_c
sbqq_quote_line_c,sbqq_uplift_amount_c
sbqq_quote_line_c,sbqq_uplift_c
sbqq_quote_line_c,sbqq_volume_discount_c
sbqq_quote_line_c,services_discount_c
sbqq_quote_line_c,stdunit_price_display_c
sbqq_quote_line_c,subscription_term_in_years_c
sbqq_quote_line_c,system_modstamp
sbqq_quote_line_c,template_sorting_order_c
sbqq_quote_line_c,texas_savings_c
sbqq_quote_line_c,texas_tech_apps_total_savings_c
sbqq_quote_line_c,update_c
sbqq_quote_line_c,updated_c
sbqq_quote_line_c,whole_years_c
sbqq_quote_line_group_c,_fivetran_deleted
sbqq_quote_line_group_c,_fivetran_synced
sbqq_quote_line_group_c,created_by_id
sbqq_quote_line_group_c,created_date
sbqq_quote_line_group_c,id
sbqq_quote_line_group_c,is_deleted
sbqq_quote_line_group_c,last_modified_by_id
sbqq_quote_line_group_c,last_modified_date
sbqq_quote_line_group_c,name
sbqq_quote_line_group_c,sbqq_account_c
sbqq_quote_line_group_c,sbqq_additional_discount_rate_c
sbqq_quote_line_group_c,sbqq_billing_frequency_c
sbqq_quote_line_group_c,sbqq_customer_total_c
sbqq_quote_line_group_c,sbqq_description_c
sbqq_quote_line_group_c,sbqq_end_date_c
sbqq_quote_line_group_c,sbqq_favorite_c
sbqq_quote_line_group_c,sbqq_list_total_c
sbqq_quote_line_group_c,sbqq_markup_rate_c
sbqq_quote_line_group_c,sbqq_net_total_c
sbqq_quote_line_group_c,sbqq_number_c
sbqq_quote_line_group_c,sbqq_optional_c
sbqq_quote_line_group_c,sbqq_quote_c
sbqq_quote_line_group_c,sbqq_quote_process_c
sbqq_quote_line_group_c,sbqq_separate_contract_c
sbqq_quote_line_group_c,sbqq_solution_group_c
sbqq_quote_line_group_c,sbqq_source_c
sbqq_quote_line_group_c,sbqq_start_date_c
sbqq_quote_line_group_c,sbqq_subscription_term_c
sbqq_quote_line_group_c,sbqq_target_customer_amount_c
sbqq_quote_line_group_c,system_modstamp
sender_email_address,_fivetran_deleted
sender_email_address,_fivetran_synced
sender_email_address,created_by_id
sender_email_address,created_date
sender_email_address,display_name
sender_email_address,id
sender_email_address,is_deleted
sender_email_address,last_modified_by_id
sender_email_address,last_modified_date
sender_email_address,name
sender_email_address,owner_id
sender_email_address,system_modstamp
sender_email_address,username
service_and_training_request_c,_fivetran_deleted
service_and_training_request_c,_fivetran_synced
service_and_training_request_c,account_c
service_and_training_request_c,assignee_c
service_and_training_request_c,close_date_c
service_and_training_request_c,contact_c
service_and_training_request_c,created_by_id
service_and_training_request_c,created_date
service_and_training_request_c,description_c
service_and_training_request_c,due_date_c
service_and_training_request_c,estimated_number_of_hours_c
service_and_training_request_c,event_time_c
service_and_training_request_c,id
service_and_training_request_c,is_deleted
service_and_training_request_c,last_activity_date
service_and_training_request_c,last_modified_by_id
service_and_training_request_c,last_modified_date
service_and_training_request_c,last_referenced_date
service_and_training_request_c,last_viewed_date
service_and_training_request_c,name
service_and_training_request_c,notes_c
service_and_training_request_c,opportunity_c
service_and_training_request_c,owner_id
service_and_training_request_c,record_type_id
service_and_training_request_c,resolution_c
service_and_training_request_c,status_c
service_and_training_request_c,subject_c
service_and_training_request_c,system_modstamp
service_and_training_request_c,task_c
service_and_training_request_c,training_session_c
service_and_training_request_c,type_c
service_and_training_request_feed,_fivetran_deleted
service_and_training_request_feed,_fivetran_synced
service_and_training_request_feed,best_comment_id
service_and_training_request_feed,body
service_and_training_request_feed,comment_count
service_and_training_request_feed,created_by_id
service_and_training_request_feed,created_date
service_and_training_request_feed,id
service_and_training_request_feed,inserted_by_id
service_and_training_request_feed,is_deleted
service_and_training_request_feed,is_rich_text
service_and_training_request_feed,last_modified_date
service_and_training_request_feed,like_count
service_and_training_request_feed,link_url
service_and_training_request_feed,network_scope
service_and_training_request_feed,parent_id
service_and_training_request_feed,related_record_id
service_and_training_request_feed,system_modstamp
service_and_training_request_feed,title
service_and_training_request_feed,type
service_and_training_request_feed,visibility
service_and_training_request_history,_fivetran_deleted
service_and_training_request_history,_fivetran_synced
service_and_training_request_history,created_by_id
service_and_training_request_history,created_date
service_and_training_request_history,data_type
service_and_training_request_history,field
service_and_training_request_history,id
service_and_training_request_history,is_deleted
service_and_training_request_history,new_value
service_and_training_request_history,old_value
service_and_training_request_history,parent_id
state_profile_c,_fivetran_deleted
state_profile_c,_fivetran_synced
state_profile_c,additional_notes_regarding_cs_c
state_profile_c,additional_notes_regarding_dei_c
state_profile_c,advisory_council_process_c
state_profile_c,allow_computer_science_to_count_for_a_c
state_profile_c,annual_transactions_c
state_profile_c,are_there_k_12_cs_curriculum_standards_c
state_profile_c,can_students_earn_credits_from_cte_c
state_profile_c,commissioner_of_ed_c
state_profile_c,computer_science_data_source_c
state_profile_c,computer_science_funding_c
state_profile_c,consortia_c
state_profile_c,count_towards_graduation_summary_c
state_profile_c,created_by_id
state_profile_c,created_date
state_profile_c,criminal_sanction_for_cyberbullying_law_c
state_profile_c,current_arr_c
state_profile_c,data_source_date_c
state_profile_c,dedicated_state_funding_cs_pd_c
state_profile_c,defines_bullying_policy_c
state_profile_c,dei_funding_notes_c
state_profile_c,department_of_education_c
state_profile_c,digital_equity_data_source_c
state_profile_c,digital_equity_data_source_date_c
state_profile_c,digital_equity_funding_c
state_profile_c,digital_equity_initiative_c
state_profile_c,digital_equity_source_data_c
state_profile_c,do_r_renewal_date_c
state_profile_c,does_the_state_have_a_c
state_profile_c,does_the_state_have_a_dual_enrollment_c
state_profile_c,does_the_state_have_a_plan_for_k_12_cs_c
state_profile_c,fiscal_years_for_this_state_cs_funding_c
state_profile_c,fy_2020_budget_projection_c
state_profile_c,general_dei_notes_c
state_profile_c,governor_c
state_profile_c,governor_s_party_affiliation_c
state_profile_c,how_are_funds_distributed_c
state_profile_c,id
state_profile_c,identified_a_central_coordinator_c
state_profile_c,if_yes_provide_details_c
state_profile_c,if_yes_who_c
state_profile_c,includes_cyberbullying_law_c
state_profile_c,includes_type_of_punishment_policy_c
state_profile_c,is_deleted
state_profile_c,is_there_a_state_plan_for_cs_c
state_profile_c,is_there_dedicated_cs_funding_c
state_profile_c,key_district_partners_c
state_profile_c,key_state_leaders_c
state_profile_c,known_competitors_c
state_profile_c,last_audit_of_bullying_c
state_profile_c,last_audit_of_c
state_profile_c,last_audit_of_computer_science_section_c
state_profile_c,last_audit_of_digital_equity_section_c
state_profile_c,last_audit_of_media_literacy_section_c
state_profile_c,last_audit_of_online_assessments_section_c
state_profile_c,last_audit_of_profile_of_a_grad_section_c
state_profile_c,last_audit_of_this_page_c
state_profile_c,last_modified_by_id
state_profile_c,last_modified_date
state_profile_c,last_referenced_date
state_profile_c,last_viewed_date
state_profile_c,limited_prof_dev_requirement_c
state_profile_c,media_literacy_source_date_c
state_profile_c,media_literacy_state_policy_legislation_c
state_profile_c,media_literacy_summary_c
state_profile_c,mentions_cyberbullying_policy_c
state_profile_c,name
state_profile_c,nexus_established_c
state_profile_c,nexus_threshold_c
state_profile_c,nexus_transaction_threshold_c
state_profile_c,off_campus_behavior_included_law_c
state_profile_c,online_assessments_c
state_profile_c,online_assessments_notes_c
state_profile_c,other_approaches_to_prioritize_ml_c
state_profile_c,owner_id
state_profile_c,perkins_v_secondary_cte_program_quality_c
state_profile_c,political_landscape_c
state_profile_c,profile_of_a_grad_computer_science_c
state_profile_c,profile_of_a_grad_digital_literacy_c
state_profile_c,profile_of_a_grad_dl_state_standards_c
state_profile_c,profile_of_a_grad_source_date_c
state_profile_c,profile_of_a_grad_summary_notes_c
state_profile_c,provides_a_model_bullying_policy_c
state_profile_c,refers_to_off_campus_bullying_policy_c
state_profile_c,registered_agent_c
state_profile_c,registered_with_dor_c
state_profile_c,registered_with_so_s_c
state_profile_c,require_all_k_12_schools_to_offer_cs_c
state_profile_c,require_comp_science_summary_c
state_profile_c,requires_school_policy_law_c
state_profile_c,s_e_a_must_create_a_model_curriculum_c
state_profile_c,school_quality_sucess_measure_c
state_profile_c,school_sanction_for_cyberbullying_law_c
state_profile_c,schools_req_to_inc_in_more_limited_way_c
state_profile_c,schools_req_to_inc_instruc_in_all_k_12_c
state_profile_c,sos_renewal_date_c
state_profile_c,state_abbreviation_c
state_profile_c,state_aligned_funding_c
state_profile_c,state_assessment_c
state_profile_c,state_champions_c
state_profile_c,state_conferences_events_c
state_profile_c,state_contract_w_lcom_c
state_profile_c,state_cs_funding_amount_c
state_profile_c,state_cs_funding_summary_c
state_profile_c,state_disability_insurance_tax_required_c
state_profile_c,state_educ_agency_must_create_k_12_stand_c
state_profile_c,state_educ_agency_must_create_some_stand_c
state_profile_c,state_nexus_established_c
state_profile_c,state_plan_summary_c
state_profile_c,state_policy_for_cte_establishment_c
state_profile_c,state_requires_cs_at_high_schools_c
state_profile_c,state_rfp_in_2020_c
state_profile_c,state_standards_adoption_revision_c
state_profile_c,state_standards_c
state_profile_c,state_standards_summary_c
state_profile_c,system_modstamp
state_profile_c,teacher_cert_licensure_requirements_c
state_profile_c,test_c
state_profile_c,transaction_nexus_established_c
state_profile_c,type_of_dei_c
state_profile_c,what_career_clusters_are_c
state_profile_c,what_is_program_c
state_profile_c,which_entity_house_the_state_cte_directo_c
switches_c,_fivetran_deleted
switches_c,_fivetran_synced
switches_c,automation_off_c
switches_c,automation_off_code_c
switches_c,created_by_id
switches_c,created_date
switches_c,id
switches_c,is_deleted
switches_c,last_modified_by_id
switches_c,last_modified_date
switches_c,name
switches_c,setup_owner_id
switches_c,system_modstamp
training_session_c,_fivetran_deleted
training_session_c,_fivetran_synced
training_session_c,account_id_c
training_session_c,account_name_c
training_session_c,additional_insight_on_implementation_c
training_session_c,alternate_end_date_c
training_session_c,alternate_end_time_customer_c
training_session_c,alternate_end_time_unrestricted_c
training_session_c,alternate_start_date_c
training_session_c,alternate_start_date_date_only_c
training_session_c,alternate_start_time_customer_c
training_session_c,alternate_start_time_unrestricted_c
training_session_c,are_they_ready_to_implement_c
training_session_c,assignee_c
training_session_c,cancel_reason_c
training_session_c,closed_date_c
training_session_c,created_by_id
training_session_c,created_date
training_session_c,curriculum_examples_c
training_session_c,did_the_training_go_as_planned_c
training_session_c,district_library_c
training_session_c,due_date_c
training_session_c,end_date_c
training_session_c,experience_level_c
training_session_c,id
training_session_c,impelmentation_i_pad_usage_c
training_session_c,implementation_advanced_topics_c
training_session_c,implementation_elementary_c
training_session_c,implementation_frequency_c
training_session_c,implementation_goals_c
training_session_c,implementation_google_classroom_c
training_session_c,implementation_notes_c
training_session_c,implementation_statement_c
training_session_c,implementation_topics_c
training_session_c,implementation_type_c
training_session_c,implementing_grades_c
training_session_c,is_closed_c
training_session_c,is_deleted
training_session_c,last_activity_date
training_session_c,last_modified_by_id
training_session_c,last_modified_date
training_session_c,last_referenced_date
training_session_c,last_viewed_date
training_session_c,learning_path_c
training_session_c,name
training_session_c,new_district_c
training_session_c,notable_conversations_reactions_c
training_session_c,notes_c
training_session_c,origin_c
training_session_c,owner_id
training_session_c,participant_roles_c
training_session_c,pds_c
training_session_c,person_facilitating_group_tbd_learning_p_c
training_session_c,planning_call_completed_c
training_session_c,planning_call_notes_c
training_session_c,po_number_c
training_session_c,presentation_quote_c
training_session_c,primary_contact_c
training_session_c,record_type_id
training_session_c,secondary_contact_c
training_session_c,session_attendee_count_c
training_session_c,session_grades_attending_c
training_session_c,session_location_address_c
training_session_c,session_location_name_c
training_session_c,session_location_room_c
training_session_c,session_location_unknown_c
training_session_c,session_notes_c
training_session_c,session_participation_method_c
training_session_c,session_subtype_c
training_session_c,session_type_c
training_session_c,sessions_per_week_c
training_session_c,setting_for_student_use_of_curriculum_c
training_session_c,start_date_c
training_session_c,state_program_eligible_confirmation_c
training_session_c,status_c
training_session_c,survey_action_items_c
training_session_c,survey_administrator_attendance_c
training_session_c,survey_attendee_challenges_c
training_session_c,survey_attendee_count_c
training_session_c,survey_notable_discussions_c
training_session_c,survey_notes_c
training_session_c,survey_outcome_as_planned_c
training_session_c,survey_outcome_issues_c
training_session_c,survey_recommendations_c
training_session_c,survey_teacher_engagement_c
training_session_c,survey_teacher_sentiment_c
training_session_c,sync_method_c
training_session_c,system_modstamp
training_session_c,tiered_service_level_c
training_session_c,time_zone_c
training_session_c,total_credits_purchased_c
training_session_c,training_credits_c
training_session_c,training_session_name_c
training_session_c,training_survey_results_c
training_session_c,training_time_del_c
training_session_c,where_will_learning_path_be_implemented_c
training_session_c,who_chooses_and_assigns_curriculum_c
training_session_c,who_chooses_assigns_curriculum_c
training_session_c,who_will_be_implementing_c
training_session_feed,_fivetran_deleted
training_session_feed,_fivetran_synced
training_session_feed,best_comment_id
training_session_feed,body
training_session_feed,comment_count
training_session_feed,created_by_id
training_session_feed,created_date
training_session_feed,id
training_session_feed,inserted_by_id
training_session_feed,is_deleted
training_session_feed,is_rich_text
training_session_feed,last_modified_date
training_session_feed,like_count
training_session_feed,link_url
training_session_feed,network_scope
training_session_feed,parent_id
training_session_feed,related_record_id
training_session_feed,system_modstamp
training_session_feed,title
training_session_feed,type
training_session_feed,visibility
user,_fivetran_deleted
user,_fivetran_synced
user,about_me
user,account_id
user,alias
user,badge_text
user,banner_photo_url
user,call_center_id
user,city
user,codester_id_c
user,community_nickname
user,company_name
user,contact_id
user,country
user,country_code
user,created_by_id
user,created_date
user,default_group_notification_frequency
user,delegated_approver_id
user,department
user,digest_frequency
user,division
user,email
user,email_encoding_key
user,email_preferences_auto_bcc
user,email_preferences_auto_bcc_stay_in_touch
user,email_preferences_stay_in_touch_reminder
user,employee_number
user,end_day
user,extension
user,fax
user,federation_identifier
user,first_name
user,forecast_enabled
user,full_photo_url
user,geocode_accuracy
user,has_user_verified_email
user,has_user_verified_phone
user,id
user,individual_id
user,is_active
user,is_ext_indicator_visible
user,is_portal_enabled
user,is_profile_photo_active
user,language_locale_key
user,last_login_date
user,last_modified_by_id
user,last_modified_date
user,last_name
user,last_referenced_date
user,last_viewed_date
user,latitude
user,learning_com_territory_c
user,locale_sid_key
user,longitude
user,manager_id
user,medium_banner_photo_url
user,medium_photo_url
user,middle_name
user,mobile_phone
user,name
user,ns_id_c
user,offline_pda_trial_expiration_date
user,offline_trial_expiration_date
user,out_of_office_message
user,password_expiration_date
user,phone
user,portal_role
user,postal_code
user,profile_id
user,quota_c
user,receives_admin_info_emails
user,receives_info_emails
user,role_c
user,role_display_c
user,sales_engagement_beta_c
user,sales_quota_c
user,sbqq_default_product_lookup_tab_c
user,sbqq_diagnostic_tool_enabled_c
user,sbqq_output_format_change_allowed_c
user,sbqq_product_sort_preference_c
user,sbqq_reset_product_lookup_c
user,sbqq_theme_c
user,sender_email
user,sender_name
user,signature
user,small_banner_photo_url
user,small_photo_url
user,start_day
user,state
user,state_code
user,stay_in_touch_note
user,stay_in_touch_signature
user,stay_in_touch_subject
user,street
user,su_access_expiration_date
user,suffix
user,system_modstamp
user,time_zone_sid_key
user,title
user,type_c
user,user_permissions_avantgo_user
user,user_permissions_call_center_auto_login
user,user_permissions_interaction_user
user,user_permissions_knowledge_user
user,user_permissions_live_agent_user
user,user_permissions_marketing_user
user,user_permissions_offline_user
user,user_permissions_sfcontent_user
user,user_permissions_support_user
user,user_preferences_action_launcher_einstein_gpt_consent
user,user_preferences_activity_reminders_popup
user,user_preferences_apex_pages_developer_mode
user,user_preferences_assistive_actions_enabled_in_action_launcher
user,user_preferences_brelookup_table_welcome_mat
user,user_preferences_cache_diagnostics
user,user_preferences_content_email_as_and_when
user,user_preferences_content_no_email
user,user_preferences_create_lexapps_wtshown
user,user_preferences_dis_comment_after_like_email
user,user_preferences_dis_mentions_comment_email
user,user_preferences_dis_prof_post_comment_email
user,user_preferences_disable_all_feeds_email
user,user_preferences_disable_bookmark_email
user,user_preferences_disable_change_comment_email
user,user_preferences_disable_endorsement_email
user,user_preferences_disable_file_share_notifications_for_api
user,user_preferences_disable_followers_email
user,user_preferences_disable_later_comment_email
user,user_preferences_disable_like_email
user,user_preferences_disable_mentions_post_email
user,user_preferences_disable_message_email
user,user_preferences_disable_profile_post_email
user,user_preferences_disable_share_post_email
user,user_preferences_email_summarization_gpt_consent
user,user_preferences_enable_auto_sub_for_feeds
user,user_preferences_event_reminders_checkbox_default
user,user_preferences_exclude_mail_app_attachments
user,user_preferences_favorites_show_top_favorites
user,user_preferences_favorites_wtshown
user,user_preferences_global_nav_bar_wtshown
user,user_preferences_global_nav_grid_menu_wtshown
user,user_preferences_has_celebration_badge
user,user_preferences_has_sent_warning_email
user,user_preferences_has_sent_warning_email_238
user,user_preferences_has_sent_warning_email_240
user,user_preferences_hide_bigger_photo_callout
user,user_preferences_hide_browse_product_redirect_confirmation
user,user_preferences_hide_chatter_onboarding_splash
user,user_preferences_hide_csndesktop_task
user,user_preferences_hide_csnget_chatter_mobile_task
user,user_preferences_hide_end_user_onboarding_assistant_modal
user,user_preferences_hide_lightning_migration_modal
user,user_preferences_hide_online_sales_app_tab_visibility_requirements_modal
user,user_preferences_hide_online_sales_app_welcome_mat
user,user_preferences_hide_s_1_browser_ui
user,user_preferences_hide_second_chatter_onboarding_splash
user,user_preferences_hide_sfx_welcome_mat
user,user_preferences_lightning_experience_preferred
user,user_preferences_live_agent_miaw_setup_deflection
user,user_preferences_path_assistant_collapsed
user,user_preferences_preview_custom_theme
user,user_preferences_receive_no_notifications_as_approver
user,user_preferences_receive_notifications_as_delegated_approver
user,user_preferences_record_home_reserved_wtshown
user,user_preferences_record_home_section_collapse_wtshown
user,user_preferences_reminder_sound_off
user,user_preferences_reverse_open_activities_view
user,user_preferences_show_city_to_external_users
user,user_preferences_show_city_to_guest_users
user,user_preferences_show_country_to_external_users
user,user_preferences_show_country_to_guest_users
user,user_preferences_show_email_to_external_users
user,user_preferences_show_email_to_guest_users
user,user_preferences_show_fax_to_external_users
user,user_preferences_show_fax_to_guest_users
user,user_preferences_show_forecasting_change_signals
user,user_preferences_show_forecasting_rounded_amounts
user,user_preferences_show_manager_to_external_users
user,user_preferences_show_manager_to_guest_users
user,user_preferences_show_mobile_phone_to_external_users
user,user_preferences_show_mobile_phone_to_guest_users
user,user_preferences_show_postal_code_to_external_users
user,user_preferences_show_postal_code_to_guest_users
user,user_preferences_show_profile_pic_to_guest_users
user,user_preferences_show_state_to_external_users
user,user_preferences_show_state_to_guest_users
user,user_preferences_show_street_address_to_external_users
user,user_preferences_show_street_address_to_guest_users
user,user_preferences_show_title_to_external_users
user,user_preferences_show_title_to_guest_users
user,user_preferences_show_work_phone_to_external_users
user,user_preferences_show_work_phone_to_guest_users
user,user_preferences_sort_feed_by_comment
user,user_preferences_srhoverride_activities
user,user_preferences_suppress_event_sfxreminders
user,user_preferences_suppress_task_sfxreminders
user,user_preferences_task_reminders_checkbox_default
user,user_preferences_user_debug_mode_pref
user,user_role_id
user,user_type
user,username
user,x_2020_closed_won_c
user,x_2020_open_pipline_c
user_role,_fivetran_deleted
user_role,_fivetran_synced
user_role,case_access_for_account_owner
user_role,contact_access_for_account_owner
user_role,developer_name
user_role,forecast_user_id
user_role,id
user_role,last_modified_by_id
user_role,last_modified_date
user_role,may_forecast_manager_share
user_role,name
user_role,opportunity_access_for_account_owner
user_role,parent_role_id
user_role,portal_account_id
user_role,portal_account_owner_id
user_role,portal_role
user_role,portal_type
user_role,rollup_description
user_role,system_modstamp
