Salesforce Table,Salesforce Column,Fivetran Table,Fivetran Column,Column Similarity
account,account_dupe_management_id__c,account,account_dupe_management_id_c,1.0
account,account_grade__c,account,account_grade_c,1.0
account,account_id__c,account,account_id_c,1.0
account,account_last_activity_date__c,account,account_last_activity_date_c,1.0
account,account_lifecycle_stage__c,account,account_lifecycle_stage_c,1.0
account,account_management_type__c,account,account_management_type_c,1.0
account,account_manager__c,account,account_manager_c,1.0
account,accountemail__c,account,account_email_c,1.0
account,accountnumber,account,account_number,1.0
account,accountsource,account,account_source,1.0
account,act_id__c,account,act_id_c,1.0
account,active_principals__c,account,active_principals_c,1.0
account,actively_prospecting__c,account,actively_prospecting_c,1.0
account,activitymetricid,account,activity_metric_id,1.0
account,activitymetricrollupid,account,activity_metric_rollup_id,1.0
account,addressee_billing__c,account,addressee_billing_c,1.0
account,addressee_shipping__c,account,addressee_shipping_c,1.0
account,ae_or_isr__c,account,ae_or_isr_c,1.0
account,agile_duplicate_id__c,account,agile_duplicate_id_c,1.0
account,agile_id__c,account,agile_id_c,1.0
account,agile_lms__c,account,agile_lms_c,1.0
account,agileed__agileed_do_not_update__c,account,agileed_agileed_do_not_update_c,1.0
account,agileed__agileed_insert__c,account,agileed_agile_ed_insert_c,1.0
account,agileed__agileed_key__c,account,agileed_agile_ed_key_c,1.0
account,agileed__agileed_latest_update_date__c,account,agileed_agile_ed_latest_update_date_c,1.0
account,agileed__agileed_parent_key__c,account,agileed_agile_ed_parent_key_c,1.0
account,agileed__agileed_status__c,account,agileed_agile_ed_status_c,1.0
account,agileed__agileed_up_to_date__c,account,agileed_agile_ed_up_to_date_c,1.0
account,agileed__connectlink_changed_person_hierarchies__c,account,agileed_connect_link_changed_person_hierarchies_c,1.0
account,agileed__connectlink_changed_personnel_titles__c,account,agileed_connect_link_changed_personnel_titles_c,1.0
account,agileed__connectlink_district_key__c,account,agileed_connect_link_district_key_c,1.0
account,agileed__connectlink_do_not_update_hierarchy__c,account,agileed_connect_link_do_not_update_hierarchy_c,1.0
account,agileed__connectlink_file_type__c,account,agileed_connect_link_file_type_c,1.0
account,agileed__connectlink_hierarchized_personnel__c,account,agileed_connect_link_hierarchized_personnel_c,1.0
account,agileed__connectlink_inactivated_personnel_roles__c,account,agileed_connect_link_inactivated_personnel_roles_c,1.0
account,agileed__connectlink_licensed_status__c,account,agileed_connect_link_licensed_status_c,1.0
account,agileed__connectlink_metrics_run_start__c,account,agileed_connect_link_metrics_run_start_c,1.0
account,agileed__connectlink_new_personnel_roles__c,account,agileed_connect_link_new_personnel_roles_c,1.0
account,agileed__connectlink_personnel_roles__c,account,agileed_connect_link_personnel_roles_c,1.0
account,agileed__connectlink_personnel_titles__c,account,agileed_connect_link_personnel_titles_c,1.0
account,agileed__last_sync__c,account,agileed_last_sync_c,1.0
account,agileed__parent_pending__c,account,agileed_parent_pending_c,1.0
account,agileed__personnel_last_sync__c,account,agileed_personnel_last_sync_c,1.0
account,alt_phone__c,account,alt_phone_c,1.0
account,annualrevenue,account,annual_revenue,1.0
account,attn_billing__c,account,attn_billing_c,1.0
account,attn_shipping__c,account,attn_shipping_c,1.0
account,avg_days_to_pay__c,account,avg_days_to_pay_c,1.0
account,beginning_arr__c,account,beginning_arr_c,1.0
account,bulk_update_batch__c,account,bulk_update_batch_c,1.0
account,cares_act_allocation__c,account,cares_act_allocation_c,1.0
account,category__c,account,category_c,1.0
account,check_national_id__c,account,check_national_id_c,1.0
account,churn_date__c,account,churn_date_c,1.0
account,churned_opportunity_id__c,account,churned_opportunity_id_c,1.0
account,closed_district_tx_adoption__c,account,closed_district_tx_adoption_c,1.0
account,code_monkey_customer__c,account,code_monkey_customer_c,1.0
account,codester_customer_type__c,account,codester_customer_type_c,1.0
account,codesterid__c,account,codester_id_c,1.0
account,codesters__codesters_organization__c,account,codesters_codesters_organization_c,1.0
account,codesters__national_id__c,account,codesters_national_id_c,1.0
account,codesters__null_codesters_license__c,account,codesters_null_codesters_license_c,1.0
account,codesters_account_to_be_migrated_to_prod__c,account,codesters_account_to_be_migrated_to_prod_c,1.0
account,codesters_arr__c,account,codesters_arr_c,1.0
account,codesters_customer_2__c,account,codesters_customer_2_c,1.0
account,codesters_customer_dedupe_flag__c,account,codesters_customer_dedupe_flag_c,1.0
account,codesters_expansion_tam__c,account,codesters_expansion_tam_c,1.0
account,codesters_sfdc_id__c,account,codesters_sfdc_id_c,1.0
account,commissioner_of_ed__c,account,commissioner_of_ed_c,1.0
account,company_domain_name__c,account,company_domain_name_c,1.0
account,competitor_spend_since_2018__c,account,competitor_spend_since_2018_c,1.0
account,competitors_present__c,account,competitors_present_c,1.0
account,completed_onboarding__c,account,completed_onboarding_c,1.0
account,computer_os__c,account,computer_os_c,1.0
account,contracted_roll_up__c,account,contracted_roll_up_c,1.0
account,county_name__c,account,county_name_c,1.0
account,createdbyid,account,created_by_id,1.0
account,createddate,account,created_date,1.0
account,csm_email__c,account,csm_email_c,1.0
account,csm_id__c,account,csm_id_c,1.0
account,csm_name__c,account,csm_name_c,1.0
account,csm_phone_number__c,account,csm_phone_number_c,1.0
account,csm_strategy__c,account,csm_strategy_c,1.0
account,current_renewal_arr__c,account,current_renewal_arr_c,1.0
account,current_total_ultimate_parent__c,account,current_total_ultimate_parent_c,1.0
account,curriculum_sequence__c,account,curriculum_sequence_c,1.0
account,customer_health__c,account,customer_health_c,1.0
account,customer_health_score__c,account,customer_health_score_c,1.0
account,customer_level__c,account,customer_level_c,1.0
account,customer_level_override__c,account,customer_level_override_c,1.0
account,customer_objectives__c,account,customer_objectives_c,1.0
account,customer_stage__c,account,customer_stage_c,1.0
account,customer_type__c,account,customer_type_c,1.0
account,customersince__c,account,customer_since_c,1.0
account,data_quality_description__c,account,data_quality_description_c,1.0
account,data_quality_score__c,account,data_quality_score_c,1.0
account,deidentified_district__c,account,de_identified_district_c,1.0
account,delete_old_nces_unique_id__c,account,delete_old_nces_unique_id_c,1.0
account,description,account,description,1.0
account,detailed_grade__c,account,detailed_grade_c,1.0
account,digital_skills_playlist_url__c,account,digital_skills_playlist_url_c,1.0
account,district__c,account,district_c,1.0
account,district_easycode_tam__c,account,district_easy_code_tam_c,1.0
account,district_easytech_tam__c,account,district_easy_tech_tam_c,1.0
account,district_elementary_teachers__c,account,district_elementary_teachers_c,1.0
account,district_expansion_potential__c,account,district_expansion_potential_c,1.0
account,district_faculty_library_media_fte__c,account,district_faculty_library_media_fte_c,1.0
account,district_instructional_expenditures__c,account,district_instructional_expenditures_c,1.0
account,district_k_8_enrollment__c,account,district_k_8_enrollment_c,1.0
account,district_kindergarten_teachers__c,account,district_kindergarten_teachers_c,1.0
account,district_local_revenue_cities__c,account,district_local_revenue_cities_c,1.0
account,district_local_revenue_other_leas__c,account,district_local_revenue_other_leas_c,1.0
account,district_local_revenue_other_taxes__c,account,district_local_revenue_other_taxes_c,1.0
account,district_local_revenue_property_taxes__c,account,district_local_revenue_property_taxes_c,1.0
account,district_name_search__c,account,district_name_search_c,1.0
account,district_nces__c,account,district_nces_c,1.0
account,district_overview__c,account,district_overview_c,1.0
account,district_presence__c,account,district_presence_c,1.0
account,district_requirement__c,account,district_requirement_c,1.0
account,district_saturation__c,account,district_saturation_c,1.0
account,district_state_initiative__c,account,district_state_initiative_c,1.0
account,district_stem__c,account,district_stem_c,1.0
account,district_total_capital_outlay__c,account,district_total_capital_outlay_c,1.0
account,district_total_expenditures__c,account,district_total_expenditures_c,1.0
account,district_total_expense_per_student__c,account,district_total_expense_per_student_c,1.0
account,district_total_fed_revenue__c,account,district_total_fed_revenue_c,1.0
account,district_total_local_revenue__c,account,district_total_local_revenue_c,1.0
account,district_total_revenue__c,account,district_total_revenue_c,1.0
account,district_total_state_revenue__c,account,district_total_state_revenue_c,1.0
account,district_total_tam__c,account,district_total_tam_c,1.0
account,district_type__c,account,district_type_c,1.0
account,districtenrollment__c,account,district_enrollment_c,1.0
account,dq_opportunities__c,account,dq_opportunities_c,1.0
account,dummy_field__c,account,dummy_field_c,1.0
account,easycode_tam_6_8__c,account,easy_code_tam_6_8_c,1.0
account,easycode_tam_k_5__c,account,easy_code_tam_k_5_c,1.0
account,easytech_customer__c,account,easy_tech_customer_c,1.0
account,easytech_tam__c,account,easy_tech_tam_c,1.0
account,easytech_tam_captured__c,account,easy_tech_tam_captured_c,1.0
account,ec_tam__c,account,ec_tam_c,1.0
account,ed_services_owner__c,account,ed_services_owner_c,1.0
account,education_climate_index__c,account,education_climate_index_c,1.0
account,education_type__c,account,education_type_c,1.0
account,educational_environment__c,account,educational_environment_c,1.0
account,eighth_grade_enrollment__c,account,eighth_grade_enrollment_c,1.0
account,email_domain__c,account,email_domain_c,1.0
account,emo_cmo_id__c,account,emo_cmo_id_c,1.0
account,emo_cmo_name__c,account,emo_cmo_name_c,1.0
account,end_date__c,account,end_date_c,1.0
account,enrollment_advanced_placement__c,account,enrollment_advanced_placement_c,1.0
account,enrollment_band__c,account,enrollment_band_c,1.0
account,enrollment_tier__c,account,enrollment_tier_c,1.0
account,esser_funding__c,account,esser_funding_c,1.0
account,et_tam__c,account,et_tam_c,1.0
account,exes_campaign__c,account,exes_campaign_c,1.0
account,expired_renewal__c,account,expired_renewal_c,1.0
account,facilitator_s__c,account,facilitator_s_c,1.0
account,fax,account,fax,1.0
account,fifth_grade_enrollment__c,account,fifth_grade_enrollment_c,1.0
account,first_contact__c,account,first_contact_c,1.0
account,first_grade_enrollment__c,account,first_grade_enrollment_c,1.0
account,first_name__c,account,first_name_c,1.0
account,fiscal_career_and_tech_federal__c,account,fiscal_career_and_tech_federal_c,1.0
account,fiscal_career_and_tech_state__c,account,fiscal_career_and_tech_state_c,1.0
account,fiscal_career_and_tech_teacher_salar__c,account,fiscal_career_and_tech_teacher_salar_c,1.0
account,fiscal_title_i_eligible_school__c,account,fiscal_title_i_eligible_school_c,1.0
account,fiscal_title_i_funding__c,account,fiscal_title_i_funding_c,1.0
account,fiscal_title_i_percentage__c,account,fiscal_title_i_percentage_c,1.0
account,fiscal_title_i_school__c,account,fiscal_title_i_school_c,1.0
account,fiscal_title_i_school_yes_no__c,account,fiscal_title_i_school_yes_no_c,1.0
account,fiscal_title_i_schoolwide__c,account,fiscal_title_i_schoolwide_c,1.0
account,fiscal_title_i_schoolwide_yes_no__c,account,fiscal_title_i_schoolwide_yes_no_c,1.0
account,fiscal_title_i_status_text__c,account,fiscal_title_i_status_text_c,1.0
account,free_lunch_students__c,account,free_lunch_students_c,1.0
account,free_reduced_lunch__c,account,free_reduced_lunch_c,1.0
account,future_ready__c,account,future_ready_c,1.0
account,gainsight_customer__c,account,gainsight_customer_c,1.0
account,gainsight_house__c,account,gainsight_house_c,1.0
account,gainsight_recommended_strategy__c,account,gainsight_recommended_strategy_c,1.0
account,gainsight_status__c,account,gainsight_status_c,1.0
account,gong__gong_count__c,account,gong_gong_count_c,1.0
account,google_integration__c,account,google_integration_c,1.0
account,governor__c,account,governor_c,1.0
account,governor_s_party_affiliation__c,account,governor_s_party_affiliation_c,1.0
account,grade_level__c,account,grade_level_c,1.0
account,grade_level_detail__c,account,grade_level_detail_c,1.0
account,grade_levels__c,account,grade_levels_c,1.0
account,grade_range__c,account,grade_range_c,1.0
account,gsid__c,account,gsid_c,1.0
account,has_codesters_child_accounts__c,account,has_codesters_child_accounts_c,1.0
account,hi_speed_classroom_internet__c,account,hi_speed_classroom_internet_c,1.0
account,hi_speed_internet__c,account,hi_speed_internet_c,1.0
account,hml_title_i_funding__c,account,hml_title_i_funding_c,1.0
account,hml_title_i_per_student__c,account,hml_title_i_per_student_c,1.0
account,home_income_level__c,account,home_income_level_c,1.0
account,house_account__c,account,house_account_c,1.0
account,id,account,id,1.0
account,ima_coordinator__c,account,ima_coordinator_c,1.0
account,ima_coordinator_identified__c,account,ima_coordinator_identified_c,1.0
account,implementation_focus_area__c,account,implementation_focus_area_c,1.0
account,implementation_role_s__c,account,implementation_role_s_c,1.0
account,implementation_summary__c,account,implementation_summary_c,1.0
account,implementation_type__c,account,implementation_type_c,1.0
account,industry,account,industry,1.0
account,instructional_leader__c,account,instructional_leader_c,1.0
account,instuid__c,account,inst_uid_c,1.0
account,international_reseller__c,account,international_reseller_c,1.0
account,ipad_schools_percent__c,account,i_pad_schools_percent_c,1.0
account,ipads_for_instruction__c,account,i_pads_for_instruction_c,1.0
account,is_is_current_user__c,account,is_is_current_user_c,1.0
account,isdeleted,account,is_deleted,1.0
account,ispriorityrecord,account,is_priority_record,1.0
account,jigsaw,account,jigsaw,1.0
account,jigsawcompanyid,account,jigsaw_company_id,1.0
account,k_12_enrollment__c,account,k_12_enrollment_c,1.0
account,k_5_enrollment__c,account,k_5_enrollment_c,1.0
account,k_8_district_presence__c,account,k_8_district_presence_c,1.0
account,k_8_enrollment__c,account,k_8_enrollment_c,1.0
account,key_account__c,account,key_account_c,1.0
account,key_state_leaders__c,account,key_state_leaders_c,1.0
account,kindergarten_enrollment__c,account,kindergarten_enrollment_c,1.0
account,known_duplicate__c,account,known_duplicate_c,1.0
account,last_activity_logged_on__c,account,last_activity_logged_on_c,1.0
account,last_name__c,account,last_name_c,1.0
account,lastactivitydate,account,last_activity_date,1.0
account,lastmodifiedbyid,account,last_modified_by_id,1.0
account,lastmodifieddate,account,last_modified_date,1.0
account,lastreferenceddate,account,last_referenced_date,1.0
account,lastvieweddate,account,last_viewed_date,1.0
account,lcom_account__c,account,lcom_account_c,1.0
account,lcom_account_class__c,account,lcom_account_class_c,1.0
account,lcom_account_count__c,account,lcom_account_count_c,1.0
account,lcom_organization__c,account,lcom_organization_c,1.0
account,lcom_organization_count__c,account,lcom_organization_count_c,1.0
account,lcom_organization_district__c,account,lcom_organization_district_c,1.0
account,lcom_organization_has_parent__c,account,lcom_organization_has_parent_c,1.0
account,learndash_code__c,account,learn_dash_code_c,1.0
account,learndash_code_sent__c,account,learn_dash_code_sent_c,1.0
account,learningsbxid__c,account,learning_sbxid_c,1.0
account,les_opp__c,account,les_opp_c,1.0
account,license_consumption__c,account,license_consumption_c,1.0
account,licenses_consumed__c,account,licenses_consumed_c,1.0
account,licenses_provisioned__c,account,licenses_provisioned_c,1.0
account,lifecycle_stage__c,account,lifecycle_stage_c,1.0
account,lms__c,account,lms_c,1.0
account,map_tracker__c,account,map_tracker_c,1.0
account,masterrecordid,account,master_record_id,1.0
account,mdr_number__c,account,mdr_number_c,1.0
account,measures_of_success__c,account,measures_of_success_c,1.0
account,mi_pilot__c,account,mi_pilot_c,1.0
account,migrationtool__c,account,migration_tool_c,1.0
account,multi_tiered_account__c,account,multi_tiered_account_c,1.0
account,name,account,name,1.0
account,name_with_lcom_organization_info__c,account,name_with_lcom_organization_info_c,1.0
account,national_district_id__c,account,national_district_id_c,1.0
account,national_school_id__c,account,national_school_id_c,1.0
account,nc_campaign_owner__c,account,nc_campaign_owner_c,1.0
account,nc_tier_1__c,account,nc_tier_1_c,1.0
account,nces_lea_id__c,account,nces_lea_id_c,1.0
account,nces_unique_id__c,account,nces_unique_id_c,1.0
account,nces_unique_id_for_dedupe__c,account,nces_unique_id_for_dedupe_c,1.0
account,netsuite_account_number__c,account,netsuite_account_number_c,1.0
account,netsuite_id__c,account,net_suite_id_c,1.0
account,netsuite_link__c,account,net_suite_link_c,1.0
account,next_renewal_date__c,account,next_renewal_date_c,1.0
account,no_of_child_account__c,account,no_of_child_account_c,1.0
account,nps_count__c,account,nps_count_c,1.0
account,nps_score__c,account,nps_score_c,1.0
account,nps_sum__c,account,nps_sum_c,1.0
account,num_opps__c,account,num_opps_c,1.0
account,number_of_2020_opps__c,account,number_of_2020_opps_c,1.0
account,number_of_active_codemonkey_subscription__c,account,number_of_active_code_monkey_subscription_c,1.0
account,number_of_active_codesters_subscriptions__c,account,number_of_active_codesters_subscriptions_c,1.0
account,number_of_active_easytech_subscriptions__c,account,number_of_active_easy_tech_subscriptions_c,1.0
account,number_of_active_vidcode_subscriptions__c,account,number_of_active_vidcode_subscriptions_c,1.0
account,number_of_child_customers__c,account,number_of_child_customers_c,1.0
account,number_of_elementary_schools__c,account,number_of_elementary_schools_c,1.0
account,number_of_high_schools__c,account,number_of_high_schools_c,1.0
account,number_of_k_8_buildings__c,account,number_of_k_8_buildings_c,1.0
account,number_of_middle_schools__c,account,number_of_middle_schools_c,1.0
account,number_of_open_opportunities__c,account,number_of_open_opportunities_c,1.0
account,number_of_open_opps__c,account,number_of_open_opps_c,1.0
account,number_of_page_views__c,account,number_of_page_views_c,1.0
account,number_of_renewal_opps__c,account,number_of_renewal_opps_c,1.0
account,number_of_schools__c,account,number_of_schools_c,1.0
account,number_of_sessions__c,account,number_of_sessions_c,1.0
account,number_of_students__c,account,number_of_students_c,1.0
account,number_of_title_i_schools__c,account,number_of_title_i_schools_c,1.0
account,number_of_won_renewal_opportunities__c,account,number_of_won_renewal_opportunities_c,1.0
account,numberofemployees,account,number_of_employees,1.0
account,nyc_school_id__c,account,nyc_school_id_c,1.0
account,of_opps_at_renewal_identified__c,account,of_opps_at_renewal_identified_c,1.0
account,onboarding_date__c,account,onboarding_date_c,1.0
account,open_opportunity_amount__c,account,open_opportunity_amount_c,1.0
account,open_renewal_opportunities__c,account,open_renewal_opportunities_c,1.0
account,org_type__c,account,org_type_c,1.0
account,otc_provisioned__c,account,otc_provisioned_c,1.0
account,otc_provisioned_date__c,account,otc_provisioned_date_c,1.0
account,overall_plan_description__c,account,overall_plan_description_c,1.0
account,owner__c,account,owner_c,1.0
account,owner_id__c,account,owner_id_c,1.0
account,owner_name_text__c,account,owner_name_text_c,1.0
account,ownerid,account,owner_id,1.0
account,ownership,account,ownership,1.0
account,parent_account_owner__c,account,parent_account_owner_c,1.0
account,parent_and_child_match__c,account,parent_and_child_match_c,1.0
account,parent_churned__c,account,parent_churned_c,1.0
account,parent_et_tam__c,account,parent_et_tam_c,1.0
account,parent_gsid__c,account,parent_gsid_c,1.0
account,parent_long_name__c,account,parent_long_name_c,1.0
account,parent_mdr__c,account,parent_mdr_c,1.0
account,parent_name__c,account,parent_name_c,1.0
account,parent_name_proper_case__c,account,parent_name_proper_case_c,1.0
account,parent_owner_id__c,account,parent_owner_id_c,1.0
account,parent_uid__c,account,parent_uid_c,1.0
account,parentid,account,parent_id,1.0
account,pct_afro_amer__c,account,pct_afro_amer_c,1.0
account,pct_asian__c,account,pct_asian_c,1.0
account,pct_hisp__c,account,pct_hisp_c,1.0
account,pct_multi_racial__c,account,pct_multi_racial_c,1.0
account,pct_native__c,account,pct_native_c,1.0
account,pct_pacific__c,account,pct_pacific_c,1.0
account,pct_white__c,account,pct_white_c,1.0
account,pd_training__c,account,pd_training_c,1.0
account,per_student_expenditures__c,account,per_student_expenditures_c,1.0
account,percent_students_ell__c,account,percent_students_ell_c,1.0
account,percent_students_iep__c,account,percent_students_iep_c,1.0
account,phone,account,phone,1.0
account,photourl,account,photo_url,1.0
account,platform_district_name__c,account,platform_district_name_c,1.0
account,platform_name2__c,account,platform_name_2_c,1.0
account,platform_name__c,account,platform_name_c,1.0
account,platform_school_district_id__c,account,platform_school_district_id_c,1.0
account,platform_school_id__c,account,platform_school_id_c,1.0
account,platform_sync__c,account,platform_sync_c,1.0
account,po1__c,account,po_1_c,1.0
account,portal_password__c,account,portal_password_c,1.0
account,portal_url__c,account,portal_url_c,1.0
account,portal_username__c,account,portal_username_c,1.0
account,poverty_percent_under_age_18__c,account,poverty_percent_under_age_18_c,1.0
account,pre_k_enrollment__c,account,pre_k_enrollment_c,1.0
account,previous_meetings_in_district__c,account,previous_meetings_in_district_c,1.0
account,primary_lms__c,account,primary_lms_c,1.0
account,priority_account__c,account,priority_account_c,1.0
account,promotion_awareness_plan__c,account,promotion_awareness_plan_c,1.0
account,prospecting_ended__c,account,prospecting_ended_c,1.0
account,prospecting_started__c,account,prospecting_started_c,1.0
account,prospecting_status__c,account,prospecting_status_c,1.0
account,provisioned_buildings__c,account,provisioned_buildings_c,1.0
account,rating,account,rating,1.0
account,record_type__c,account,record_type_c,1.0
account,reduced_lunch_student__c,account,reduced_lunch_student_c,1.0
account,reference_accounts__c,account,reference_accounts_c,1.0
account,referencecustomer__c,account,reference_customer_c,1.0
account,related__c,account,related_c,1.0
account,related_activity__c,account,related_activity_c,1.0
account,renewal_forecast_segment__c,account,renewal_forecast_segment_c,1.0
account,resa_name__c,account,resa_name_c,1.0
account,resa_name_proper__c,account,resa_name_proper_c,1.0
account,resa_uid__c,account,resa_uid_c,1.0
account,reseller__c,account,reseller_c,1.0
account,rpm_owner__c,account,rpm_owner_c,1.0
account,rpm_user_id__c,account,rpm_user_id_c,1.0
account,sales_owner_field__c,account,sales_owner_field_c,1.0
account,sales_support_rep__c,account,sales_support_rep_c,1.0
account,sbqq__assetquantitiescombined__c,account,sbqq_asset_quantities_combined_c,1.0
account,sbqq__contractcotermination__c,account,sbqq_contract_co_termination_c,1.0
account,sbqq__cotermedcontractscombined__c,account,sbqq_co_termed_contracts_combined_c,1.0
account,sbqq__coterminationevent__c,account,sbqq_co_termination_event_c,1.0
account,sbqq__defaultopportunity__c,account,sbqq_default_opportunity_c,1.0
account,sbqq__ignoreparentcontractedprices__c,account,sbqq_ignore_parent_contracted_prices_c,1.0
account,sbqq__preservebundle__c,account,sbqq_preserve_bundle_c,1.0
account,sbqq__priceholdend__c,account,sbqq_price_hold_end_c,1.0
account,sbqq__renewalmodel__c,account,sbqq_renewal_model_c,1.0
account,sbqq__renewalpricingmethod__c,account,sbqq_renewal_pricing_method_c,1.0
account,sbqq__taxexempt__c,account,sbqq_tax_exempt_c,1.0
account,school_enrollment__c,account,school_enrollment_c,1.0
account,school_funding_type__c,account,school_funding_type_c,1.0
account,school_id__c,account,school_id_c,1.0
account,school_type__c,account,school_type_c,1.0
account,school_year_end__c,account,school_year_end_c,1.0
account,school_year_start__c,account,school_year_start_c,1.0
account,schools_in_district__c,account,schools_in_district_c,1.0
account,sdr_owner__c,account,sdr_owner_c,1.0
account,sf_test__c,account,sf_test_c,1.0
account,sic,account,sic,1.0
account,sicdesc,account,sic_desc,1.0
account,sis_system__c,account,sis_system_c,1.0
account,site,account,site,1.0
account,sourcesystemidentifier,account,source_system_identifier,1.0
account,standard_curriculum__c,account,standard_curriculum_c,1.0
account,standardized_curriculum__c,account,standardized_curriculum_c,1.0
account,start_date__c,account,start_date_c,1.0
account,state_eligible_or_initiative__c,account,state_eligible_or_initiative_c,1.0
account,state_initiative__c,account,state_initiative_c,1.0
account,state_profile__c,account,state_profile_c,1.0
account,state_program_eligible__c,account,state_program_eligible_c,1.0
account,student_information_system_sis__c,account,student_information_system_sis_c,1.0
account,student_tam__c,account,student_tam_c,1.0
account,support_level__c,account,support_level_c,1.0
account,sync__c,account,sync_c,1.0
account,sync_district__c,account,sync_district_c,1.0
account,sync_method__c,account,sync_method_c,1.0
account,sync_update__c,account,sync_update_c,1.0
account,syncing_district__c,account,syncing_district_c,1.0
account,systemmodstamp,account,system_modstamp,1.0
account,target_account__c,account,target_account_c,1.0
account,target_level__c,account,target_level_c,1.0
account,teachers_in_building__c,account,teachers_in_building_c,1.0
account,technology_equipment__c,account,technology_equipment_c,1.0
account,technology_index__c,account,technology_index_c,1.0
account,technology_measure__c,account,technology_measure_c,1.0
account,technology_supplies_and_purchases__c,account,technology_supplies_and_purchases_c,1.0
account,technology_used__c,account,technology_used_c,1.0
account,territory__c,account,territory_c,1.0
account,territory_list__c,account,territory_list_c,1.0
account,territory_reassignment_2024__c,account,territory_reassignment_2024_c,1.0
account,test_account__c,account,test_account_c,1.0
account,texas_education_service_centers__c,account,texas_education_service_centers_c,1.0
account,texas_regional_esc__c,account,texas_regional_esc_c,1.0
account,tickersymbol,account,ticker_symbol,1.0
account,tieredservicelevel__c,account,tiered_service_level_c,1.0
account,time_zone__c,account,time_zone_c,1.0
account,time_zone_raw__c,account,time_zone_raw_c,1.0
account,time_zone_transformed__c,account,time_zone_transformed_c,1.0
account,title_iv_funding_21st_century_grants__c,account,title_iv_funding_21_st_century_grants_c,1.0
account,title_iv_funding_student_support__c,account,title_iv_funding_student_support_c,1.0
account,top_75_account__c,account,top_75_account_c,1.0
account,total_launches__c,account,total_launches_c,1.0
account,total_no_of_training_sessions__c,account,total_no_of_training_sessions_c,1.0
account,total_number_of_schools__c,account,total_number_of_schools_c,1.0
account,total_renewal_arr__c,account,total_renewal_arr_c,1.0
account,totalcreditspurchased__c,account,total_credits_purchased_c,1.0
account,trend_district_revenue__c,account,trend_district_revenue_c,1.0
account,trend_enrollment__c,account,trend_enrollment_c,1.0
account,trend_federal_revenue__c,account,trend_federal_revenue_c,1.0
account,trend_instructional_expenditures__c,account,trend_instructional_expenditures_c,1.0
account,trend_local_revenue__c,account,trend_local_revenue_c,1.0
account,trend_state_revenue__c,account,trend_state_revenue_c,1.0
account,trend_title_i_revenue__c,account,trend_title_i_revenue_c,1.0
account,tx_proc_2024_activities__c,account,tx_proc_2024_activities_c,1.0
account,type,account,type,1.0
account,ultimate_account_lifecycle_stage__c,account,ultimate_account_lifecycle_stage_c,1.0
account,ultimate_account_owner__c,account,ultimate_account_owner_c,1.0
account,ultimate_parent_account__c,account,ultimate_parent_account_c,1.0
account,ultimate_parent_billing_state__c,account,ultimate_parent_billing_state_c,1.0
account,ultimate_parent_total_renewal_arr_2__c,account,ultimate_parent_total_renewal_arr_2_c,1.0
account,ultimateparentid__c,account,ultimate_parent_id_c,1.0
account,urban_rural__c,account,urban_rural_c,1.0
account,user_is_nc_owner__c,account,user_is_nc_owner_c,1.0
account,userid__c,account,userid_c,1.0
account,vidcode_arr__c,account,vidcode_arr_c,1.0
account,vidcode_customer_2__c,account,vidcode_customer_2_c,1.0
account,vidcode_org_id__c,account,vidcode_org_id_c,1.0
account,vidcode_sfdc_id__c,account,vidcode_sfdc_id_c,1.0
account,virtual_school__c,account,virtual_school_c,1.0
account,virtual_status_text__c,account,virtual_status_text_c,1.0
account,website,account,website,1.0
account,x10th_grade_enrollment__c,account,x_10_th_grade_enrollment_c,1.0
account,x11th_grade_enrollment__c,account,x_11_th_grade_enrollment_c,1.0
account,x12th_grade_enrollment__c,account,x_12_th_grade_enrollment_c,1.0
account,x18_digit_parent_account__c,account,x_18_digit_parent_account_c,1.0
account,x18_digit_sfdc_account_id__c,account,x_18_digit_sfdc_account_id_c,1.0
account,x18_digit_ultimate_parent_account_id__c,account,x_18_digit_ultimate_parent_account_id_c,1.0
account,x1_1__c,account,x_1_1_c,1.0
account,x1_1_computing__c,account,x_1_1_computing_c,1.0
account,x2020_nc_campaign_status__c,account,x_2020_nc_campaign_status_c,1.0
account,x2020_service_purchased__c,account,x_2020_service_purchased_c,1.0
account,x2020_training_utilized__c,account,x_2020_training_utilized_c,1.0
account,x21csa_eol__c,account,x_21_csa_eol_c,1.0
account,x21st_century_school_grant__c,account,x_21_st_century_school_grant_c,1.0
account,x2nd_grade_enrollment__c,account,x_2_nd_grade_enrollment_c,1.0
account,x3plms__c,account,x_3_plms_c,1.0
account,x3rd_grade_enrollment__c,account,x_3_rd_grade_enrollment_c,1.0
account,x4th_grade_enrollment__c,account,x_4_th_grade_enrollment_c,1.0
account,x6th_grade_enrollment__c,account,x_6_th_grade_enrollment_c,1.0
account,x7th_grade_enrollment__c,account,x_7_th_grade_enrollment_c,1.0
account,x9th_grade_enrollment__c,account,x_9_th_grade_enrollment_c,1.0
account,zendesk_domain__c,account,zendesk_domain_c,1.0
account,zendesk_id__c,account,zendesk_id_c,1.0
agileed__fieldmapping__c,agileed__data_type__c,agileed_fieldmapping_c,agileed_data_type_c,1.0
agileed__fieldmapping__c,agileed__field_api_name__c,agileed_fieldmapping_c,agileed_field_api_name_c,1.0
agileed__fieldmapping__c,agileed__prefer__c,agileed_fieldmapping_c,agileed_prefer_c,1.0
agileed__fieldmapping__c,agileed__sobject__c,agileed_fieldmapping_c,agileed_s_object_c,1.0
agileed__fieldmapping__c,agileed__sobject_field_name__c,agileed_fieldmapping_c,agileed_s_object_field_name_c,1.0
agileed__fieldmapping__c,createdbyid,agileed_fieldmapping_c,created_by_id,1.0
agileed__fieldmapping__c,createddate,agileed_fieldmapping_c,created_date,1.0
agileed__fieldmapping__c,id,agileed_fieldmapping_c,id,1.0
agileed__fieldmapping__c,isdeleted,agileed_fieldmapping_c,is_deleted,1.0
agileed__fieldmapping__c,lastmodifiedbyid,agileed_fieldmapping_c,last_modified_by_id,1.0
agileed__fieldmapping__c,lastmodifieddate,agileed_fieldmapping_c,last_modified_date,1.0
agileed__fieldmapping__c,name,agileed_fieldmapping_c,name,1.0
agileed__fieldmapping__c,setupownerid,agileed_fieldmapping_c,setup_owner_id,1.0
agileed__fieldmapping__c,systemmodstamp,agileed_fieldmapping_c,system_modstamp,1.0
business_ops_request__c,account__c,business_ops_request_c,account_c,1.0
business_ops_request__c,assigned_to__c,business_ops_request_c,assigned_to_c,1.0
business_ops_request__c,assigned_to_email__c,business_ops_request_c,assigned_to_email_c,1.0
business_ops_request__c,change_performed__c,business_ops_request_c,change_performed_c,1.0
business_ops_request__c,close_date__c,business_ops_request_c,close_date_c,1.0
business_ops_request__c,createdbyid,business_ops_request_c,created_by_id,1.0
business_ops_request__c,createddate,business_ops_request_c,created_date,1.0
business_ops_request__c,deal_document_stage__c,business_ops_request_c,deal_document_stage_c,1.0
business_ops_request__c,description__c,business_ops_request_c,description_c,1.0
business_ops_request__c,description_text__c,business_ops_request_c,description_text_c,1.0
business_ops_request__c,due_date__c,business_ops_request_c,due_date_c,1.0
business_ops_request__c,est_effort_hrs__c,business_ops_request_c,est_effort_hrs_c,1.0
business_ops_request__c,id,business_ops_request_c,id,1.0
business_ops_request__c,if_other_please_specify__c,business_ops_request_c,if_other_please_specify_c,1.0
business_ops_request__c,impact_on_customers__c,business_ops_request_c,impact_on_customers_c,1.0
business_ops_request__c,impact_on_job_function__c,business_ops_request_c,impact_on_job_function_c,1.0
business_ops_request__c,impact_on_learning_com__c,business_ops_request_c,impact_on_learning_com_c,1.0
business_ops_request__c,impact_on_revenue__c,business_ops_request_c,impact_on_revenue_c,1.0
business_ops_request__c,impact_on_team__c,business_ops_request_c,impact_on_team_c,1.0
business_ops_request__c,impacted_flow__c,business_ops_request_c,impacted_flow_c,1.0
business_ops_request__c,iscurrent__c,business_ops_request_c,is_current_c,1.0
business_ops_request__c,isdeleted,business_ops_request_c,is_deleted,1.0
business_ops_request__c,jira_ticket__c,business_ops_request_c,jira_ticket_c,1.0
business_ops_request__c,lastactivitydate,business_ops_request_c,last_activity_date,1.0
business_ops_request__c,lastmodifiedbyid,business_ops_request_c,last_modified_by_id,1.0
business_ops_request__c,lastmodifieddate,business_ops_request_c,last_modified_date,1.0
business_ops_request__c,lastreferenceddate,business_ops_request_c,last_referenced_date,1.0
business_ops_request__c,lastvieweddate,business_ops_request_c,last_viewed_date,1.0
business_ops_request__c,name,business_ops_request_c,name,1.0
business_ops_request__c,opportunity__c,business_ops_request_c,opportunity_c,1.0
business_ops_request__c,ownerid,business_ops_request_c,owner_id,1.0
business_ops_request__c,primary_object__c,business_ops_request_c,primary_object_c,1.0
business_ops_request__c,priority__c,business_ops_request_c,priority_c,1.0
business_ops_request__c,project__c,business_ops_request_c,project_c,1.0
business_ops_request__c,project_sub_type__c,business_ops_request_c,project_sub_type_c,1.0
business_ops_request__c,quote__c,business_ops_request_c,quote_c,1.0
business_ops_request__c,request_type__c,business_ops_request_c,request_type_c,1.0
business_ops_request__c,requestor__c,business_ops_request_c,requestor_c,1.0
business_ops_request__c,resolution__c,business_ops_request_c,resolution_c,1.0
business_ops_request__c,severity__c,business_ops_request_c,severity_c,1.0
business_ops_request__c,status__c,business_ops_request_c,status_c,1.0
business_ops_request__c,subject__c,business_ops_request_c,subject_c,1.0
business_ops_request__c,system__c,business_ops_request_c,system_c,1.0
business_ops_request__c,systemmodstamp,business_ops_request_c,system_modstamp,1.0
business_ops_request__c,uploaded_to_sfdc_and_sharepoint__c,business_ops_request_c,uploaded_to_sfdc_and_sharepoint_c,1.0
campaign,account_executive__c,campaign,account_executive_c,1.0
campaign,actualcost,campaign,actual_cost,1.0
campaign,amountallopportunities,campaign,amount_all_opportunities,1.0
campaign,amountwonopportunities,campaign,amount_won_opportunities,1.0
campaign,available_for_sales_selection__c,campaign,available_for_sales_selection_c,1.0
campaign,budgetedcost,campaign,budgeted_cost,1.0
campaign,campaignmemberrecordtypeid,campaign,campaign_member_record_type_id,1.0
campaign,codesters__codesters_campaign__c,campaign,codesters_codesters_campaign_c,1.0
campaign,codesters__codesters_is_active__c,campaign,codesters_codesters_is_active_c,1.0
campaign,codesters__codesters_page_title__c,campaign,codesters_codesters_page_title_c,1.0
campaign,codesters__codesters_token__c,campaign,codesters_codesters_token_c,1.0
campaign,codesters__license_classroom_name__c,campaign,codesters_license_classroom_name_c,1.0
campaign,codesters__license_days__c,campaign,codesters_license_days_c,1.0
campaign,codesters__license_end_date__c,campaign,codesters_license_end_date_c,1.0
campaign,codesters__license_seats__c,campaign,codesters_license_seats_c,1.0
campaign,codesters__license_start_date__c,campaign,codesters_license_start_date_c,1.0
campaign,codesters__license_suite__c,campaign,codesters_license_suite_c,1.0
campaign,codesters__limited_access__c,campaign,codesters_limited_access_c,1.0
campaign,codesters__linked__c,campaign,codesters_linked_c,1.0
campaign,codesters__opportunity_amount__c,campaign,codesters_opportunity_amount_c,1.0
campaign,codesters__opportunity_close_date__c,campaign,codesters_opportunity_close_date_c,1.0
campaign,codesters__opportunity_name_extension__c,campaign,codesters_opportunity_name_extension_c,1.0
campaign,codesters__pd_class_key__c,campaign,codesters_pd_class_key_c,1.0
campaign,codesters__synced__c,campaign,codesters_synced_c,1.0
campaign,codesters__use_license_flow__c,campaign,codesters_use_license_flow_c,1.0
campaign,codesters__utm_campaign__c,campaign,codesters_utm_campaign_c,1.0
campaign,codesters__utm_medium__c,campaign,codesters_utm_medium_c,1.0
campaign,codesters__utm_source__c,campaign,codesters_utm_source_c,1.0
campaign,codestersid__c,campaign,codesters_id_c,1.0
campaign,createdbyid,campaign,created_by_id,1.0
campaign,createddate,campaign,created_date,1.0
campaign,data_quality_description__c,campaign,data_quality_description_c,1.0
campaign,data_quality_score__c,campaign,data_quality_score_c,1.0
campaign,db_campaign_tactic__c,campaign,db_campaign_tactic_c,1.0
campaign,description,campaign,description,1.0
campaign,enddate,campaign,end_date,1.0
campaign,expectedresponse,campaign,expected_response,1.0
campaign,expectedrevenue,campaign,expected_revenue,1.0
campaign,hierarchyactualcost,campaign,hierarchy_actual_cost,1.0
campaign,hierarchyamountallopportunities,campaign,hierarchy_amount_all_opportunities,1.0
campaign,hierarchyamountwonopportunities,campaign,hierarchy_amount_won_opportunities,1.0
campaign,hierarchybudgetedcost,campaign,hierarchy_budgeted_cost,1.0
campaign,hierarchyexpectedrevenue,campaign,hierarchy_expected_revenue,1.0
campaign,hierarchynumberofcontacts,campaign,hierarchy_number_of_contacts,1.0
campaign,hierarchynumberofconvertedleads,campaign,hierarchy_number_of_converted_leads,1.0
campaign,hierarchynumberofleads,campaign,hierarchy_number_of_leads,1.0
campaign,hierarchynumberofopportunities,campaign,hierarchy_number_of_opportunities,1.0
campaign,hierarchynumberofresponses,campaign,hierarchy_number_of_responses,1.0
campaign,hierarchynumberofwonopportunities,campaign,hierarchy_number_of_won_opportunities,1.0
campaign,hierarchynumbersent,campaign,hierarchy_number_sent,1.0
campaign,id,campaign,id,1.0
campaign,isactive,campaign,is_active,1.0
campaign,isdeleted,campaign,is_deleted,1.0
campaign,lastactivitydate,campaign,last_activity_date,1.0
campaign,lastmodifiedbyid,campaign,last_modified_by_id,1.0
campaign,lastmodifieddate,campaign,last_modified_date,1.0
campaign,lastreferenceddate,campaign,last_referenced_date,1.0
campaign,lastvieweddate,campaign,last_viewed_date,1.0
campaign,learningsbxid__c,campaign,learning_sbxid_c,1.0
campaign,name,campaign,name,1.0
campaign,numberofcontacts,campaign,number_of_contacts,1.0
campaign,numberofconvertedleads,campaign,number_of_converted_leads,1.0
campaign,numberofleads,campaign,number_of_leads,1.0
campaign,numberofopportunities,campaign,number_of_opportunities,1.0
campaign,numberofresponses,campaign,number_of_responses,1.0
campaign,numberofwonopportunities,campaign,number_of_won_opportunities,1.0
campaign,numbersent,campaign,number_sent,1.0
campaign,ownerid,campaign,owner_id,1.0
campaign,parentid,campaign,parent_id,1.0
campaign,pipe_bucket__c,campaign,pipe_bucket_c,1.0
campaign,startdate,campaign,start_date,1.0
campaign,status,campaign,status,1.0
campaign,systemmodstamp,campaign,system_modstamp,1.0
campaign,type,campaign,type,1.0
campaign,vidcode_org_id__c,campaign,vidcode_org_id_c,1.0
campaign,webinar_id__c,campaign,webinar_id_c,1.0
case,account_owner__c,case,account_owner_c,1.0
case,account_owner_email__c,case,account_owner_email_c,1.0
case,accountid,case,account_id,1.0
case,already_closed__c,case,already_closed_c,1.0
case,assetid,case,asset_id,1.0
case,bad__c,case,bad_c,1.0
case,businesshoursid,case,business_hours_id,1.0
case,case_auto_close_warning_sent__c,case,case_auto_close_warning_sent_c,1.0
case,case_auto_closed__c,case,case_auto_closed_c,1.0
case,case_closed_month__c,case,case_closed_month_c,1.0
case,case_closed_year__c,case,case_closed_year_c,1.0
case,case_created_hour__c,case,case_created_hour_c,1.0
case,case_open_month__c,case,case_open_month_c,1.0
case,case_open_year__c,case,case_open_year_c,1.0
case,case_owner_email__c,case,case_owner_email_c,1.0
case,case_ready_to_survey__c,case,case_ready_to_survey_c,1.0
case,case_solved_in_chat__c,case,case_solved_in_chat_c,1.0
case,casenumber,case,case_number,1.0
case,closeddate,case,closed_date,1.0
case,codesters_account_creation_date__c,case,codesters_account_creation_date_c,1.0
case,codesters_case__c,case,codesters_case_c,1.0
case,codesters_classes__c,case,codesters_classes_c,1.0
case,codesters_i2c_student_avg__c,case,codesters_i_2_c_student_avg_c,1.0
case,codesters_i2c_student_completion__c,case,codesters_i_2_c_student_completion_c,1.0
case,codesters_last_login__c,case,codesters_last_login_c,1.0
case,codesters_students__c,case,codesters_students_c,1.0
case,codesters_support_url__c,case,codesters_support_url_c,1.0
case,codestersid__c,case,codesters_id_c,1.0
case,comments,case,comments,1.0
case,confirmedresolution__c,case,confirmed_resolution_c,1.0
case,contactemail,case,contact_email,1.0
case,contactfax,case,contact_fax,1.0
case,contactid,case,contact_id,1.0
case,contactmobile,case,contact_mobile,1.0
case,contactphone,case,contact_phone,1.0
case,createdbyid,case,created_by_id,1.0
case,createddate,case,created_date,1.0
case,csat_comments__c,case,csat_comments_c,1.0
case,csat_response__c,case,csat_response_c,1.0
case,csat_survey_sent__c,case,csat_survey_sent_c,1.0
case,data_quality_description__c,case,data_quality_description_c,1.0
case,data_quality_score__c,case,data_quality_score_c,1.0
case,date_and_time_it_was__c,case,date_and_time_it_was_c,1.0
case,description,case,description,1.0
case,devices__c,case,devices_c,1.0
case,entitlementid,case,entitlement_id,1.0
case,first_reply_to_customer_completed__c,case,first_reply_to_customer_completed_c,1.0
case,fix__c,case,fix_c,1.0
case,good__c,case,good_c,1.0
case,id,case,id,1.0
case,initial_response_captured__c,case,initial_response_captured_c,1.0
case,initial_response_time__c,case,initial_response_time_c,1.0
case,isclosed,case,is_closed,1.0
case,isclosedoncreate,case,is_closed_on_create,1.0
case,isdeleted,case,is_deleted,1.0
case,isescalated,case,is_escalated,1.0
case,isstopped,case,is_stopped,1.0
case,issue_key__c,case,issue_key_c,1.0
case,issues__c,case,issues_c,1.0
case,jira_link__c,case,jira_link_c,1.0
case,jira_status__c,case,jira_status_c,1.0
case,jira_ticket_last_update_date__c,case,jira_ticket_last_update_date_c,1.0
case,jira_ticket_opened_date__c,case,jira_ticket_opened_date_c,1.0
case,jira_ticket_submitted__c,case,jira_ticket_submitted_c,1.0
case,language,case,language,1.0
case,lastmodifiedbyid,case,last_modified_by_id,1.0
case,lastmodifieddate,case,last_modified_date,1.0
case,lastreferenceddate,case,last_referenced_date,1.0
case,lastvieweddate,case,last_viewed_date,1.0
case,location_of_issue__c,case,location_of_issue_c,1.0
case,location_of_issues__c,case,location_of_issues_c,1.0
case,masterrecordid,case,master_record_id,1.0
case,messaging_session__c,case,messaging_session_c,1.0
case,migrationtool__c,case,migration_tool_c,1.0
case,milestonestatus,case,milestone_status,1.0
case,netsuite_case_number__c,case,netsuite_case_number_c,1.0
case,netsuite_link__c,case,net_suite_link_c,1.0
case,netsuiteid__c,case,netsuite_id_c,1.0
case,origin,case,origin,1.0
case,out_of_office__c,case,out_of_office_c,1.0
case,ownerid,case,owner_id,1.0
case,parentid,case,parent_id,1.0
case,platform_name__c,case,platform_name_c,1.0
case,priority,case,priority,1.0
case,priority__c,case,priority_c,1.0
case,product_feedback_description__c,case,product_feedback_description_c,1.0
case,product_feedback_short__c,case,product_feedback_short_c,1.0
case,product_feedback_submitted__c,case,product_feedback_submitted_c,1.0
case,productid,case,product_id,1.0
case,products__c,case,products_c,1.0
case,quicknote__c,case,quick_note_c,1.0
case,reason,case,reason,1.0
case,recordtypeid,case,record_type_id,1.0
case,round_robin_id__c,case,round_robin_id_c,1.0
case,sales_escalation__c,case,sales_escalation_c,1.0
case,servicecontractid,case,service_contract_id,1.0
case,slaexitdate,case,sla_exit_date,1.0
case,slastartdate,case,sla_start_date,1.0
case,solution__c,case,solution_c,1.0
case,solutions__c,case,solutions_c,1.0
case,sourceid,case,source_id,1.0
case,status,case,status,1.0
case,stopstartdate,case,stop_start_date,1.0
case,subject,case,subject,1.0
case,suppliedcompany,case,supplied_company,1.0
case,suppliedemail,case,supplied_email,1.0
case,suppliedname,case,supplied_name,1.0
case,suppliedphone,case,supplied_phone,1.0
case,suppress_system_emails__c,case,suppress_system_emails_c,1.0
case,survey_send_datetime__c,case,survey_send_date_time_c,1.0
case,sync_platform__c,case,sync_platform_c,1.0
case,systemmodstamp,case,system_modstamp,1.0
case,thread_id__c,case,thread_id_c,1.0
case,time_to_first_reply_hours__c,case,time_to_first_reply_hours_c,1.0
case,type,case,type,1.0
case,ultimate_parent_account__c,case,ultimate_parent_account_c,1.0
case,validation_account_name__c,case,validation_account_name_c,1.0
case,xcase_number__c,case,xcase_number_c,1.0
casecomment,commentbody,case_comment,comment_body,1.0
casecomment,createdbyid,case_comment,created_by_id,1.0
casecomment,createddate,case_comment,created_date,1.0
casecomment,id,case_comment,id,1.0
casecomment,isdeleted,case_comment,is_deleted,1.0
casecomment,ispublished,case_comment,is_published,1.0
casecomment,lastmodifiedbyid,case_comment,last_modified_by_id,1.0
casecomment,lastmodifieddate,case_comment,last_modified_date,1.0
casecomment,parentid,case_comment,parent_id,1.0
casecomment,systemmodstamp,case_comment,system_modstamp,1.0
caserelatedissue,caseid,case_related_issue,case_id,1.0
caserelatedissue,createdbyid,case_related_issue,created_by_id,1.0
caserelatedissue,createddate,case_related_issue,created_date,1.0
caserelatedissue,id,case_related_issue,id,1.0
caserelatedissue,isdeleted,case_related_issue,is_deleted,1.0
caserelatedissue,lastmodifiedbyid,case_related_issue,last_modified_by_id,1.0
caserelatedissue,lastmodifieddate,case_related_issue,last_modified_date,1.0
caserelatedissue,name,case_related_issue,name,1.0
caserelatedissue,relatedentitytype,case_related_issue,related_entity_type,1.0
caserelatedissue,relatedissueid,case_related_issue,related_issue_id,1.0
caserelatedissue,relationshiptype,case_related_issue,relationship_type,1.0
caserelatedissue,systemmodstamp,case_related_issue,system_modstamp,1.0
casesolution,caseid,case_solution,case_id,1.0
casesolution,createdbyid,case_solution,created_by_id,1.0
casesolution,createddate,case_solution,created_date,1.0
casesolution,id,case_solution,id,1.0
casesolution,isdeleted,case_solution,is_deleted,1.0
casesolution,solutionid,case_solution,solution_id,1.0
casesolution,systemmodstamp,case_solution,system_modstamp,1.0
codesters__codesters_license__c,codesters__accept_changes__c,codesters_codesters_license_c,codesters_accept_changes_c,1.0
codesters__codesters_license__c,codesters__codesters_end_date__c,codesters_codesters_license_c,codesters_codesters_end_date_c,1.0
codesters__codesters_license__c,codesters__codesters_id__c,codesters_codesters_license_c,codesters_codesters_id_c,1.0
codesters__codesters_license__c,codesters__codesters_is_active__c,codesters_codesters_license_c,codesters_codesters_is_active_c,1.0
codesters__codesters_license__c,codesters__codesters_is_disabled__c,codesters_codesters_license_c,codesters_codesters_is_disabled_c,1.0
codesters__codesters_license__c,codesters__codesters_is_infinite__c,codesters_codesters_license_c,codesters_codesters_is_infinite_c,1.0
codesters__codesters_license__c,codesters__codesters_is_stale__c,codesters_codesters_license_c,codesters_codesters_is_stale_c,1.0
codesters__codesters_license__c,codesters__codesters_is_unlimited__c,codesters_codesters_license_c,codesters_codesters_is_unlimited_c,1.0
codesters__codesters_license__c,codesters__codesters_organization__c,codesters_codesters_license_c,codesters_codesters_organization_c,1.0
codesters__codesters_license__c,codesters__codesters_owner__c,codesters_codesters_license_c,codesters_codesters_owner_c,1.0
codesters__codesters_license__c,codesters__codesters_owner_id__c,codesters_codesters_license_c,codesters_codesters_owner_id_c,1.0
codesters__codesters_license__c,codesters__codesters_seats__c,codesters_codesters_license_c,codesters_codesters_seats_c,1.0
codesters__codesters_license__c,codesters__codesters_seats_used__c,codesters_codesters_license_c,codesters_codesters_seats_used_c,1.0
codesters__codesters_license__c,codesters__codesters_start_date__c,codesters_codesters_license_c,codesters_codesters_start_date_c,1.0
codesters__codesters_license__c,codesters__codesters_suite__c,codesters_codesters_license_c,codesters_codesters_suite_c,1.0
codesters__codesters_license__c,codesters__end_date__c,codesters_codesters_license_c,codesters_end_date_c,1.0
codesters__codesters_license__c,codesters__is_active__c,codesters_codesters_license_c,codesters_is_active_c,1.0
codesters__codesters_license__c,codesters__is_disabled__c,codesters_codesters_license_c,codesters_is_disabled_c,1.0
codesters__codesters_license__c,codesters__is_infinite__c,codesters_codesters_license_c,codesters_is_infinite_c,1.0
codesters__codesters_license__c,codesters__is_over__c,codesters_codesters_license_c,codesters_is_over_c,1.0
codesters__codesters_license__c,codesters__is_stale__c,codesters_codesters_license_c,codesters_is_stale_c,1.0
codesters__codesters_license__c,codesters__is_synced__c,codesters_codesters_license_c,codesters_is_synced_c,1.0
codesters__codesters_license__c,codesters__is_unlimited__c,codesters_codesters_license_c,codesters_is_unlimited_c,1.0
codesters__codesters_license__c,codesters__is_valid__c,codesters_codesters_license_c,codesters_is_valid_c,1.0
codesters__codesters_license__c,codesters__linked__c,codesters_codesters_license_c,codesters_linked_c,1.0
codesters__codesters_license__c,codesters__opportunity__c,codesters_codesters_license_c,codesters_opportunity_c,1.0
codesters__codesters_license__c,codesters__school_year__c,codesters_codesters_license_c,codesters_school_year_c,1.0
codesters__codesters_license__c,codesters__seats__c,codesters_codesters_license_c,codesters_seats_c,1.0
codesters__codesters_license__c,codesters__seats_used__c,codesters_codesters_license_c,codesters_seats_used_c,1.0
codesters__codesters_license__c,codesters__show_record_type_id__c,codesters_codesters_license_c,codesters_show_record_type_id_c,1.0
codesters__codesters_license__c,codesters__start_date__c,codesters_codesters_license_c,codesters_start_date_c,1.0
codesters__codesters_license__c,codesters__suite__c,codesters_codesters_license_c,codesters_suite_c,1.0
codesters__codesters_license__c,codesters__synced__c,codesters_codesters_license_c,codesters_synced_c,1.0
codesters__codesters_license__c,codestersid__c,codesters_codesters_license_c,codesters_id_c,1.0
codesters__codesters_license__c,createdbyid,codesters_codesters_license_c,created_by_id,1.0
codesters__codesters_license__c,createddate,codesters_codesters_license_c,created_date,1.0
codesters__codesters_license__c,id,codesters_codesters_license_c,id,1.0
codesters__codesters_license__c,isdeleted,codesters_codesters_license_c,is_deleted,1.0
codesters__codesters_license__c,lastactivitydate,codesters_codesters_license_c,last_activity_date,1.0
codesters__codesters_license__c,lastmodifiedbyid,codesters_codesters_license_c,last_modified_by_id,1.0
codesters__codesters_license__c,lastmodifieddate,codesters_codesters_license_c,last_modified_date,1.0
codesters__codesters_license__c,lastreferenceddate,codesters_codesters_license_c,last_referenced_date,1.0
codesters__codesters_license__c,lastvieweddate,codesters_codesters_license_c,last_viewed_date,1.0
codesters__codesters_license__c,learningsbxid__c,codesters_codesters_license_c,learning_sbxid_c,1.0
codesters__codesters_license__c,name,codesters_codesters_license_c,name,1.0
codesters__codesters_license__c,recordtypeid,codesters_codesters_license_c,record_type_id,1.0
codesters__codesters_license__c,systemmodstamp,codesters_codesters_license_c,system_modstamp,1.0
codesters__codesters_member__c,associated_account_id__c,codesters_codesters_member_c,associated_account_id_c,1.0
codesters__codesters_member__c,codesters__codesters_date_joined__c,codesters_codesters_member_c,codesters_codesters_date_joined_c,1.0
codesters__codesters_member__c,codesters__codesters_email__c,codesters_codesters_member_c,codesters_codesters_email_c,1.0
codesters__codesters_member__c,codesters__codesters_first_name__c,codesters_codesters_member_c,codesters_codesters_first_name_c,1.0
codesters__codesters_member__c,codesters__codesters_id__c,codesters_codesters_member_c,codesters_codesters_id_c,1.0
codesters__codesters_member__c,codesters__codesters_last_name__c,codesters_codesters_member_c,codesters_codesters_last_name_c,1.0
codesters__codesters_member__c,codesters__codesters_organization__c,codesters_codesters_member_c,codesters_codesters_organization_c,1.0
codesters__codesters_member__c,codesters__codesters_profile_account_verified__c,codesters_codesters_member_c,codesters_codesters_profile_account_verified_c,1.0
codesters__codesters_member__c,codesters__codesters_profile_city__c,codesters_codesters_member_c,codesters_codesters_profile_city_c,1.0
codesters__codesters_member__c,codesters__codesters_profile_classes__c,codesters_codesters_member_c,codesters_codesters_profile_classes_c,1.0
codesters__codesters_member__c,codesters__codesters_profile_country__c,codesters_codesters_member_c,codesters_codesters_profile_country_c,1.0
codesters__codesters_member__c,codesters__codesters_profile_demo__c,codesters_codesters_member_c,codesters_codesters_profile_demo_c,1.0
codesters__codesters_member__c,codesters__codesters_profile_district__c,codesters_codesters_member_c,codesters_codesters_profile_district_c,1.0
codesters__codesters_member__c,codesters__codesters_profile_foxycart__c,codesters_codesters_member_c,codesters_codesters_profile_foxycart_c,1.0
codesters__codesters_member__c,codesters__codesters_profile_google__c,codesters_codesters_member_c,codesters_codesters_profile_google_c,1.0
codesters__codesters_member__c,codesters__codesters_profile_i2c18_avg__c,codesters_codesters_member_c,codesters_codesters_profile_i_2_c_18_avg_c,1.0
codesters__codesters_member__c,codesters__codesters_profile_i2c_avg__c,codesters_codesters_member_c,codesters_codesters_profile_i_2_c_avg_c,1.0
codesters__codesters_member__c,codesters__codesters_profile_init_campaign__c,codesters_codesters_member_c,codesters_codesters_profile_init_campaign_c,1.0
codesters__codesters_member__c,codesters__codesters_profile_init_medium__c,codesters_codesters_member_c,codesters_codesters_profile_init_medium_c,1.0
codesters__codesters_member__c,codesters__codesters_profile_init_source__c,codesters_codesters_member_c,codesters_codesters_profile_init_source_c,1.0
codesters__codesters_member__c,codesters__codesters_profile_last_login__c,codesters_codesters_member_c,codesters_codesters_profile_last_login_c,1.0
codesters__codesters_member__c,codesters__codesters_profile_last_transaction__c,codesters_codesters_member_c,codesters_codesters_profile_last_transaction_c,1.0
codesters__codesters_member__c,codesters__codesters_profile_lifetime_value__c,codesters_codesters_member_c,codesters_codesters_profile_lifetime_value_c,1.0
codesters__codesters_member__c,codesters__codesters_profile_lti__c,codesters_codesters_member_c,codesters_codesters_profile_lti_c,1.0
codesters__codesters_member__c,codesters__codesters_profile_pd0_points__c,codesters_codesters_member_c,codesters_codesters_profile_pd_0_points_c,1.0
codesters__codesters_member__c,codesters__codesters_profile_postal_code__c,codesters_codesters_member_c,codesters_codesters_profile_postal_code_c,1.0
codesters__codesters_member__c,codesters__codesters_profile_region__c,codesters_codesters_member_c,codesters_codesters_profile_region_c,1.0
codesters__codesters_member__c,codesters__codesters_profile_school__c,codesters_codesters_member_c,codesters_codesters_profile_school_c,1.0
codesters__codesters_member__c,codesters__codesters_profile_school_code__c,codesters_codesters_member_c,codesters_codesters_profile_school_code_c,1.0
codesters__codesters_member__c,codesters__codesters_profile_school_type__c,codesters_codesters_member_c,codesters_codesters_profile_school_type_c,1.0
codesters__codesters_member__c,codesters__codesters_profile_screen_name__c,codesters_codesters_member_c,codesters_codesters_profile_screen_name_c,1.0
codesters__codesters_member__c,codesters__codesters_profile_social_auth_provider__c,codesters_codesters_member_c,codesters_codesters_profile_social_auth_provider_c,1.0
codesters__codesters_member__c,codesters__codesters_profile_students__c,codesters_codesters_member_c,codesters_codesters_profile_students_c,1.0
codesters__codesters_member__c,codesters__codesters_role__c,codesters_codesters_member_c,codesters_codesters_role_c,1.0
codesters__codesters_member__c,codesters__codesters_user_id__c,codesters_codesters_member_c,codesters_codesters_user_id_c,1.0
codesters__codesters_member__c,codesters__codesters_username__c,codesters_codesters_member_c,codesters_codesters_username_c,1.0
codesters__codesters_member__c,codesters__contact__c,codesters_codesters_member_c,codesters_contact_c,1.0
codesters__codesters_member__c,codesters__imperonate_url__c,codesters_codesters_member_c,codesters_imperonate_url_c,1.0
codesters__codesters_member__c,codesters__linked__c,codesters_codesters_member_c,codesters_linked_c,1.0
codesters__codesters_member__c,codesters__synced__c,codesters_codesters_member_c,codesters_synced_c,1.0
codesters__codesters_member__c,codesters__synced_on__c,codesters_codesters_member_c,codesters_synced_on_c,1.0
codesters__codesters_member__c,codestersid__c,codesters_codesters_member_c,codesters_id_c,1.0
codesters__codesters_member__c,createdbyid,codesters_codesters_member_c,created_by_id,1.0
codesters__codesters_member__c,createddate,codesters_codesters_member_c,created_date,1.0
codesters__codesters_member__c,customer_gsid__c,codesters_codesters_member_c,customer_gsid_c,1.0
codesters__codesters_member__c,id,codesters_codesters_member_c,id,1.0
codesters__codesters_member__c,isdeleted,codesters_codesters_member_c,is_deleted,1.0
codesters__codesters_member__c,lastactivitydate,codesters_codesters_member_c,last_activity_date,1.0
codesters__codesters_member__c,lastmodifiedbyid,codesters_codesters_member_c,last_modified_by_id,1.0
codesters__codesters_member__c,lastmodifieddate,codesters_codesters_member_c,last_modified_date,1.0
codesters__codesters_member__c,lastreferenceddate,codesters_codesters_member_c,last_referenced_date,1.0
codesters__codesters_member__c,lastvieweddate,codesters_codesters_member_c,last_viewed_date,1.0
codesters__codesters_member__c,learningsbxid__c,codesters_codesters_member_c,learning_sbxid_c,1.0
codesters__codesters_member__c,name,codesters_codesters_member_c,name,1.0
codesters__codesters_member__c,systemmodstamp,codesters_codesters_member_c,system_modstamp,1.0
codesters__codesters_organization__c,codesters__admin_members_only__c,codesters_codesters_organization_c,codesters_admin_members_only_c,1.0
codesters__codesters_organization__c,codesters__codesters_id__c,codesters_codesters_organization_c,codesters_codesters_id_c,1.0
codesters__codesters_organization__c,codesters__codesters_slug__c,codesters_codesters_organization_c,codesters_codesters_slug_c,1.0
codesters__codesters_organization__c,codesters__first_license_start_date__c,codesters_codesters_organization_c,codesters_first_license_start_date_c,1.0
codesters__codesters_organization__c,codesters__is_expired__c,codesters_codesters_organization_c,codesters_is_expired_c,1.0
codesters__codesters_organization__c,codesters__is_over_by__c,codesters_codesters_organization_c,codesters_is_over_by_c,1.0
codesters__codesters_organization__c,codesters__is_pending__c,codesters_codesters_organization_c,codesters_is_pending_c,1.0
codesters__codesters_organization__c,codesters__last_license_end_date__c,codesters_codesters_organization_c,codesters_last_license_end_date_c,1.0
codesters__codesters_organization__c,codesters__licenses_count__c,codesters_codesters_organization_c,codesters_licenses_count_c,1.0
codesters__codesters_organization__c,codesters__linked__c,codesters_codesters_organization_c,codesters_linked_c,1.0
codesters__codesters_organization__c,codesters__master__c,codesters_codesters_organization_c,codesters_master_c,1.0
codesters__codesters_organization__c,codesters__members_count__c,codesters_codesters_organization_c,codesters_members_count_c,1.0
codesters__codesters_organization__c,codesters__out_of_sync_licenses__c,codesters_codesters_organization_c,codesters_out_of_sync_licenses_c,1.0
codesters__codesters_organization__c,codesters__over_capacity_licenses__c,codesters_codesters_organization_c,codesters_over_capacity_licenses_c,1.0
codesters__codesters_organization__c,codesters__over_capacity_seats__c,codesters_codesters_organization_c,codesters_over_capacity_seats_c,1.0
codesters__codesters_organization__c,codesters__over_capacity_used_seats__c,codesters_codesters_organization_c,codesters_over_capacity_used_seats_c,1.0
codesters__codesters_organization__c,codesters__synced_on__c,codesters_codesters_organization_c,codesters_synced_on_c,1.0
codesters__codesters_organization__c,codesters__valid_licenses__c,codesters_codesters_organization_c,codesters_valid_licenses_c,1.0
codesters__codesters_organization__c,codestersid__c,codesters_codesters_organization_c,codester_sid_c,1.0
codesters__codesters_organization__c,createdbyid,codesters_codesters_organization_c,created_by_id,1.0
codesters__codesters_organization__c,createddate,codesters_codesters_organization_c,created_date,1.0
codesters__codesters_organization__c,id,codesters_codesters_organization_c,id,1.0
codesters__codesters_organization__c,isdeleted,codesters_codesters_organization_c,is_deleted,1.0
codesters__codesters_organization__c,lastactivitydate,codesters_codesters_organization_c,last_activity_date,1.0
codesters__codesters_organization__c,lastmodifiedbyid,codesters_codesters_organization_c,last_modified_by_id,1.0
codesters__codesters_organization__c,lastmodifieddate,codesters_codesters_organization_c,last_modified_date,1.0
codesters__codesters_organization__c,lastreferenceddate,codesters_codesters_organization_c,last_referenced_date,1.0
codesters__codesters_organization__c,lastvieweddate,codesters_codesters_organization_c,last_viewed_date,1.0
codesters__codesters_organization__c,learningsbxid__c,codesters_codesters_organization_c,learning_sbxid_c,1.0
codesters__codesters_organization__c,name,codesters_codesters_organization_c,name,1.0
codesters__codesters_organization__c,ownerid,codesters_codesters_organization_c,owner_id,1.0
codesters__codesters_organization__c,systemmodstamp,codesters_codesters_organization_c,system_modstamp,1.0
codesters__codesters_settings__c,codesters__base_url__c,codesters_codesters_settings_c,codesters_base_url_c,1.0
codesters__codesters_settings__c,createdbyid,codesters_codesters_settings_c,created_by_id,1.0
codesters__codesters_settings__c,createddate,codesters_codesters_settings_c,created_date,1.0
codesters__codesters_settings__c,id,codesters_codesters_settings_c,id,1.0
codesters__codesters_settings__c,isdeleted,codesters_codesters_settings_c,is_deleted,1.0
codesters__codesters_settings__c,lastmodifiedbyid,codesters_codesters_settings_c,last_modified_by_id,1.0
codesters__codesters_settings__c,lastmodifieddate,codesters_codesters_settings_c,last_modified_date,1.0
codesters__codesters_settings__c,name,codesters_codesters_settings_c,name,1.0
codesters__codesters_settings__c,setupownerid,codesters_codesters_settings_c,setup_owner_id,1.0
codesters__codesters_settings__c,systemmodstamp,codesters_codesters_settings_c,system_modstamp,1.0
codesters__opportunity_license__c,codesters__codesters_license__c,codesters_opportunity_license_c,codesters_codesters_license_c,1.0
codesters__opportunity_license__c,codesters__is_synced__c,codesters_opportunity_license_c,codesters_is_synced_c,1.0
codesters__opportunity_license__c,codesters__is_synced_match__c,codesters_opportunity_license_c,codesters_is_synced_match_c,1.0
codesters__opportunity_license__c,codesters__is_synced_on_save__c,codesters_opportunity_license_c,codesters_is_synced_on_save_c,1.0
codesters__opportunity_license__c,codesters__opportunity__c,codesters_opportunity_license_c,codesters_opportunity_c,1.0
codesters__opportunity_license__c,codestersid__c,codesters_opportunity_license_c,codesters_id_c,1.0
codesters__opportunity_license__c,createdbyid,codesters_opportunity_license_c,created_by_id,1.0
codesters__opportunity_license__c,createddate,codesters_opportunity_license_c,created_date,1.0
codesters__opportunity_license__c,id,codesters_opportunity_license_c,id,1.0
codesters__opportunity_license__c,isdeleted,codesters_opportunity_license_c,is_deleted,1.0
codesters__opportunity_license__c,lastmodifiedbyid,codesters_opportunity_license_c,last_modified_by_id,1.0
codesters__opportunity_license__c,lastmodifieddate,codesters_opportunity_license_c,last_modified_date,1.0
codesters__opportunity_license__c,name,codesters_opportunity_license_c,name,1.0
codesters__opportunity_license__c,systemmodstamp,codesters_opportunity_license_c,system_modstamp,1.0
contact,account_customer_level__c,contact,account_customer_level_c,1.0
contact,account_owner__c,contact,account_owner_c,1.0
contact,accountid,contact,account_id,1.0
contact,activitymetricid,contact,activity_metric_id,1.0
contact,activitymetricrollupid,contact,activity_metric_rollup_id,1.0
contact,age__c,contact,age_c,1.0
contact,age_group__c,contact,age_group_c,1.0
contact,agile_duplicate_id__c,contact,agile_duplicate_id_c,1.0
contact,agile_email__c,contact,agile_email_c,1.0
contact,agile_phone__c,contact,agile_phone_c,1.0
contact,agileed__agileed_do_not_update__c,contact,agileed_agileed_do_not_update_c,1.0
contact,agileed__agileed_insert__c,contact,agileed_agile_ed_insert_c,1.0
contact,agileed__agileed_key__c,contact,agileed_agile_ed_key_c,1.0
contact,agileed__agileed_latest_update_date__c,contact,agileed_agile_ed_latest_update_date_c,1.0
contact,agileed__agileed_status__c,contact,agileed_agile_ed_status_c,1.0
contact,agileed__agileed_up_to_date__c,contact,agileed_agile_ed_up_to_date_c,1.0
contact,agileed__connectlink_do_not_update_hierarchy__c,contact,agileed_connect_link_do_not_update_hierarchy_c,1.0
contact,agileed__connectlink_email_hard_bounce__c,contact,agileed_connect_link_email_hard_bounce_c,1.0
contact,agileed__connectlink_job_category__c,contact,agileed_connect_link_job_category_c,1.0
contact,agileed__connectlink_licensed_status__c,contact,agileed_connect_link_licensed_status_c,1.0
contact,agileed__connectlink_title__c,contact,agileed_connect_link_title_c,1.0
contact,agileed__last_connectlink_title__c,contact,agileed_last_connect_link_title_c,1.0
contact,agileed__last_sync__c,contact,agileed_last_sync_c,1.0
contact,agilejobtitle__c,contact,agile_job_title_c,1.0
contact,altemail__c,contact,alt_email_c,1.0
contact,archived__c,contact,archived_c,1.0
contact,assistantname,contact,assistant_name,1.0
contact,assistantphone,contact,assistant_phone,1.0
contact,bad_contact__c,contact,bad_contact_c,1.0
contact,bad_contact_info__c,contact,bad_contact_info_c,1.0
contact,birthdate,contact,birthdate,1.0
contact,business_role__c,contact,business_role_c,1.0
contact,buyerattributes,contact,buyer_attributes,1.0
contact,cm_codesters_account_creation_date__c,contact,cm_codesters_account_creation_date_c,1.0
contact,codesters__campaignsource__c,contact,codesters_campaign_source_c,1.0
contact,codesters__codesters_member__c,contact,codesters_codesters_member_c,1.0
contact,codesters_classes__c,contact,codesters_classes_c,1.0
contact,codesters_created_date__c,contact,codesters_created_date_c,1.0
contact,codesters_created_date_no_time__c,contact,codesters_created_date_no_time_c,1.0
contact,codesters_guid__c,contact,codesters_guid_c,1.0
contact,codesters_highest_module_completion__c,contact,codesters_highest_module_completion_c,1.0
contact,codesters_i2c18_student_avg__c,contact,codesters_i_2_c_18_student_avg_c,1.0
contact,codesters_i2c18_student_completion__c,contact,codesters_i_2_c_18_student_completion_c,1.0
contact,codesters_i2c_student_avg__c,contact,codesters_i_2_c_student_avg_c,1.0
contact,codesters_i2c_student_completion__c,contact,codesters_i_2_c_student_completion_c,1.0
contact,codesters_id__c,contact,codesters_id_c,1.0
contact,codesters_initial_campaign__c,contact,codesters_initial_campaign_c,1.0
contact,codesters_initial_medium__c,contact,codesters_initial_medium_c,1.0
contact,codesters_initial_source__c,contact,codesters_initial_source_c,1.0
contact,codesters_last_login__c,contact,codesters_last_login_c,1.0
contact,codesters_lti__c,contact,codesters_lti_c,1.0
contact,codesters_org__c,contact,codesters_org_c,1.0
contact,codesters_org_mismatch__c,contact,codesters_org_mismatch_c,1.0
contact,codesters_org_name__c,contact,codesters_org_name_c,1.0
contact,codesters_profile_city__c,contact,codesters_profile_city_c,1.0
contact,codesters_profile_country__c,contact,codesters_profile_country_c,1.0
contact,codesters_profile_school__c,contact,codesters_profile_school_c,1.0
contact,codesters_profile_school_code__c,contact,codesters_profile_school_code_c,1.0
contact,codesters_profile_school_type__c,contact,codesters_profile_school_type_c,1.0
contact,codesters_profile_state__c,contact,codesters_profile_state_c,1.0
contact,codesters_profile_zip__c,contact,codesters_profile_zip_c,1.0
contact,codesters_role__c,contact,codesters_role_c,1.0
contact,codesters_screen_name__c,contact,codesters_screen_name_c,1.0
contact,codesters_social_auth_provider__c,contact,codesters_social_auth_provider_c,1.0
contact,codesters_students__c,contact,codesters_students_c,1.0
contact,codesters_url__c,contact,codesters_url_c,1.0
contact,codestersid__c,contact,codesters_id_c,1.0
contact,conference__c,contact,conference_c,1.0
contact,contact_lifecycle_stage__c,contact,contact_lifecycle_stage_c,1.0
contact,contact_power_of_1__c,contact,contact_power_of_1_c,1.0
contact,contact_state__c,contact,contact_state_c,1.0
contact,contact_time_zone__c,contact,contact_time_zone_c,1.0
contact,contact_us_message__c,contact,contact_us_message_c,1.0
contact,contactsource,contact,contact_source,1.0
contact,county__c,contact,county_c,1.0
contact,created_date_formula__c,contact,created_date_formula_c,1.0
contact,createdbyid,contact,created_by_id,1.0
contact,createddate,contact,created_date,1.0
contact,current_outreach_sequence__c,contact,current_outreach_sequence_c,1.0
contact,customer_date__c,contact,customer_date_c,1.0
contact,data_quality_description__c,contact,data_quality_description_c,1.0
contact,data_quality_score__c,contact,data_quality_score_c,1.0
contact,days_out__c,contact,days_out_c,1.0
contact,days_since_registration__c,contact,days_since_registration_c,1.0
contact,degree_earned__c,contact,degree_earned_c,1.0
contact,department,contact,department,1.0
contact,departmentgroup,contact,department_group,1.0
contact,description,contact,description,1.0
contact,district_enrollment__c,contact,district_enrollment_c,1.0
contact,district_enrollment_level__c,contact,district_enrollment_level_c,1.0
contact,do_not_email__c,contact,do_not_email_c,1.0
contact,donotcall,contact,do_not_call,1.0
contact,dsp_last_activity_date__c,contact,dsp_last_activity_date_c,1.0
contact,dsp_registration_date__c,contact,dsp_registration_date_c,1.0
contact,dsp_total_launches__c,contact,dsp_total_launches_c,1.0
contact,dsp_url__c,contact,dsp_url_c,1.0
contact,dupe_management_id__c,contact,dupe_management_id_c,1.0
contact,email,contact,email,1.0
contact,emailbounceddate,contact,email_bounced_date,1.0
contact,emailbouncedreason,contact,email_bounced_reason,1.0
contact,eval_expiration_date__c,contact,eval_expiration_date_c,1.0
contact,eval_last_activity_date__c,contact,eval_last_activity_date_c,1.0
contact,eval_registration_date__c,contact,eval_registration_date_c,1.0
contact,eval_total_launches__c,contact,eval_total_launches_c,1.0
contact,evaluation_link__c,contact,evaluation_link_c,1.0
contact,extension__c,contact,extension_c,1.0
contact,fax,contact,fax,1.0
contact,first_platform_login_date__c,contact,first_platform_login_date_c,1.0
contact,firstcalldatetime,contact,first_call_date_time,1.0
contact,firstemaildatetime,contact,first_email_date_time,1.0
contact,force_sync__c,contact,force_sync_c,1.0
contact,force_sync_number__c,contact,force_sync_number_c,1.0
contact,full_name__c,contact,full_name_c,1.0
contact,gainsight_clean_up__c,contact,gainsight_clean_up_c,1.0
contact,gainsight_customer__c,contact,gainsight_customer_c,1.0
contact,gainsight_validated__c,contact,gainsight_validated_c,1.0
contact,genderidentity,contact,gender_identity,1.0
contact,gong__actively_being_in_a_flow__c,contact,gong_actively_being_in_a_flow_c,1.0
contact,gong__current_flow_id__c,contact,gong_current_flow_id_c,1.0
contact,gong__current_flow_name__c,contact,gong_current_flow_name_c,1.0
contact,gong__current_flow_step_number__c,contact,gong_current_flow_step_number_c,1.0
contact,gong__current_flow_step_type__c,contact,gong_current_flow_step_type_c,1.0
contact,gong__current_flow_task_due_date__c,contact,gong_current_flow_task_due_date_c,1.0
contact,gong__current_flow_user_name__c,contact,gong_current_flow_user_name_c,1.0
contact,gong__flow_execution_id__c,contact,gong_flow_execution_id_c,1.0
contact,gong__flow_status__c,contact,gong_flow_status_c,1.0
contact,good_prospect__c,contact,good_prospect_c,1.0
contact,grades__c,contact,grades_c,1.0
contact,has_platform_account__c,contact,has_platform_account_c,1.0
contact,hasoptedoutofemail,contact,has_opted_out_of_email,1.0
contact,hasoptedoutoffax,contact,has_opted_out_of_fax,1.0
contact,homephone,contact,home_phone,1.0
contact,hours_since_mql__c,contact,hours_since_mql_c,1.0
contact,how_did_you_hear_about_us__c,contact,how_did_you_hear_about_us_c,1.0
contact,hubspot_score__c,contact,hubspot_score_c,1.0
contact,hubspot_title__c,contact,hubspot_title_c,1.0
contact,id,contact,id,1.0
contact,implementation_contact__c,contact,implementation_contact_c,1.0
contact,implementation_notes__c,contact,implementation_notes_c,1.0
contact,implementation_status__c,contact,implementation_status_c,1.0
contact,individualid,contact,individual_id,1.0
contact,institution_id__c,contact,institution_id_c,1.0
contact,institution_type__c,contact,institution_type_c,1.0
contact,is_contact_a_dr__c,contact,is_contact_a_dr_c,1.0
contact,isdeleted,contact,is_deleted,1.0
contact,isemailbounced,contact,is_email_bounced,1.0
contact,isinactive__c,contact,isinactive_c,1.0
contact,ispriorityrecord,contact,is_priority_record,1.0
contact,jigsaw,contact,jigsaw,1.0
contact,jigsawcontactid,contact,jigsaw_contact_id,1.0
contact,job_category_desc__c,contact,job_category_desc_c,1.0
contact,job_function__c,contact,job_function_c,1.0
contact,k_8_enrollment__c,contact,k_8_enrollment_c,1.0
contact,key_contact__c,contact,key_contact_c,1.0
contact,key_contact_detail__c,contact,key_contact_detail_c,1.0
contact,keywords__c,contact,keywords_c,1.0
contact,known_duplicate__c,contact,known_duplicate_c,1.0
contact,last_activity__c,contact,last_activity_c,1.0
contact,last_activity_is_after_mql_date__c,contact,last_activity_is_after_mql_date_c,1.0
contact,last_activity_prior_to_mql_date__c,contact,last_activity_prior_to_mql_date_c,1.0
contact,last_activity_time_and_date__c,contact,last_activity_time_and_date_c,1.0
contact,last_login_past_two_years__c,contact,last_login_past_two_years_c,1.0
contact,last_platform_login_date__c,contact,last_platform_login_date_c,1.0
contact,last_support_interaction__c,contact,last_support_interaction_c,1.0
contact,lastactivitydate,contact,last_activity_date,1.0
contact,lastcurequestdate,contact,last_curequest_date,1.0
contact,lastcuupdatedate,contact,last_cuupdate_date,1.0
contact,lastmodifiedbyid,contact,last_modified_by_id,1.0
contact,lastmodifieddate,contact,last_modified_date,1.0
contact,lastreferenceddate,contact,last_referenced_date,1.0
contact,lastvieweddate,contact,last_viewed_date,1.0
contact,lcom_member__c,contact,lcom_member_c,1.0
contact,lead_status__c,contact,lead_status_c,1.0
contact,lead_status_object_created__c,contact,lead_status_object_created_c,1.0
contact,leadsource,contact,lead_source,1.0
contact,learningsbxid__c,contact,learning_sbxid_c,1.0
contact,masterrecordid,contact,master_record_id,1.0
contact,matching_email__c,contact,matching_email_c,1.0
contact,migrationtool__c,contact,migration_tool_c,1.0
contact,mobilephone,contact,mobile_phone,1.0
contact,mql_date_and_time_stamp__c,contact,mql_date_and_time_stamp_c,1.0
contact,mql_date_del__c,contact,mql_date_del_c,1.0
contact,mql_grade__c,contact,mql_grade_c,1.0
contact,mql_month__c,contact,mql_month_c,1.0
contact,mql_type__c,contact,mql_type_c,1.0
contact,mql_year__c,contact,mql_year_c,1.0
contact,multi_line_conference_notes__c,contact,multi_line_conference_notes_c,1.0
contact,name,contact,name,1.0
contact,name__c,contact,name_c,1.0
contact,netsuite_id__c,contact,net_suite_id_c,1.0
contact,netsuite_link__c,contact,net_suite_link_c,1.0
contact,no_longer_with_account__c,contact,no_longer_with_account_c,1.0
contact,number_of_opps_at_50__c,contact,number_of_opps_at_50_c,1.0
contact,number_of_page_views__c,contact,number_of_page_views_c,1.0
contact,number_of_platform_visits__c,contact,number_of_platform_visits_c,1.0
contact,number_of_sessions__c,contact,number_of_sessions_c,1.0
contact,onboarding_comments__c,contact,onboarding_comments_c,1.0
contact,onboarding_next_steps__c,contact,onboarding_next_steps_c,1.0
contact,onboarding_type__c,contact,onboarding_type_c,1.0
contact,original_source__c,contact,original_source_c,1.0
contact,otherphone,contact,other_phone,1.0
contact,outreach_house_accounts__c,contact,outreach_house_accounts_c,1.0
contact,outreach_stage__c,contact,outreach_stage_c,1.0
contact,owner_match__c,contact,owner_match_c,1.0
contact,owner_mismatch__c,contact,owner_mismatch_c,1.0
contact,ownerid,contact,owner_id,1.0
contact,persona__c,contact,persona_c,1.0
contact,personnel_uid__c,contact,personnel_uid_c,1.0
contact,phone,contact,phone,1.0
contact,photourl,contact,photo_url,1.0
contact,planned_classes__c,contact,planned_classes_c,1.0
contact,planned_frequency__c,contact,planned_frequency_c,1.0
contact,planned_rostering__c,contact,planned_rostering_c,1.0
contact,planned_usage__c,contact,planned_usage_c,1.0
contact,platform_id__c,contact,platform_id_c,1.0
contact,platform_role__c,contact,platform_role_c,1.0
contact,plc_mailing_list__c,contact,plc_mailing_list_c,1.0
contact,plc_member__c,contact,plc_member_c,1.0
contact,power_teacher__c,contact,power_teacher_c,1.0
contact,power_user__c,contact,power_user_c,1.0
contact,primary__c,contact,primary_c,1.0
contact,prior_experience__c,contact,prior_experience_c,1.0
contact,product_interest__c,contact,product_interest_c,1.0
contact,pronouns,contact,pronouns,1.0
contact,prospect_notes__c,contact,prospect_notes_c,1.0
contact,prospect_status__c,contact,prospect_status_c,1.0
contact,qualifying_date__c,contact,qualifying_date_c,1.0
contact,qualifying_date_hubspot__c,contact,qualifying_date_hubspot_c,1.0
contact,rcsfl__sendsms__c,contact,rcsfl_send_sms_c,1.0
contact,rcsfl__sms_number__c,contact,rcsfl_sms_number_c,1.0
contact,recordtypeid,contact,record_type_id,1.0
contact,registered__c,contact,registered_c,1.0
contact,reject_reason__c,contact,reject_reason_c,1.0
contact,rejected_date__c,contact,rejected_date_c,1.0
contact,rejected_date_hubspot__c,contact,rejected_date_hubspot_c,1.0
contact,renewal_date__c,contact,renewal_date_c,1.0
contact,reportstoid,contact,reports_to_id,1.0
contact,returned__c,contact,returned_c,1.0
contact,returned_date__c,contact,returned_date_c,1.0
contact,returned_date_hubspot__c,contact,returned_date_hubspot_c,1.0
contact,role__c,contact,role_c,1.0
contact,school_enrollment__c,contact,school_enrollment_c,1.0
contact,sdrowner__c,contact,sdrowner_c,1.0
contact,source_campaign__c,contact,source_campaign_c,1.0
contact,sql_date__c,contact,sql_date_c,1.0
contact,sql_date_hubspot__c,contact,sql_date_hubspot_c,1.0
contact,started_with_students__c,contact,started_with_students_c,1.0
contact,subject__c,contact,subject_c,1.0
contact,survey_reward_level__c,contact,survey_reward_level_c,1.0
contact,sync__c,contact,sync_c,1.0
contact,synced_member__c,contact,synced_member_c,1.0
contact,systemmodstamp,contact,system_modstamp,1.0
contact,target_start_date__c,contact,target_start_date_c,1.0
contact,technical_contact__c,contact,technical_contact_c,1.0
contact,texas_regional_esc__c,contact,texas_regional_esc_c,1.0
contact,time_first_seen__c,contact,time_first_seen_c,1.0
contact,time_last_seen__c,contact,time_last_seen_c,1.0
contact,time_of_last_session__c,contact,time_of_last_session_c,1.0
contact,title,contact,title,1.0
contact,titletype,contact,title_type,1.0
contact,training__c,contact,training_c,1.0
contact,training_attended__c,contact,training_attended_c,1.0
contact,training_date__c,contact,training_date_c,1.0
contact,training_notes__c,contact,training_notes_c,1.0
contact,trial_access__c,contact,trial_access_c,1.0
contact,twitter_handle__c,contact,twitter_handle_c,1.0
contact,tx_proc_2024_communication_preference__c,contact,tx_proc_2024_communication_preference_c,1.0
contact,tx_proc_2024_product_interest__c,contact,tx_proc_2024_product_interest_c,1.0
contact,ultimate_parent_account__c,contact,ultimate_parent_account_c,1.0
contact,vidcode_org_id__c,contact,vidcode_org_id_c,1.0
contact,webform_mql__c,contact,webform_mql_c,1.0
contact,webinar__c,contact,webinar_c,1.0
contact,webinar_attended__c,contact,webinar_attended_c,1.0
contact,webinar_registered__c,contact,webinar_registered_c,1.0
contact,x2020_house_account__c,contact,x_2020_house_account_c,1.0
contact,x2020_house_account_quote__c,contact,x_2020_house_account_quote_c,1.0
contact,x2021_md_campaign__c,contact,x_2021_md_campaign_c,1.0
contact,x2024_fall_promotions__c,contact,x_2024_fall_promotions_c,1.0
contract,accountid,contract,account_id,1.0
contract,activatedbyid,contract,activated_by_id,1.0
contract,activateddate,contract,activated_date,1.0
contract,active_contract__c,contract,active_contract_c,1.0
contract,activitymetricid,contract,activity_metric_id,1.0
contract,activitymetricrollupid,contract,activity_metric_rollup_id,1.0
contract,billing_state__c,contract,billing_state_c,1.0
contract,companysigneddate,contract,company_signed_date,1.0
contract,companysignedid,contract,company_signed_id,1.0
contract,contract_arr__c,contract,contract_arr_c,1.0
contract,contracted_arr__c,contract,contracted_arr_c,1.0
contract,contractnumber,contract,contract_number,1.0
contract,contractterm,contract,contract_term,1.0
contract,createdbyid,contract,created_by_id,1.0
contract,createddate,contract,created_date,1.0
contract,customersigneddate,contract,customer_signed_date,1.0
contract,customersignedid,contract,customer_signed_id,1.0
contract,customersignedtitle,contract,customer_signed_title,1.0
contract,data_quality_description__c,contract,data_quality_description_c,1.0
contract,data_quality_score__c,contract,data_quality_score_c,1.0
contract,description,contract,description,1.0
contract,disable_auto_renewal__c,contract,disable_auto_renewal_c,1.0
contract,enddate,contract,end_date,1.0
contract,id,contract,id,1.0
contract,isdeleted,contract,is_deleted,1.0
contract,lastactivitydate,contract,last_activity_date,1.0
contract,lastapproveddate,contract,last_approved_date,1.0
contract,lastmodifiedbyid,contract,last_modified_by_id,1.0
contract,lastmodifieddate,contract,last_modified_date,1.0
contract,lastreferenceddate,contract,last_referenced_date,1.0
contract,lastvieweddate,contract,last_viewed_date,1.0
contract,learningsbxid__c,contract,learning_sbxid_c,1.0
contract,name,contract,name,1.0
contract,opp_delta__c,contract,opp_delta_c,1.0
contract,ownerexpirationnotice,contract,owner_expiration_notice,1.0
contract,ownerid,contract,owner_id,1.0
contract,pricebook2id,contract,pricebook_2_id,1.0
contract,renewal_opp_amount__c,contract,renewal_opp_amount_c,1.0
contract,renewal_opp_close_date__c,contract,renewal_opp_close_date_c,1.0
contract,renewal_opp_stage__c,contract,renewal_opp_stage_c,1.0
contract,renewal_owner1__c,contract,renewal_owner_1_c,1.0
contract,renewal_quote_discount__c,contract,renewal_quote_discount_c,1.0
contract,renewal_quote_id__c,contract,renewal_quote_id_c,1.0
contract,sbqq__activecontract__c,contract,sbqq_active_contract_c,1.0
contract,sbqq__amendmentopportunityrecordtypeid__c,contract,sbqq_amendment_opportunity_record_type_id_c,1.0
contract,sbqq__amendmentopportunitystage__c,contract,sbqq_amendment_opportunity_stage_c,1.0
contract,sbqq__amendmentowner__c,contract,sbqq_amendment_owner_c,1.0
contract,sbqq__amendmentpricebookid__c,contract,sbqq_amendment_pricebook_id_c,1.0
contract,sbqq__amendmentrenewalbehavior__c,contract,sbqq_amendment_renewal_behavior_c,1.0
contract,sbqq__amendmentstartdate__c,contract,sbqq_amendment_start_date_c,1.0
contract,sbqq__defaultrenewalcontactroles__c,contract,sbqq_default_renewal_contact_roles_c,1.0
contract,sbqq__defaultrenewalpartners__c,contract,sbqq_default_renewal_partners_c,1.0
contract,sbqq__disableamendmentcoterm__c,contract,sbqq_disable_amendment_co_term_c,1.0
contract,sbqq__evergreen__c,contract,sbqq_evergreen_c,1.0
contract,sbqq__expirationdate__c,contract,sbqq_expiration_date_c,1.0
contract,sbqq__mastercontract__c,contract,sbqq_master_contract_c,1.0
contract,sbqq__mdqrenewalbehavior__c,contract,sbqq_mdqrenewal_behavior_c,1.0
contract,sbqq__opportunity__c,contract,sbqq_opportunity_c,1.0
contract,sbqq__opportunitypricebookid__c,contract,sbqq_opportunity_pricebook_id_c,1.0
contract,sbqq__order__c,contract,sbqq_order_c,1.0
contract,sbqq__preservebundlestructureuponrenewals__c,contract,sbqq_preserve_bundle_structure_upon_renewals_c,1.0
contract,sbqq__quote__c,contract,sbqq_quote_c,1.0
contract,sbqq__renewalforecast__c,contract,sbqq_renewal_forecast_c,1.0
contract,sbqq__renewalopportunity__c,contract,sbqq_renewal_opportunity_c,1.0
contract,sbqq__renewalopportunityrecordtypeid__c,contract,sbqq_renewal_opportunity_record_type_id_c,1.0
contract,sbqq__renewalopportunitystage__c,contract,sbqq_renewal_opportunity_stage_c,1.0
contract,sbqq__renewalowner__c,contract,sbqq_renewal_owner_c,1.0
contract,sbqq__renewalpricebookid__c,contract,sbqq_renewal_pricebook_id_c,1.0
contract,sbqq__renewalquoted__c,contract,sbqq_renewal_quoted_c,1.0
contract,sbqq__renewalterm__c,contract,sbqq_renewal_term_c,1.0
contract,sbqq__renewalupliftrate__c,contract,sbqq_renewal_uplift_rate_c,1.0
contract,sbqq__subscriptionquantitiescombined__c,contract,sbqq_subscription_quantities_combined_c,1.0
contract,source_opp_amount__c,contract,source_opp_amount_c,1.0
contract,source_opp_close_date__c,contract,source_opp_close_date_c,1.0
contract,source_opp_discount__c,contract,source_opp_discount_c,1.0
contract,source_opp_discount_dollar__c,contract,source_opp_discount_dollar_c,1.0
contract,source_opp_owner__c,contract,source_opp_owner_c,1.0
contract,source_opp_record_type__c,contract,source_opp_record_type_c,1.0
contract,specialterms,contract,special_terms,1.0
contract,startdate,contract,start_date,1.0
contract,status,contract,status,1.0
contract,statuscode,contract,status_code,1.0
contract,subscription_roll_up__c,contract,subscription_roll_up_c,1.0
contract,systemmodstamp,contract,system_modstamp,1.0
contract,update__c,contract,update_c,1.0
datalineagenodesyncstatus,createdbyid,data_lineage_node_sync_status,created_by_id,1.0
datalineagenodesyncstatus,createddate,data_lineage_node_sync_status,created_date,1.0
datalineagenodesyncstatus,devname,data_lineage_node_sync_status,dev_name,1.0
datalineagenodesyncstatus,id,data_lineage_node_sync_status,id,1.0
datalineagenodesyncstatus,isdeleted,data_lineage_node_sync_status,is_deleted,1.0
datalineagenodesyncstatus,lastfailurereason,data_lineage_node_sync_status,last_failure_reason,1.0
datalineagenodesyncstatus,lastmodifiedbyid,data_lineage_node_sync_status,last_modified_by_id,1.0
datalineagenodesyncstatus,lastmodifieddate,data_lineage_node_sync_status,last_modified_date,1.0
datalineagenodesyncstatus,lastreferenceddate,data_lineage_node_sync_status,last_referenced_date,1.0
datalineagenodesyncstatus,lastvieweddate,data_lineage_node_sync_status,last_viewed_date,1.0
datalineagenodesyncstatus,name,data_lineage_node_sync_status,name,1.0
datalineagenodesyncstatus,objecttype,data_lineage_node_sync_status,object_type,1.0
datalineagenodesyncstatus,operationtime,data_lineage_node_sync_status,operation_time,1.0
datalineagenodesyncstatus,operationtype,data_lineage_node_sync_status,operation_type,1.0
datalineagenodesyncstatus,ownerid,data_lineage_node_sync_status,owner_id,1.0
datalineagenodesyncstatus,payload,data_lineage_node_sync_status,payload,1.0
datalineagenodesyncstatus,recordidentifier,data_lineage_node_sync_status,record_identifier,1.0
datalineagenodesyncstatus,syncstatus,data_lineage_node_sync_status,sync_status,1.0
datalineagenodesyncstatus,systemmodstamp,data_lineage_node_sync_status,system_modstamp,1.0
datalineagenodesyncstatusfeed,bestcommentid,data_lineage_node_sync_status_feed,best_comment_id,1.0
datalineagenodesyncstatusfeed,body,data_lineage_node_sync_status_feed,body,1.0
datalineagenodesyncstatusfeed,commentcount,data_lineage_node_sync_status_feed,comment_count,1.0
datalineagenodesyncstatusfeed,createdbyid,data_lineage_node_sync_status_feed,created_by_id,1.0
datalineagenodesyncstatusfeed,createddate,data_lineage_node_sync_status_feed,created_date,1.0
datalineagenodesyncstatusfeed,id,data_lineage_node_sync_status_feed,id,1.0
datalineagenodesyncstatusfeed,insertedbyid,data_lineage_node_sync_status_feed,inserted_by_id,1.0
datalineagenodesyncstatusfeed,isdeleted,data_lineage_node_sync_status_feed,is_deleted,1.0
datalineagenodesyncstatusfeed,isrichtext,data_lineage_node_sync_status_feed,is_rich_text,1.0
datalineagenodesyncstatusfeed,lastmodifieddate,data_lineage_node_sync_status_feed,last_modified_date,1.0
datalineagenodesyncstatusfeed,likecount,data_lineage_node_sync_status_feed,like_count,1.0
datalineagenodesyncstatusfeed,linkurl,data_lineage_node_sync_status_feed,link_url,1.0
datalineagenodesyncstatusfeed,networkscope,data_lineage_node_sync_status_feed,network_scope,1.0
datalineagenodesyncstatusfeed,parentid,data_lineage_node_sync_status_feed,parent_id,1.0
datalineagenodesyncstatusfeed,relatedrecordid,data_lineage_node_sync_status_feed,related_record_id,1.0
datalineagenodesyncstatusfeed,systemmodstamp,data_lineage_node_sync_status_feed,system_modstamp,1.0
datalineagenodesyncstatusfeed,title,data_lineage_node_sync_status_feed,title,1.0
datalineagenodesyncstatusfeed,type,data_lineage_node_sync_status_feed,type,1.0
datalineagenodesyncstatusfeed,visibility,data_lineage_node_sync_status_feed,visibility,1.0
datalineagenodesyncstatushistory,createdbyid,data_lineage_node_sync_status_history,created_by_id,1.0
datalineagenodesyncstatushistory,createddate,data_lineage_node_sync_status_history,created_date,1.0
datalineagenodesyncstatushistory,datalineagenodesyncstatusid,data_lineage_node_sync_status_history,data_lineage_node_sync_status_id,1.0
datalineagenodesyncstatushistory,datatype,data_lineage_node_sync_status_history,data_type,1.0
datalineagenodesyncstatushistory,field,data_lineage_node_sync_status_history,field,1.0
datalineagenodesyncstatushistory,id,data_lineage_node_sync_status_history,id,1.0
datalineagenodesyncstatushistory,isdeleted,data_lineage_node_sync_status_history,is_deleted,1.0
datalineagenodesyncstatushistory,newvalue,data_lineage_node_sync_status_history,new_value,1.0
datalineagenodesyncstatushistory,oldvalue,data_lineage_node_sync_status_history,old_value,1.0
entitydefinition,defaultcompactlayoutid,entity_definition,default_compact_layout_id,1.0
entitydefinition,defaultimplementation,entity_definition,default_implementation,1.0
entitydefinition,deploymentstatus,entity_definition,deployment_status,1.0
entitydefinition,detailurl,entity_definition,detail_url,1.0
entitydefinition,developername,entity_definition,developer_name,1.0
entitydefinition,durableid,entity_definition,durable_id,1.0
entitydefinition,editdefinitionurl,entity_definition,edit_definition_url,1.0
entitydefinition,editurl,entity_definition,edit_url,1.0
entitydefinition,extendedby,entity_definition,extended_by,1.0
entitydefinition,extendsinterfaces,entity_definition,extends_interfaces,1.0
entitydefinition,externalsharingmodel,entity_definition,external_sharing_model,1.0
entitydefinition,hassubtypes,entity_definition,has_subtypes,1.0
entitydefinition,helpsettingpagename,entity_definition,help_setting_page_name,1.0
entitydefinition,helpsettingpageurl,entity_definition,help_setting_page_url,1.0
entitydefinition,id,entity_definition,id,1.0
entitydefinition,implementedby,entity_definition,implemented_by,1.0
entitydefinition,implementsinterfaces,entity_definition,implements_interfaces,1.0
entitydefinition,internalsharingmodel,entity_definition,internal_sharing_model,1.0
entitydefinition,isapextriggerable,entity_definition,is_apex_triggerable,1.0
entitydefinition,isautoactivitycaptureenabled,entity_definition,is_auto_activity_capture_enabled,1.0
entitydefinition,iscompactlayoutable,entity_definition,is_compact_layoutable,1.0
entitydefinition,iscustomizable,entity_definition,is_customizable,1.0
entitydefinition,iscustomsetting,entity_definition,is_custom_setting,1.0
entitydefinition,isdeprecatedandhidden,entity_definition,is_deprecated_and_hidden,1.0
entitydefinition,isevercreatable,entity_definition,is_ever_creatable,1.0
entitydefinition,iseverdeletable,entity_definition,is_ever_deletable,1.0
entitydefinition,iseverupdatable,entity_definition,is_ever_updatable,1.0
entitydefinition,isfeedenabled,entity_definition,is_feed_enabled,1.0
entitydefinition,isidenabled,entity_definition,is_id_enabled,1.0
entitydefinition,isinterface,entity_definition,is_interface,1.0
entitydefinition,islayoutable,entity_definition,is_layoutable,1.0
entitydefinition,ismruenabled,entity_definition,is_mru_enabled,1.0
entitydefinition,isprocessenabled,entity_definition,is_process_enabled,1.0
entitydefinition,isqueryable,entity_definition,is_queryable,1.0
entitydefinition,isreplicateable,entity_definition,is_replicateable,1.0
entitydefinition,isretrieveable,entity_definition,is_retrieveable,1.0
entitydefinition,issearchable,entity_definition,is_searchable,1.0
entitydefinition,issearchlayoutable,entity_definition,is_search_layoutable,1.0
entitydefinition,issubtype,entity_definition,is_subtype,1.0
entitydefinition,istriggerable,entity_definition,is_triggerable,1.0
entitydefinition,isworkflowenabled,entity_definition,is_workflow_enabled,1.0
entitydefinition,keyprefix,entity_definition,key_prefix,1.0
entitydefinition,label,entity_definition,label,1.0
entitydefinition,lastmodifiedbyid,entity_definition,last_modified_by_id,1.0
entitydefinition,lastmodifieddate,entity_definition,last_modified_date,1.0
entitydefinition,masterlabel,entity_definition,master_label,1.0
entitydefinition,namespaceprefix,entity_definition,namespace_prefix,1.0
entitydefinition,newurl,entity_definition,new_url,1.0
entitydefinition,plurallabel,entity_definition,plural_label,1.0
entitydefinition,publisherid,entity_definition,publisher_id,1.0
entitydefinition,qualifiedapiname,entity_definition,qualified_api_name,1.0
entitydefinition,runninguserentityaccessid,entity_definition,running_user_entity_access_id,1.0
fielddefinition,businessownerid,field_definition,business_owner_id,1.0
fielddefinition,businessstatus,field_definition,business_status,1.0
fielddefinition,compliancegroup,field_definition,compliance_group,1.0
fielddefinition,controllingfielddefinitionid,field_definition,controlling_field_definition_id,1.0
fielddefinition,datatype,field_definition,data_type,1.0
fielddefinition,description,field_definition,description,1.0
fielddefinition,developername,field_definition,developer_name,1.0
fielddefinition,durableid,field_definition,durable_id,1.0
fielddefinition,entitydefinitionid,field_definition,entity_definition_id,1.0
fielddefinition,extratypeinfo,field_definition,extra_type_info,1.0
fielddefinition,id,field_definition,id,1.0
fielddefinition,isaipredictionfield,field_definition,is_ai_prediction_field,1.0
fielddefinition,isapifilterable,field_definition,is_api_filterable,1.0
fielddefinition,isapigroupable,field_definition,is_api_groupable,1.0
fielddefinition,isapisortable,field_definition,is_api_sortable,1.0
fielddefinition,iscalculated,field_definition,is_calculated,1.0
fielddefinition,iscompactlayoutable,field_definition,is_compact_layoutable,1.0
fielddefinition,iscompound,field_definition,is_compound,1.0
fielddefinition,isfieldhistorytracked,field_definition,is_field_history_tracked,1.0
fielddefinition,ishighscalenumber,field_definition,is_high_scale_number,1.0
fielddefinition,ishtmlformatted,field_definition,is_html_formatted,1.0
fielddefinition,isindexed,field_definition,is_indexed,1.0
fielddefinition,islistfilterable,field_definition,is_list_filterable,1.0
fielddefinition,islistsortable,field_definition,is_list_sortable,1.0
fielddefinition,islistvisible,field_definition,is_list_visible,1.0
fielddefinition,isnamefield,field_definition,is_name_field,1.0
fielddefinition,isnillable,field_definition,is_nillable,1.0
fielddefinition,ispolymorphicforeignkey,field_definition,is_polymorphic_foreign_key,1.0
fielddefinition,issearchprefilterable,field_definition,is_search_prefilterable,1.0
fielddefinition,isworkflowfilterable,field_definition,is_workflow_filterable,1.0
fielddefinition,label,field_definition,label,1.0
fielddefinition,lastmodifiedbyid,field_definition,last_modified_by_id,1.0
fielddefinition,lastmodifieddate,field_definition,last_modified_date,1.0
fielddefinition,length,field_definition,length,1.0
fielddefinition,masterlabel,field_definition,master_label,1.0
fielddefinition,namespaceprefix,field_definition,namespace_prefix,1.0
fielddefinition,precision,field_definition,precision,1.0
fielddefinition,publisherid,field_definition,publisher_id,1.0
fielddefinition,qualifiedapiname,field_definition,qualified_api_name,1.0
fielddefinition,referencetargetfield,field_definition,reference_target_field,1.0
fielddefinition,relationshipname,field_definition,relationship_name,1.0
fielddefinition,runninguserfieldaccessid,field_definition,running_user_field_access_id,1.0
fielddefinition,scale,field_definition,scale,1.0
fielddefinition,securityclassification,field_definition,security_classification,1.0
fielddefinition,servicedatatypeid,field_definition,service_data_type_id,1.0
fielddefinition,valuetypeid,field_definition,value_type_id,1.0
incp__incident_lv_fields__c,createdbyid,incp_incident_lv_fields_c,created_by_id,1.0
incp__incident_lv_fields__c,createddate,incp_incident_lv_fields_c,created_date,1.0
incp__incident_lv_fields__c,id,incp_incident_lv_fields_c,id,1.0
incp__incident_lv_fields__c,incp__fieldname__c,incp_incident_lv_fields_c,incp_field_name_c,1.0
incp__incident_lv_fields__c,incp__fieldtype__c,incp_incident_lv_fields_c,incp_field_type_c,1.0
incp__incident_lv_fields__c,incp__idrelatedfield__c,incp_incident_lv_fields_c,incp_id_related_field_c,1.0
incp__incident_lv_fields__c,incp__label__c,incp_incident_lv_fields_c,incp_label_c,1.0
incp__incident_lv_fields__c,incp__relatedfieldname__c,incp_incident_lv_fields_c,incp_related_field_name_c,1.0
incp__incident_lv_fields__c,incp__relatedfieldpath__c,incp_incident_lv_fields_c,incp_related_field_path_c,1.0
incp__incident_lv_fields__c,incp__show_related_field__c,incp_incident_lv_fields_c,incp_show_related_field_c,1.0
incp__incident_lv_fields__c,incp__visible__c,incp_incident_lv_fields_c,incp_visible_c,1.0
incp__incident_lv_fields__c,isdeleted,incp_incident_lv_fields_c,is_deleted,1.0
incp__incident_lv_fields__c,lastmodifiedbyid,incp_incident_lv_fields_c,last_modified_by_id,1.0
incp__incident_lv_fields__c,lastmodifieddate,incp_incident_lv_fields_c,last_modified_date,1.0
incp__incident_lv_fields__c,name,incp_incident_lv_fields_c,name,1.0
incp__incident_lv_fields__c,setupownerid,incp_incident_lv_fields_c,setup_owner_id,1.0
incp__incident_lv_fields__c,systemmodstamp,incp_incident_lv_fields_c,system_modstamp,1.0
incp__timezoneselection__c,createdbyid,incp_time_zone_selection_c,created_by_id,1.0
incp__timezoneselection__c,createddate,incp_time_zone_selection_c,created_date,1.0
incp__timezoneselection__c,id,incp_time_zone_selection_c,id,1.0
incp__timezoneselection__c,incp__objectname__c,incp_time_zone_selection_c,incp_object_name_c,1.0
incp__timezoneselection__c,incp__selection__c,incp_time_zone_selection_c,incp_selection_c,1.0
incp__timezoneselection__c,isdeleted,incp_time_zone_selection_c,is_deleted,1.0
incp__timezoneselection__c,lastmodifiedbyid,incp_time_zone_selection_c,last_modified_by_id,1.0
incp__timezoneselection__c,lastmodifieddate,incp_time_zone_selection_c,last_modified_date,1.0
incp__timezoneselection__c,name,incp_time_zone_selection_c,name,1.0
incp__timezoneselection__c,setupownerid,incp_time_zone_selection_c,setup_owner_id,1.0
incp__timezoneselection__c,systemmodstamp,incp_time_zone_selection_c,system_modstamp,1.0
lcom_account__c,count_of_organizations_with_platform_id__c,lcom_account_c,count_of_organizations_with_platform_id_c,1.0
lcom_account__c,createdbyid,lcom_account_c,created_by_id,1.0
lcom_account__c,createddate,lcom_account_c,created_date,1.0
lcom_account__c,id,lcom_account_c,id,1.0
lcom_account__c,isdeleted,lcom_account_c,is_deleted,1.0
lcom_account__c,islinked__c,lcom_account_c,is_linked_c,1.0
lcom_account__c,issynced__c,lcom_account_c,is_synced_c,1.0
lcom_account__c,lastactivitydate,lcom_account_c,last_activity_date,1.0
lcom_account__c,lastmodifiedbyid,lcom_account_c,last_modified_by_id,1.0
lcom_account__c,lastmodifieddate,lcom_account_c,last_modified_date,1.0
lcom_account__c,lastreferenceddate,lcom_account_c,last_referenced_date,1.0
lcom_account__c,lastvieweddate,lcom_account_c,last_viewed_date,1.0
lcom_account__c,lcom_account_id_18__c,lcom_account_c,lcom_account_id_18_c,1.0
lcom_account__c,lcom_account_state__c,lcom_account_c,lcom_account_state_c,1.0
lcom_account__c,lcom_django_id__c,lcom_account_c,lcom_django_id_c,1.0
lcom_account__c,lcom_platform_account_id__c,lcom_account_c,lcom_platform_account_id_c,1.0
lcom_account__c,name,lcom_account_c,name,1.0
lcom_account__c,salesforce_account__c,lcom_account_c,salesforce_account_c,1.0
lcom_account__c,salesforce_account_id_18__c,lcom_account_c,salesforce_account_id_18_c,1.0
lcom_account__c,systemmodstamp,lcom_account_c,system_modstamp,1.0
lcom_license__c,createdbyid,lcom_license_c,created_by_id,1.0
lcom_license__c,createddate,lcom_license_c,created_date,1.0
lcom_license__c,enforce_date_restrictions__c,lcom_license_c,enforce_date_restrictions_c,1.0
lcom_license__c,id,lcom_license_c,id,1.0
lcom_license__c,isactive__c,lcom_license_c,is_active_c,1.0
lcom_license__c,isdeleted,lcom_license_c,is_deleted,1.0
lcom_license__c,isdisabled__c,lcom_license_c,is_disabled_c,1.0
lcom_license__c,islinked__c,lcom_license_c,is_linked_c,1.0
lcom_license__c,issynced__c,lcom_license_c,is_synced_c,1.0
lcom_license__c,isvalid__c,lcom_license_c,is_valid_c,1.0
lcom_license__c,lastactivitydate,lcom_license_c,last_activity_date,1.0
lcom_license__c,lastmodifiedbyid,lcom_license_c,last_modified_by_id,1.0
lcom_license__c,lastmodifieddate,lcom_license_c,last_modified_date,1.0
lcom_license__c,lastreferenceddate,lcom_license_c,last_referenced_date,1.0
lcom_license__c,lastvieweddate,lcom_license_c,last_viewed_date,1.0
lcom_license__c,lcom_django_id__c,lcom_license_c,lcom_django_id_c,1.0
lcom_license__c,lcom_license_end_date__c,lcom_license_c,lcom_license_end_date_c,1.0
lcom_license__c,lcom_license_quantity__c,lcom_license_c,lcom_license_quantity_c,1.0
lcom_license__c,lcom_license_site_count__c,lcom_license_c,lcom_license_site_count_c,1.0
lcom_license__c,lcom_license_start_date__c,lcom_license_c,lcom_license_start_date_c,1.0
lcom_license__c,lcom_order__c,lcom_license_c,lcom_order_c,1.0
lcom_license__c,lcom_organization__c,lcom_license_c,lcom_organization_c,1.0
lcom_license__c,lcom_platform_license_id__c,lcom_license_c,lcom_platform_license_id_c,1.0
lcom_license__c,lcom_suite__c,lcom_license_c,lcom_suite_c,1.0
lcom_license__c,lcom_suite_name__c,lcom_license_c,lcom_suite_name_c,1.0
lcom_license__c,name,lcom_license_c,name,1.0
lcom_license__c,quote__c,lcom_license_c,quote_c,1.0
lcom_license__c,ready_to_sync__c,lcom_license_c,ready_to_sync_c,1.0
lcom_license__c,systemmodstamp,lcom_license_c,system_modstamp,1.0
lcom_license_site__c,account__c,lcom_license_site_c,account_c,1.0
lcom_license_site__c,createdbyid,lcom_license_site_c,created_by_id,1.0
lcom_license_site__c,createddate,lcom_license_site_c,created_date,1.0
lcom_license_site__c,id,lcom_license_site_c,id,1.0
lcom_license_site__c,isdeleted,lcom_license_site_c,is_deleted,1.0
lcom_license_site__c,isdisabled__c,lcom_license_site_c,is_disabled_c,1.0
lcom_license_site__c,islinked__c,lcom_license_site_c,is_linked_c,1.0
lcom_license_site__c,issynced__c,lcom_license_site_c,is_synced_c,1.0
lcom_license_site__c,lastactivitydate,lcom_license_site_c,last_activity_date,1.0
lcom_license_site__c,lastmodifiedbyid,lcom_license_site_c,last_modified_by_id,1.0
lcom_license_site__c,lastmodifieddate,lcom_license_site_c,last_modified_date,1.0
lcom_license_site__c,lcom_django_id__c,lcom_license_site_c,lcom_django_id_c,1.0
lcom_license_site__c,lcom_license__c,lcom_license_site_c,lcom_license_c,1.0
lcom_license_site__c,lcom_license_name_created__c,lcom_license_site_c,lcom_license_name_created_c,1.0
lcom_license_site__c,lcom_order__c,lcom_license_site_c,lcom_order_c,1.0
lcom_license_site__c,lcom_organization__c,lcom_license_site_c,lcom_organization_c,1.0
lcom_license_site__c,lcom_organization_django_id__c,lcom_license_site_c,lcom_organization_django_id_c,1.0
lcom_license_site__c,lcom_organization_islinked__c,lcom_license_site_c,lcom_organization_is_linked_c,1.0
lcom_license_site__c,lcom_organization_name__c,lcom_license_site_c,lcom_organization_name_c,1.0
lcom_license_site__c,lcom_organization_parent__c,lcom_license_site_c,lcom_organization_parent_c,1.0
lcom_license_site__c,lcom_organization_parent_islinked__c,lcom_license_site_c,lcom_organization_parent_is_linked_c,1.0
lcom_license_site__c,lcom_platform_license_site_id__c,lcom_license_site_c,lcom_platform_license_site_id_c,1.0
lcom_license_site__c,lcom_suite__c,lcom_license_site_c,lcom_suite_c,1.0
lcom_license_site__c,name,lcom_license_site_c,name,1.0
lcom_license_site__c,quote_line__c,lcom_license_site_c,quote_line_c,1.0
lcom_license_site__c,systemmodstamp,lcom_license_site_c,system_modstamp,1.0
lcom_member__c,createdbyid,lcom_member_c,created_by_id,1.0
lcom_member__c,createddate,lcom_member_c,created_date,1.0
lcom_member__c,id,lcom_member_c,id,1.0
lcom_member__c,isdeleted,lcom_member_c,is_deleted,1.0
lcom_member__c,islinked__c,lcom_member_c,is_linked_c,1.0
lcom_member__c,issynced__c,lcom_member_c,is_synced_c,1.0
lcom_member__c,lastmodifiedbyid,lcom_member_c,last_modified_by_id,1.0
lcom_member__c,lastmodifieddate,lcom_member_c,last_modified_date,1.0
lcom_member__c,lcom_django_id__c,lcom_member_c,lcom_django_id_c,1.0
lcom_member__c,lcom_member_email__c,lcom_member_c,lcom_member_email_c,1.0
lcom_member__c,lcom_member_roles__c,lcom_member_c,lcom_member_roles_c,1.0
lcom_member__c,lcom_member_unique_identifier__c,lcom_member_c,lcom_member_unique_identifier_c,1.0
lcom_member__c,lcom_organization__c,lcom_member_c,lcom_organization_c,1.0
lcom_member__c,lcom_platform_member_id__c,lcom_member_c,lcom_platform_member_id_c,1.0
lcom_member__c,lcom_platform_organization_id__c,lcom_member_c,lcom_platform_organization_id_c,1.0
lcom_member__c,name,lcom_member_c,name,1.0
lcom_member__c,platform_username__c,lcom_member_c,platform_username_c,1.0
lcom_member__c,salesforce_contact__c,lcom_member_c,salesforce_contact_c,1.0
lcom_member__c,send_login_link__c,lcom_member_c,send_login_link_c,1.0
lcom_member__c,systemmodstamp,lcom_member_c,system_modstamp,1.0
lcom_order__c,createdbyid,lcom_order_c,created_by_id,1.0
lcom_order__c,createddate,lcom_order_c,created_date,1.0
lcom_order__c,id,lcom_order_c,id,1.0
lcom_order__c,isdeleted,lcom_order_c,is_deleted,1.0
lcom_order__c,lastactivitydate,lcom_order_c,last_activity_date,1.0
lcom_order__c,lastmodifiedbyid,lcom_order_c,last_modified_by_id,1.0
lcom_order__c,lastmodifieddate,lcom_order_c,last_modified_date,1.0
lcom_order__c,lastreferenceddate,lcom_order_c,last_referenced_date,1.0
lcom_order__c,lastvieweddate,lcom_order_c,last_viewed_date,1.0
lcom_order__c,lcom_account__c,lcom_order_c,lcom_account_c,1.0
lcom_order__c,lcom_django_id__c,lcom_order_c,lcom_django_id_c,1.0
lcom_order__c,lcom_license_count__c,lcom_order_c,lcom_license_count_c,1.0
lcom_order__c,lcom_licenses_ready_to_sync_count__c,lcom_order_c,lcom_licenses_ready_to_sync_count_c,1.0
lcom_order__c,lcom_order_amount__c,lcom_order_c,lcom_order_amount_c,1.0
lcom_order__c,lcom_order_cancellation_reason__c,lcom_order_c,lcom_order_cancellation_reason_c,1.0
lcom_order__c,lcom_order_line_count__c,lcom_order_c,lcom_order_line_count_c,1.0
lcom_order__c,lcom_order_status__c,lcom_order_c,lcom_order_status_c,1.0
lcom_order__c,lcom_order_type__c,lcom_order_c,lcom_order_type_c,1.0
lcom_order__c,lcom_organization_islinked__c,lcom_order_c,lcom_organization_is_linked_c,1.0
lcom_order__c,lcom_term__c,lcom_order_c,lcom_term_c,1.0
lcom_order__c,lcom_term_django_id__c,lcom_order_c,lcom_term_django_id_c,1.0
lcom_order__c,license_provisioned_date__c,lcom_order_c,license_provisioned_date_c,1.0
lcom_order__c,maximum_end_date__c,lcom_order_c,maximum_end_date_c,1.0
lcom_order__c,minimum_order_start_date__c,lcom_order_c,minimum_order_start_date_c,1.0
lcom_order__c,name,lcom_order_c,name,1.0
lcom_order__c,opportunity__c,lcom_order_c,opportunity_c,1.0
lcom_order__c,opportunity_number__c,lcom_order_c,opportunity_number_c,1.0
lcom_order__c,order_end_date__c,lcom_order_c,order_end_date_c,1.0
lcom_order__c,order_start_date__c,lcom_order_c,order_start_date_c,1.0
lcom_order__c,po_number__c,lcom_order_c,po_number_c,1.0
lcom_order__c,quote__c,lcom_order_c,quote_c,1.0
lcom_order__c,sales_support_rep__c,lcom_order_c,sales_support_rep_c,1.0
lcom_order__c,salesforce_account__c,lcom_order_c,salesforce_account_c,1.0
lcom_order__c,systemmodstamp,lcom_order_c,system_modstamp,1.0
lcom_order_line__c,createdbyid,lcom_order_line_c,created_by_id,1.0
lcom_order_line__c,createddate,lcom_order_line_c,created_date,1.0
lcom_order_line__c,id,lcom_order_line_c,id,1.0
lcom_order_line__c,isdeleted,lcom_order_line_c,is_deleted,1.0
lcom_order_line__c,lastactivitydate,lcom_order_line_c,last_activity_date,1.0
lcom_order_line__c,lastmodifiedbyid,lcom_order_line_c,last_modified_by_id,1.0
lcom_order_line__c,lastmodifieddate,lcom_order_line_c,last_modified_date,1.0
lcom_order_line__c,lcom_license__c,lcom_order_line_c,lcom_license_c,1.0
lcom_order_line__c,lcom_order__c,lcom_order_line_c,lcom_order_c,1.0
lcom_order_line__c,lcom_order_line_end_date__c,lcom_order_line_c,lcom_order_line_end_date_c,1.0
lcom_order_line__c,lcom_order_line_quantity__c,lcom_order_line_c,lcom_order_line_quantity_c,1.0
lcom_order_line__c,lcom_order_line_start_date__c,lcom_order_line_c,lcom_order_line_start_date_c,1.0
lcom_order_line__c,lcom_order_product_amount__c,lcom_order_line_c,lcom_order_product_amount_c,1.0
lcom_order_line__c,lcom_organization__c,lcom_order_line_c,lcom_organization_c,1.0
lcom_order_line__c,lcom_suite__c,lcom_order_line_c,lcom_suite_c,1.0
lcom_order_line__c,lcom_term__c,lcom_order_line_c,lcom_term_c,1.0
lcom_order_line__c,license_set_up__c,lcom_order_line_c,license_set_up_c,1.0
lcom_order_line__c,name,lcom_order_line_c,name,1.0
lcom_order_line__c,opportunity__c,lcom_order_line_c,opportunity_c,1.0
lcom_order_line__c,opportunity_number__c,lcom_order_line_c,opportunity_number_c,1.0
lcom_order_line__c,po_number__c,lcom_order_line_c,po_number_c,1.0
lcom_order_line__c,product__c,lcom_order_line_c,product_c,1.0
lcom_order_line__c,product_name__c,lcom_order_line_c,product_name_c,1.0
lcom_order_line__c,quote_line__c,lcom_order_line_c,quote_line_c,1.0
lcom_order_line__c,systemmodstamp,lcom_order_line_c,system_modstamp,1.0
lcom_order_modification__c,createdbyid,lcom_order_modification_c,created_by_id,1.0
lcom_order_modification__c,createddate,lcom_order_modification_c,created_date,1.0
lcom_order_modification__c,id,lcom_order_modification_c,id,1.0
lcom_order_modification__c,isdeleted,lcom_order_modification_c,is_deleted,1.0
lcom_order_modification__c,lastactivitydate,lcom_order_modification_c,last_activity_date,1.0
lcom_order_modification__c,lastmodifiedbyid,lcom_order_modification_c,last_modified_by_id,1.0
lcom_order_modification__c,lastmodifieddate,lcom_order_modification_c,last_modified_date,1.0
lcom_order_modification__c,lcom_order_modified__c,lcom_order_modification_c,lcom_order_modified_c,1.0
lcom_order_modification__c,modification_type__c,lcom_order_modification_c,modification_type_c,1.0
lcom_order_modification__c,modificationsub_type__c,lcom_order_modification_c,modification_sub_type_c,1.0
lcom_order_modification__c,modified_by__c,lcom_order_modification_c,modified_by_c,1.0
lcom_order_modification__c,modified_date__c,lcom_order_modification_c,modified_date_c,1.0
lcom_order_modification__c,name,lcom_order_modification_c,name,1.0
lcom_order_modification__c,systemmodstamp,lcom_order_modification_c,system_modstamp,1.0
lcom_organization__c,account__c,lcom_organization_c,account_c,1.0
lcom_organization__c,account_missing_platform_id__c,lcom_organization_c,account_missing_platform_id_c,1.0
lcom_organization__c,city__c,lcom_organization_c,city_c,1.0
lcom_organization__c,country__c,lcom_organization_c,country_c,1.0
lcom_organization__c,createdbyid,lcom_organization_c,created_by_id,1.0
lcom_organization__c,createddate,lcom_organization_c,created_date,1.0
lcom_organization__c,demo_district__c,lcom_organization_c,demo_district_c,1.0
lcom_organization__c,free_trial__c,lcom_organization_c,free_trial_c,1.0
lcom_organization__c,has_parent_organization__c,lcom_organization_c,has_parent_organization_c,1.0
lcom_organization__c,id,lcom_organization_c,id,1.0
lcom_organization__c,isdeleted,lcom_organization_c,is_deleted,1.0
lcom_organization__c,islinked__c,lcom_organization_c,is_linked_c,1.0
lcom_organization__c,issynced__c,lcom_organization_c,is_synced_c,1.0
lcom_organization__c,lastactivitydate,lcom_organization_c,last_activity_date,1.0
lcom_organization__c,lastmodifiedbyid,lcom_organization_c,last_modified_by_id,1.0
lcom_organization__c,lastmodifieddate,lcom_organization_c,last_modified_date,1.0
lcom_organization__c,lastreferenceddate,lcom_organization_c,last_referenced_date,1.0
lcom_organization__c,lastvieweddate,lcom_organization_c,last_viewed_date,1.0
lcom_organization__c,lcom_account__c,lcom_organization_c,lcom_account_c,1.0
lcom_organization__c,lcom_account_id__c,lcom_organization_c,lcom_account_id_c,1.0
lcom_organization__c,lcom_django_id__c,lcom_organization_c,lcom_django_id_c,1.0
lcom_organization__c,lcom_organization_parent__c,lcom_organization_c,lcom_organization_parent_c,1.0
lcom_organization__c,lcom_organization_type__c,lcom_organization_c,lcom_organization_type_c,1.0
lcom_organization__c,lcom_platform_organization_id__c,lcom_organization_c,lcom_platform_organization_id_c,1.0
lcom_organization__c,name,lcom_organization_c,name,1.0
lcom_organization__c,nces_id__c,lcom_organization_c,nces_id_c,1.0
lcom_organization__c,platform_name__c,lcom_organization_c,platform_name_c,1.0
lcom_organization__c,platform_url__c,lcom_organization_c,platform_url_c,1.0
lcom_organization__c,salesforce_account_account_id__c,lcom_organization_c,salesforce_account_account_id_c,1.0
lcom_organization__c,salesforce_account_parent_account_id__c,lcom_organization_c,salesforce_account_parent_account_id_c,1.0
lcom_organization__c,salesforce_account_ult_parent_acct_id__c,lcom_organization_c,salesforce_account_ult_parent_acct_id_c,1.0
lcom_organization__c,state_region__c,lcom_organization_c,state_region_c,1.0
lcom_organization__c,systemmodstamp,lcom_organization_c,system_modstamp,1.0
lcom_organization__c,x18_digit_lcom_organization_id__c,lcom_organization_c,x_18_digit_lcom_organization_id_c,1.0
lcom_suite__c,createdbyid,lcom_suite_c,created_by_id,1.0
lcom_suite__c,createddate,lcom_suite_c,created_date,1.0
lcom_suite__c,id,lcom_suite_c,id,1.0
lcom_suite__c,isactive__c,lcom_suite_c,is_active_c,1.0
lcom_suite__c,isdeleted,lcom_suite_c,is_deleted,1.0
lcom_suite__c,islinked__c,lcom_suite_c,is_linked_c,1.0
lcom_suite__c,issynced__c,lcom_suite_c,is_synced_c,1.0
lcom_suite__c,lastactivitydate,lcom_suite_c,last_activity_date,1.0
lcom_suite__c,lastmodifiedbyid,lcom_suite_c,last_modified_by_id,1.0
lcom_suite__c,lastmodifieddate,lcom_suite_c,last_modified_date,1.0
lcom_suite__c,lastreferenceddate,lcom_suite_c,last_referenced_date,1.0
lcom_suite__c,lastvieweddate,lcom_suite_c,last_viewed_date,1.0
lcom_suite__c,lcom_django_id__c,lcom_suite_c,lcom_django_id_c,1.0
lcom_suite__c,lcom_license__c,lcom_suite_c,lcom_license_c,1.0
lcom_suite__c,name,lcom_suite_c,name,1.0
lcom_suite__c,ownerid,lcom_suite_c,owner_id,1.0
lcom_suite__c,product__c,lcom_suite_c,product_c,1.0
lcom_suite__c,systemmodstamp,lcom_suite_c,system_modstamp,1.0
lcom_term__c,createdbyid,lcom_term_c,created_by_id,1.0
lcom_term__c,createddate,lcom_term_c,created_date,1.0
lcom_term__c,id,lcom_term_c,id,1.0
lcom_term__c,isactive__c,lcom_term_c,is_active_c,1.0
lcom_term__c,isdeleted,lcom_term_c,is_deleted,1.0
lcom_term__c,islinked__c,lcom_term_c,is_linked_c,1.0
lcom_term__c,issynced__c,lcom_term_c,is_synced_c,1.0
lcom_term__c,lastactivitydate,lcom_term_c,last_activity_date,1.0
lcom_term__c,lastmodifiedbyid,lcom_term_c,last_modified_by_id,1.0
lcom_term__c,lastmodifieddate,lcom_term_c,last_modified_date,1.0
lcom_term__c,lastreferenceddate,lcom_term_c,last_referenced_date,1.0
lcom_term__c,lastvieweddate,lcom_term_c,last_viewed_date,1.0
lcom_term__c,lcom_django_id__c,lcom_term_c,lcom_django_id_c,1.0
lcom_term__c,lcom_platform_term_id__c,lcom_term_c,lcom_platform_term_id_c,1.0
lcom_term__c,lcom_term_end_date__c,lcom_term_c,lcom_term_end_date_c,1.0
lcom_term__c,lcom_term_start_date__c,lcom_term_c,lcom_term_start_date_c,1.0
lcom_term__c,name,lcom_term_c,name,1.0
lcom_term__c,ownerid,lcom_term_c,owner_id,1.0
lcom_term__c,systemmodstamp,lcom_term_c,system_modstamp,1.0
lead,acct_education_type__c,lead,acct_education_type_c,1.0
lead,acct_gradel_level__c,lead,acct_gradel_level_c,1.0
lead,acct_org_type__c,lead,acct_org_type_c,1.0
lead,activitymetricid,lead,activity_metric_id,1.0
lead,activitymetricrollupid,lead,activity_metric_rollup_id,1.0
lead,agile_job_title__c,lead,agile_job_title_c,1.0
lead,agileed__account__c,lead,agileed_account_c,1.0
lead,agileed__agileed_do_not_update__c,lead,agileed_agile_ed_do_not_update_c,1.0
lead,agileed__agileed_insert__c,lead,agileed_agile_ed_insert_c,1.0
lead,agileed__agileed_key__c,lead,agileed_agile_ed_key_c,1.0
lead,agileed__agileed_latest_update_date__c,lead,agileed_agile_ed_latest_update_date_c,1.0
lead,agileed__agileed_status__c,lead,agileed_agile_ed_status_c,1.0
lead,agileed__agileed_up_to_date__c,lead,agileed_agile_ed_up_to_date_c,1.0
lead,agileed__connectlink_accountid__c,lead,agileed_connect_link_account_id_c,1.0
lead,agileed__connectlink_do_not_update_hierarchy__c,lead,agileed_connect_link_do_not_update_hierarchy_c,1.0
lead,agileed__connectlink_email_hard_bounce__c,lead,agileed_connect_link_email_hard_bounce_c,1.0
lead,agileed__connectlink_job_category__c,lead,agileed_connect_link_job_category_c,1.0
lead,agileed__connectlink_licensed_status__c,lead,agileed_connect_link_licensed_status_c,1.0
lead,agileed__connectlink_title__c,lead,agileed_connect_link_title_c,1.0
lead,agileed__last_connectlink_accountid__c,lead,agileed_last_connect_link_account_id_c,1.0
lead,agileed__last_connectlink_title__c,lead,agileed_last_connect_link_title_c,1.0
lead,agileed__last_sync__c,lead,agileed_last_sync_c,1.0
lead,annualrevenue,lead,annual_revenue,1.0
lead,bot_productinterest__c,lead,bot_product_interest_c,1.0
lead,codesters__campaignsource__c,lead,codesters_campaign_source_c,1.0
lead,codesters__codesters_member__c,lead,codesters_codesters_member_c,1.0
lead,codesters__expected_account__c,lead,codesters_expected_account_c,1.0
lead,codesters_classes__c,lead,codesters_classes_c,1.0
lead,codesters_created_date__c,lead,codesters_created_date_c,1.0
lead,codesters_guid__c,lead,codesters_guid_c,1.0
lead,codesters_highest_module_completion__c,lead,codesters_highest_module_completion_c,1.0
lead,codesters_i2c18_student_avg__c,lead,codesters_i_2_c_18_student_avg_c,1.0
lead,codesters_i2c18_student_completion__c,lead,codesters_i_2_c_18_student_completion_c,1.0
lead,codesters_i2c_student_avg__c,lead,codesters_i_2_c_student_avg_c,1.0
lead,codesters_i2c_student_completion__c,lead,codesters_i_2_c_student_completion_c,1.0
lead,codesters_id__c,lead,codesters_id_c,1.0
lead,codesters_initial_campaign__c,lead,codesters_initial_campaign_c,1.0
lead,codesters_initial_medium__c,lead,codesters_initial_medium_c,1.0
lead,codesters_initial_source__c,lead,codesters_initial_source_c,1.0
lead,codesters_last_login__c,lead,codesters_last_login_c,1.0
lead,codesters_lti__c,lead,codesters_lti_c,1.0
lead,codesters_org__c,lead,codesters_org_c,1.0
lead,codesters_profile_city__c,lead,codesters_profile_city_c,1.0
lead,codesters_profile_country__c,lead,codesters_profile_country_c,1.0
lead,codesters_profile_school__c,lead,codesters_profile_school_c,1.0
lead,codesters_profile_school_code__c,lead,codesters_profile_school_code_c,1.0
lead,codesters_profile_school_type__c,lead,codesters_profile_school_type_c,1.0
lead,codesters_profile_state__c,lead,codesters_profile_state_c,1.0
lead,codesters_profile_zip__c,lead,codesters_profile_zip_c,1.0
lead,codesters_screen_name__c,lead,codesters_screen_name_c,1.0
lead,codesters_social_auth_provider__c,lead,codesters_social_auth_provider_c,1.0
lead,codesters_students__c,lead,codesters_students_c,1.0
lead,codesters_url__c,lead,codesters_url_c,1.0
lead,codesters_user_name__c,lead,codesters_user_name_c,1.0
lead,codestersid__c,lead,codesters_id_c,1.0
lead,company,lead,company,1.0
lead,contact_location__c,lead,contact_location_c,1.0
lead,convertedaccountid,lead,converted_account_id,1.0
lead,convertedcontactid,lead,converted_contact_id,1.0
lead,converteddate,lead,converted_date,1.0
lead,convertedopportunityid,lead,converted_opportunity_id,1.0
lead,createdbyid,lead,created_by_id,1.0
lead,createddate,lead,created_date,1.0
lead,current_experience__c,lead,current_experience_c,1.0
lead,data_quality_description__c,lead,data_quality_description_c,1.0
lead,data_quality_score__c,lead,data_quality_score_c,1.0
lead,db_created_date_without_time__c,lead,db_created_date_without_time_c,1.0
lead,db_lead_age__c,lead,db_lead_age_c,1.0
lead,deactivated_reason__c,lead,deactivated_reason_c,1.0
lead,description,lead,description,1.0
lead,district_enrollment__c,lead,district_enrollment_c,1.0
lead,donotcall,lead,do_not_call,1.0
lead,email,lead,email,1.0
lead,emailbounceddate,lead,email_bounced_date,1.0
lead,emailbouncedreason,lead,email_bounced_reason,1.0
lead,fax,lead,fax,1.0
lead,firstcalldatetime,lead,first_call_date_time,1.0
lead,firstemaildatetime,lead,first_email_date_time,1.0
lead,genderidentity,lead,gender_identity,1.0
lead,gong__actively_being_in_a_flow__c,lead,gong_actively_being_in_a_flow_c,1.0
lead,gong__current_flow_id__c,lead,gong_current_flow_id_c,1.0
lead,gong__current_flow_name__c,lead,gong_current_flow_name_c,1.0
lead,gong__current_flow_step_number__c,lead,gong_current_flow_step_number_c,1.0
lead,gong__current_flow_step_type__c,lead,gong_current_flow_step_type_c,1.0
lead,gong__current_flow_task_due_date__c,lead,gong_current_flow_task_due_date_c,1.0
lead,gong__current_flow_user_name__c,lead,gong_current_flow_user_name_c,1.0
lead,gong__flow_execution_id__c,lead,gong_flow_execution_id_c,1.0
lead,gong__flow_status__c,lead,gong_flow_status_c,1.0
lead,grade_levels__c,lead,grade_levels_c,1.0
lead,grades__c,lead,grades_c,1.0
lead,hasoptedoutofemail,lead,has_opted_out_of_email,1.0
lead,hasoptedoutoffax,lead,has_opted_out_of_fax,1.0
lead,id,lead,id,1.0
lead,individualid,lead,individual_id,1.0
lead,industry,lead,industry,1.0
lead,isconverted,lead,is_converted,1.0
lead,isdeleted,lead,is_deleted,1.0
lead,ispriorityrecord,lead,is_priority_record,1.0
lead,isunreadbyowner,lead,is_unread_by_owner,1.0
lead,jigsaw,lead,jigsaw,1.0
lead,jigsawcontactid,lead,jigsaw_contact_id,1.0
lead,job_category__c,lead,job_category_c,1.0
lead,job_function__c,lead,job_function_c,1.0
lead,lastactivitydate,lead,last_activity_date,1.0
lead,lastmodifiedbyid,lead,last_modified_by_id,1.0
lead,lastmodifieddate,lead,last_modified_date,1.0
lead,lastreferenceddate,lead,last_referenced_date,1.0
lead,lasttransferdate,lead,last_transfer_date,1.0
lead,lastvieweddate,lead,last_viewed_date,1.0
lead,leadsource,lead,lead_source,1.0
lead,learningsbxid__c,lead,learning_sbxid_c,1.0
lead,masterrecordid,lead,master_record_id,1.0
lead,migrated__c,lead,migrated_c,1.0
lead,mobilephone,lead,mobile_phone,1.0
lead,mql_date__c,lead,mql_date_c,1.0
lead,name,lead,name,1.0
lead,notes__c,lead,notes_c,1.0
lead,numberofemployees,lead,number_of_employees,1.0
lead,ownerid,lead,owner_id,1.0
lead,persona__c,lead,persona_c,1.0
lead,phone,lead,phone,1.0
lead,photourl,lead,photo_url,1.0
lead,pronouns,lead,pronouns,1.0
lead,rating,lead,rating,1.0
lead,referred_by__c,lead,referred_by_c,1.0
lead,regional_services_district__c,lead,regional_services_district_c,1.0
lead,running_user_for_reporting__c,lead,running_user_for_reporting_c,1.0
lead,sdr__c,lead,sdr_c,1.0
lead,sf_account__c,lead,sf_account_c,1.0
lead,source_campaign__c,lead,source_campaign_c,1.0
lead,sql_date__c,lead,sql_date_c,1.0
lead,status,lead,status,1.0
lead,subject__c,lead,subject_c,1.0
lead,synced_to_org__c,lead,synced_to_org_c,1.0
lead,systemmodstamp,lead,system_modstamp,1.0
lead,target_start_date__c,lead,target_start_date_c,1.0
lead,territory__c,lead,territory_c,1.0
lead,title,lead,title,1.0
lead,training__c,lead,training_c,1.0
lead,training_date__c,lead,training_date_c,1.0
lead,training_notes__c,lead,training_notes_c,1.0
lead,twitter_handle__c,lead,twitter_handle_c,1.0
lead,vidcode_org_id__c,lead,vidcode_org_id_c,1.0
lead,website,lead,website,1.0
lead_status__c,contact__c,lead_status_c,contact_c,1.0
lead_status__c,createdbyid,lead_status_c,created_by_id,1.0
lead_status__c,createddate,lead_status_c,created_date,1.0
lead_status__c,id,lead_status_c,id,1.0
lead_status__c,isdeleted,lead_status_c,is_deleted,1.0
lead_status__c,lastmodifiedbyid,lead_status_c,last_modified_by_id,1.0
lead_status__c,lastmodifieddate,lead_status_c,last_modified_date,1.0
lead_status__c,mql_date__c,lead_status_c,mql_date_c,1.0
lead_status__c,name,lead_status_c,name,1.0
lead_status__c,ownerid,lead_status_c,owner_id,1.0
lead_status__c,recycle_date__c,lead_status_c,recycle_date_c,1.0
lead_status__c,sal_date__c,lead_status_c,sal_date_c,1.0
lead_status__c,sql_date__c,lead_status_c,sql_date_c,1.0
lead_status__c,srl_date__c,lead_status_c,srl_date_c,1.0
lead_status__c,systemmodstamp,lead_status_c,system_modstamp,1.0
learning_com_order__c,createdbyid,learning_com_order_c,created_by_id,1.0
learning_com_order__c,createddate,learning_com_order_c,created_date,1.0
learning_com_order__c,enforce_date_restrictions__c,learning_com_order_c,enforce_date_restrictions_c,1.0
learning_com_order__c,enforce_license_restriction__c,learning_com_order_c,enforce_license_restriction_c,1.0
learning_com_order__c,id,learning_com_order_c,id,1.0
learning_com_order__c,is_synced__c,learning_com_order_c,is_synced_c,1.0
learning_com_order__c,isdeleted,learning_com_order_c,is_deleted,1.0
learning_com_order__c,lastmodifiedbyid,learning_com_order_c,last_modified_by_id,1.0
learning_com_order__c,lastmodifieddate,learning_com_order_c,last_modified_date,1.0
learning_com_order__c,memo__c,learning_com_order_c,memo_c,1.0
learning_com_order__c,name,learning_com_order_c,name,1.0
learning_com_order__c,opportunity__c,learning_com_order_c,opportunity_c,1.0
learning_com_order__c,order_expiration_date__c,learning_com_order_c,order_expiration_date_c,1.0
learning_com_order__c,order_start_date__c,learning_com_order_c,order_start_date_c,1.0
learning_com_order__c,po_confirmed__c,learning_com_order_c,po_confirmed_c,1.0
learning_com_order__c,po_number__c,learning_com_order_c,po_number_c,1.0
learning_com_order__c,product__c,learning_com_order_c,product_c,1.0
learning_com_order__c,quote_line__c,learning_com_order_c,quote_line_c,1.0
learning_com_order__c,sales_order_id__c,learning_com_order_c,sales_order_id_c,1.0
learning_com_order__c,student_seats__c,learning_com_order_c,student_seats_c,1.0
learning_com_order__c,systemmodstamp,learning_com_order_c,system_modstamp,1.0
nps_survey_responses__c,account__c,nps_survey_responses_c,account_c,1.0
nps_survey_responses__c,comment__c,nps_survey_responses_c,comment_c,1.0
nps_survey_responses__c,createdbyid,nps_survey_responses_c,created_by_id,1.0
nps_survey_responses__c,createddate,nps_survey_responses_c,created_date,1.0
nps_survey_responses__c,email_address__c,nps_survey_responses_c,email_address_c,1.0
nps_survey_responses__c,gsid__c,nps_survey_responses_c,gsid_c,1.0
nps_survey_responses__c,id,nps_survey_responses_c,id,1.0
nps_survey_responses__c,isdeleted,nps_survey_responses_c,is_deleted,1.0
nps_survey_responses__c,lastmodifiedbyid,nps_survey_responses_c,last_modified_by_id,1.0
nps_survey_responses__c,lastmodifieddate,nps_survey_responses_c,last_modified_date,1.0
nps_survey_responses__c,lastreferenceddate,nps_survey_responses_c,last_referenced_date,1.0
nps_survey_responses__c,lastvieweddate,nps_survey_responses_c,last_viewed_date,1.0
nps_survey_responses__c,name,nps_survey_responses_c,name,1.0
nps_survey_responses__c,name__c,nps_survey_responses_c,name_c,1.0
nps_survey_responses__c,nps__c,nps_survey_responses_c,nps_c,1.0
nps_survey_responses__c,nps_number__c,nps_survey_responses_c,nps_number_c,1.0
nps_survey_responses__c,raw_nps__c,nps_survey_responses_c,raw_nps_c,1.0
nps_survey_responses__c,responded_date__c,nps_survey_responses_c,responded_date_c,1.0
nps_survey_responses__c,systemmodstamp,nps_survey_responses_c,system_modstamp,1.0
nps_survey_responses__c,true_nps__c,nps_survey_responses_c,true_nps_c,1.0
objectfromemailacceptedfields__c,createdbyid,object_from_email_accepted_fields_c,created_by_id,1.0
objectfromemailacceptedfields__c,createddate,object_from_email_accepted_fields_c,created_date,1.0
objectfromemailacceptedfields__c,field_name__c,object_from_email_accepted_fields_c,field_name_c,1.0
objectfromemailacceptedfields__c,id,object_from_email_accepted_fields_c,id,1.0
objectfromemailacceptedfields__c,isdeleted,object_from_email_accepted_fields_c,is_deleted,1.0
objectfromemailacceptedfields__c,lastmodifiedbyid,object_from_email_accepted_fields_c,last_modified_by_id,1.0
objectfromemailacceptedfields__c,lastmodifieddate,object_from_email_accepted_fields_c,last_modified_date,1.0
objectfromemailacceptedfields__c,name,object_from_email_accepted_fields_c,name,1.0
objectfromemailacceptedfields__c,object_name__c,object_from_email_accepted_fields_c,object_name_c,1.0
objectfromemailacceptedfields__c,setupownerid,object_from_email_accepted_fields_c,setup_owner_id,1.0
objectfromemailacceptedfields__c,systemmodstamp,object_from_email_accepted_fields_c,system_modstamp,1.0
objectfromemaildefaultfields__c,createdbyid,object_from_email_default_fields_c,created_by_id,1.0
objectfromemaildefaultfields__c,createddate,object_from_email_default_fields_c,created_date,1.0
objectfromemaildefaultfields__c,default_value_checkbox__c,object_from_email_default_fields_c,default_value_checkbox_c,1.0
objectfromemaildefaultfields__c,default_value_date__c,object_from_email_default_fields_c,default_value_date_c,1.0
objectfromemaildefaultfields__c,default_value_datetime__c,object_from_email_default_fields_c,default_value_date_time_c,1.0
objectfromemaildefaultfields__c,default_value_number__c,object_from_email_default_fields_c,default_value_number_c,1.0
objectfromemaildefaultfields__c,default_value_text__c,object_from_email_default_fields_c,default_value_text_c,1.0
objectfromemaildefaultfields__c,field_name__c,object_from_email_default_fields_c,field_name_c,1.0
objectfromemaildefaultfields__c,id,object_from_email_default_fields_c,id,1.0
objectfromemaildefaultfields__c,isdeleted,object_from_email_default_fields_c,is_deleted,1.0
objectfromemaildefaultfields__c,lastmodifiedbyid,object_from_email_default_fields_c,last_modified_by_id,1.0
objectfromemaildefaultfields__c,lastmodifieddate,object_from_email_default_fields_c,last_modified_date,1.0
objectfromemaildefaultfields__c,name,object_from_email_default_fields_c,name,1.0
objectfromemaildefaultfields__c,object_name__c,object_from_email_default_fields_c,object_name_c,1.0
objectfromemaildefaultfields__c,setupownerid,object_from_email_default_fields_c,setup_owner_id,1.0
objectfromemaildefaultfields__c,systemmodstamp,object_from_email_default_fields_c,system_modstamp,1.0
opportunity,account_id__c,opportunity,account_id_c,1.0
opportunity,account_link__c,opportunity,account_link_c,1.0
opportunity,account_manager__c,opportunity,account_manager_c,1.0
opportunity,account_name_email__c,opportunity,account_name_email_c,1.0
opportunity,account_owner_set__c,opportunity,account_owner_set_c,1.0
opportunity,accountid,opportunity,account_id,1.0
opportunity,activitymetricid,opportunity,activity_metric_id,1.0
opportunity,activitymetricrollupid,opportunity,activity_metric_rollup_id,1.0
opportunity,additional_to_email__c,opportunity,additional_to_email_c,1.0
opportunity,already_booked__c,opportunity,already_booked_c,1.0
opportunity,already_closed_lost__c,opportunity,already_closed_lost_c,1.0
opportunity,amount,opportunity,amount,1.0
opportunity,amount_won__c,opportunity,amount_won_c,1.0
opportunity,arr__c,opportunity,arr_c,1.0
opportunity,arr_bands__c,opportunity,arr_bands_c,1.0
opportunity,arr_new_business__c,opportunity,arr_new_business_c,1.0
opportunity,arr_renewal__c,opportunity,arr_renewal_c,1.0
opportunity,arr_upsell__c,opportunity,arr_upsell_c,1.0
opportunity,arr_won__c,opportunity,arr_won_c,1.0
opportunity,assessments__c,opportunity,assessments_c,1.0
opportunity,billing_addressee__c,opportunity,billing_addressee_c,1.0
opportunity,billing_attn__c,opportunity,billing_attn_c,1.0
opportunity,billing_city__c,opportunity,billing_city_c,1.0
opportunity,billing_country__c,opportunity,billing_country_c,1.0
opportunity,billing_email_address__c,opportunity,billing_email_address_c,1.0
opportunity,billing_instructions__c,opportunity,billing_instructions_c,1.0
opportunity,billing_state__c,opportunity,billing_state_c,1.0
opportunity,billing_status__c,opportunity,billing_status_c,1.0
opportunity,billing_street__c,opportunity,billing_street_c,1.0
opportunity,billing_street_line_2__c,opportunity,billing_street_line_2_c,1.0
opportunity,billing_years__c,opportunity,billing_years_c,1.0
opportunity,billing_zipcode__c,opportunity,billing_zipcode_c,1.0
opportunity,budget_confirmed__c,opportunity,budget_confirmed_c,1.0
opportunity,campaignid,opportunity,campaign_id,1.0
opportunity,champion__c,opportunity,champion_c,1.0
opportunity,change_in_staff__c,opportunity,change_in_staff_c,1.0
opportunity,churn_date__c,opportunity,churn_date_c,1.0
opportunity,churn_formula__c,opportunity,churn_formula_c,1.0
opportunity,churn_process_discussed_with_customer__c,opportunity,churn_process_discussed_with_customer_c,1.0
opportunity,close_date_minus_last_activity_date__c,opportunity,close_date_minus_last_activity_date_c,1.0
opportunity,close_date_new__c,opportunity,close_date_new_c,1.0
opportunity,close_month__c,opportunity,close_month_c,1.0
opportunity,close_year__c,opportunity,close_year_c,1.0
opportunity,closed_won_date_time__c,opportunity,closed_won_date_time_c,1.0
opportunity,closedate,opportunity,close_date,1.0
opportunity,codesters__has_licenses_synced__c,opportunity,codesters_has_licenses_synced_c,1.0
opportunity,codesters__number_of_licenses__c,opportunity,codesters_number_of_licenses_c,1.0
opportunity,codesters__number_of_synced_licenses__c,opportunity,codesters_number_of_synced_licenses_c,1.0
opportunity,codesters_diff_migration__c,opportunity,codesters_diff_migration_c,1.0
opportunity,codesters_order_to_be_extended__c,opportunity,codesters_order_to_be_extended_c,1.0
opportunity,codesters_order_to_be_unenforced__c,opportunity,codesters_order_to_be_unenforced_c,1.0
opportunity,codesters_renewal__c,opportunity,codesters_renewal_c,1.0
opportunity,codestersid__c,opportunity,codesters_id_c,1.0
opportunity,combined_arr__c,opportunity,combined_arr_c,1.0
opportunity,comments__c,opportunity,comments_c,1.0
opportunity,commit_date__c,opportunity,commit_date_c,1.0
opportunity,competitors_present__c,opportunity,competitors_present_c,1.0
opportunity,contactid,opportunity,contact_id,1.0
opportunity,contractid,opportunity,contract_id,1.0
opportunity,count_contact_roles__c,opportunity,count_contact_roles_c,1.0
opportunity,count_of_won_csm_pilots__c,opportunity,count_of_won_csm_pilots_c,1.0
opportunity,created_month1__c,opportunity,created_month_1_c,1.0
opportunity,created_month__c,opportunity,created_month_c,1.0
opportunity,created_year__c,opportunity,created_year_c,1.0
opportunity,createdbyid,opportunity,created_by_id,1.0
opportunity,createddate,opportunity,created_date,1.0
opportunity,csm_email__c,opportunity,csm_email_c,1.0
opportunity,csm_introduced__c,opportunity,csm_introduced_c,1.0
opportunity,csm_name__c,opportunity,csm_name_c,1.0
opportunity,csm_phone_number__c,opportunity,csm_phone_number_c,1.0
opportunity,customer_churned__c,opportunity,customer_churned_c,1.0
opportunity,customer_objectives__c,opportunity,customer_objectives_c,1.0
opportunity,data_deletion_archiving_discussed__c,opportunity,data_deletion_archiving_discussed_c,1.0
opportunity,data_quality_description__c,opportunity,data_quality_description_c,1.0
opportunity,data_quality_score__c,opportunity,data_quality_score_c,1.0
opportunity,date_assigned__c,opportunity,date_assigned_c,1.0
opportunity,date_of_reminder__c,opportunity,date_of_reminder_c,1.0
opportunity,days_open__c,opportunity,days_open_c,1.0
opportunity,days_past_due__c,opportunity,days_past_due_c,1.0
opportunity,days_since_last_activity__c,opportunity,days_since_last_activity_c,1.0
opportunity,db_competitor__c,opportunity,db_competitor_c,1.0
opportunity,deal_docs_completed__c,opportunity,deal_docs_completed_c,1.0
opportunity,demo_notes__c,opportunity,demo_notes_c,1.0
opportunity,department__c,opportunity,department_c,1.0
opportunity,description,opportunity,description,1.0
opportunity,disable_auto_renewal_opp__c,opportunity,disable_auto_renewal_opp_c,1.0
opportunity,disable_odc__c,opportunity,disable_odc_c,1.0
opportunity,discovery_completed__c,opportunity,discovery_completed_c,1.0
opportunity,district_business_sub_type__c,opportunity,district_business_sub_type_c,1.0
opportunity,district_enrollment__c,opportunity,district_enrollment_c,1.0
opportunity,district_overview__c,opportunity,district_overview_c,1.0
opportunity,downsell__c,opportunity,downsell_c,1.0
opportunity,economic_buyer__c,opportunity,economic_buyer_c,1.0
opportunity,einstein_renewal_prediction__c,opportunity,einstein_renewal_prediction_c,1.0
opportunity,end_date__c,opportunity,end_date_c,1.0
opportunity,enddate__c,opportunity,end_date_c,1.0
opportunity,expected_new_business_arr__c,opportunity,expected_new_business_arr_c,1.0
opportunity,expected_po_date__c,opportunity,expected_po_date_c,1.0
opportunity,expected_start_date__c,opportunity,expected_start_date_c,1.0
opportunity,expectedrevenue,opportunity,expected_revenue,1.0
opportunity,final_review_stage__c,opportunity,final_review_stage_c,1.0
opportunity,fire_flow__c,opportunity,fire_flow_c,1.0
opportunity,fiscal,opportunity,fiscal,1.0
opportunity,force_update__c,opportunity,force_update_c,1.0
opportunity,forecastcategory,opportunity,forecast_category,1.0
opportunity,forecastcategoryname,opportunity,forecast_category_name,1.0
opportunity,fulfilled_by__c,opportunity,fulfilled_by_c,1.0
opportunity,funding_source__c,opportunity,funding_source_c,1.0
opportunity,fundingsource__c,opportunity,funding_source_c,1.0
opportunity,gong__gong_count__c,opportunity,gong_gong_count_c,1.0
opportunity,gong__maincompetitors__c,opportunity,gong_main_competitors_c,1.0
opportunity,group_leader_email__c,opportunity,group_leader_email_c,1.0
opportunity,has_coding_discount__c,opportunity,has_coding_discount_c,1.0
opportunity,has_easytech__c,opportunity,has_easy_tech_c,1.0
opportunity,has_started_with_students__c,opportunity,has_started_with_students_c,1.0
opportunity,hasopenactivity,opportunity,has_open_activity,1.0
opportunity,hasopportunitylineitem,opportunity,has_opportunity_line_item,1.0
opportunity,hasoverduetask,opportunity,has_overdue_task,1.0
opportunity,house_account__c,opportunity,house_account_c,1.0
opportunity,id,opportunity,id,1.0
opportunity,implementation_details__c,opportunity,implementation_details_c,1.0
opportunity,initial_call_date__c,opportunity,initial_call_date_c,1.0
opportunity,initial_call_notes__c,opportunity,initial_call_notes_c,1.0
opportunity,initial_interest__c,opportunity,initial_interest_c,1.0
opportunity,initial_new_business_arr__c,opportunity,initial_new_business_arr_c,1.0
opportunity,initial_renewal_arr__c,opportunity,initial_renewal_arr_c,1.0
opportunity,integration_error__c,opportunity,integration_error_c,1.0
opportunity,integration_indicator__c,opportunity,integration_indicator_c,1.0
opportunity,integration_status__c,opportunity,integration_status_c,1.0
opportunity,international_reseller__c,opportunity,international_reseller_c,1.0
opportunity,intitials__c,opportunity,intitials_c,1.0
opportunity,introduction_of_quote__c,opportunity,introduction_of_quote_c,1.0
opportunity,invoice_month__c,opportunity,invoice_month_c,1.0
opportunity,invoice_year__c,opportunity,invoice_year_c,1.0
opportunity,invoiced_date__c,opportunity,invoiced_date_c,1.0
opportunity,iqscore,opportunity,iq_score,1.0
opportunity,is_pd_resources_offered__c,opportunity,is_pd_resources_offered_c,1.0
opportunity,is_vrbypassed__c,opportunity,is_vrbypassed_c,1.0
opportunity,isclosed,opportunity,is_closed,1.0
opportunity,isdeleted,opportunity,is_deleted,1.0
opportunity,isprivate,opportunity,is_private,1.0
opportunity,iswon,opportunity,is_won,1.0
opportunity,jitterbit_fulfilled__c,opportunity,jitterbit_fulfilled_c,1.0
opportunity,key__c,opportunity,key_c,1.0
opportunity,last_activity_changed_date__c,opportunity,last_activity_changed_date_c,1.0
opportunity,last_activity_changed_date_plus_30__c,opportunity,last_activity_changed_date_plus_30_c,1.0
opportunity,lastactivitydate,opportunity,last_activity_date,1.0
opportunity,lastamountchangedhistoryid,opportunity,last_amount_changed_history_id,1.0
opportunity,lastclosedatechangedhistoryid,opportunity,last_close_date_changed_history_id,1.0
opportunity,lastmodifiedbyid,opportunity,last_modified_by_id,1.0
opportunity,lastmodifieddate,opportunity,last_modified_date,1.0
opportunity,lastreferenceddate,opportunity,last_referenced_date,1.0
opportunity,laststagechangedate,opportunity,last_stage_change_date,1.0
opportunity,lastvieweddate,opportunity,last_viewed_date,1.0
opportunity,leadsource,opportunity,lead_source,1.0
opportunity,learningsbxid__c,opportunity,learning_sbxid_c,1.0
opportunity,les_opp__c,opportunity,les_opp_c,1.0
opportunity,license_expiration_notice_date__c,opportunity,license_expiration_notice_date_c,1.0
opportunity,license_expiration_notice_stop_date__c,opportunity,license_expiration_notice_stop_date_c,1.0
opportunity,license_provisioned_date__c,opportunity,license_provisioned_date_c,1.0
opportunity,license_unenforced__c,opportunity,license_unenforced_c,1.0
opportunity,likelihood_of_win_back__c,opportunity,likelihood_of_win_back_c,1.0
opportunity,loss_notes__c,opportunity,loss_notes_c,1.0
opportunity,loss_reason__c,opportunity,loss_reason_c,1.0
opportunity,loss_renewal_category__c,opportunity,loss_renewal_category_c,1.0
opportunity,lost_reason__c,opportunity,lost_reason_c,1.0
opportunity,manager_notes__c,opportunity,manager_notes_c,1.0
opportunity,meddpicc_champion__c,opportunity,meddpicc_champion_c,1.0
opportunity,meddpicc_competion__c,opportunity,meddpicc_competion_c,1.0
opportunity,meddpicc_decision_criteria__c,opportunity,meddpicc_decision_criteria_c,1.0
opportunity,meddpicc_decision_process__c,opportunity,meddpicc_decision_process_c,1.0
opportunity,meddpicc_economic_buyer__c,opportunity,meddpicc_economic_buyer_c,1.0
opportunity,meddpicc_identify_the_pain__c,opportunity,meddpicc_identify_the_pain_c,1.0
opportunity,meddpicc_metrics__c,opportunity,meddpicc_metrics_c,1.0
opportunity,meddpicc_paper_process__c,opportunity,meddpicc_paper_process_c,1.0
opportunity,migrated__c,opportunity,migrated_c,1.0
opportunity,migrationtool__c,opportunity,migration_tool_c,1.0
opportunity,multi_year__c,opportunity,multi_year_c,1.0
opportunity,multi_year_arr__c,opportunity,multi_year_arr_c,1.0
opportunity,multi_year_discussed__c,opportunity,multi_year_discussed_c,1.0
opportunity,multi_year_order__c,opportunity,multi_year_order_c,1.0
opportunity,multi_year_orders__c,opportunity,multi_year_orders_c,1.0
opportunity,name,opportunity,name,1.0
opportunity,needs_analysis_conducted__c,opportunity,needs_analysis_conducted_c,1.0
opportunity,netsuite_id__c,opportunity,netsuite_id_c,1.0
opportunity,netsuite_link__c,opportunity,netsuite_link_c,1.0
opportunity,netsuite_order_num__c,opportunity,net_suite_order_num_c,1.0
opportunity,netsuite_orderid__c,opportunity,net_suite_order_id_c,1.0
opportunity,netsuite_sku__c,opportunity,netsuite_sku_c,1.0
opportunity,netsuite_transaction_number__c,opportunity,net_suite_transaction_number_c,1.0
opportunity,new_biz_arr_trigger__c,opportunity,new_biz_arr_trigger_c,1.0
opportunity,new_nrr__c,opportunity,new_nrr_c,1.0
opportunity,new_progressive_agreement__c,opportunity,new_progressive_agreement_c,1.0
opportunity,new_progressive_agreement_test__c,opportunity,new_progressive_agreement_test_c,1.0
opportunity,nextstep,opportunity,next_step,1.0
opportunity,nnarr__c,opportunity,nnarr_c,1.0
opportunity,no_integration_needed__c,opportunity,no_integration_needed_c,1.0
opportunity,no_of_accounts_in_hierarchy__c,opportunity,no_of_accounts_in_hierarchy_c,1.0
opportunity,notes_about_pilot__c,opportunity,notes_about_pilot_c,1.0
opportunity,nrr_renewal__c,opportunity,nrr_renewal_c,1.0
opportunity,number_of_buildings_from_sales__c,opportunity,number_of_buildings_from_sales_c,1.0
opportunity,number_of_primary_quotes__c,opportunity,number_of_primary_quotes_c,1.0
opportunity,number_of_products__c,opportunity,number_of_products_c,1.0
opportunity,number_of_schools__c,opportunity,number_of_schools_c,1.0
opportunity,number_of_students__c,opportunity,number_of_students_c,1.0
opportunity,odc_sent__c,opportunity,odc_sent_c,1.0
opportunity,of_months__c,opportunity,of_months_c,1.0
opportunity,of_schools_using__c,opportunity,of_schools_using_c,1.0
opportunity,old_probability__c,opportunity,old_probability_c,1.0
opportunity,old_stage__c,opportunity,old_stage_c,1.0
opportunity,open_primary_quote_number__c,opportunity,open_primary_quote_number_c,1.0
opportunity,opp_owner_manager__c,opportunity,opp_owner_manager_c,1.0
opportunity,opp_owner_manager_email__c,opportunity,opp_owner_manager_email_c,1.0
opportunity,opp_record_type__c,opportunity,opp_record_type_c,1.0
opportunity,opp_to_be_closed__c,opportunity,opp_to_be_closed_c,1.0
opportunity,opportunity_notes__c,opportunity,opportunity_notes_c,1.0
opportunity,opportunity_number__c,opportunity,opportunity_number_c,1.0
opportunity,opportunityscoreid,opportunity,opportunity_score_id,1.0
opportunity,order_processing_time__c,opportunity,order_processing_time_c,1.0
opportunity,order_unenforced__c,opportunity,order_unenforced_c,1.0
opportunity,original_close_date__c,opportunity,original_close_date_c,1.0
opportunity,original_new_business_arr__c,opportunity,original_new_business_arr_c,1.0
opportunity,original_opp_owner1__c,opportunity,original_opp_owner_1_c,1.0
opportunity,original_upsell_arr__c,opportunity,original_upsell_arr_c,1.0
opportunity,otc_email_sent__c,opportunity,otc_email_sent_c,1.0
opportunity,other__c,opportunity,other_c,1.0
opportunity,override_arr__c,opportunity,override_arr_c,1.0
opportunity,override_price_increase__c,opportunity,override_price_increase_c,1.0
opportunity,owner_closed_won__c,opportunity,owner_closed_won_c,1.0
opportunity,owner_email__c,opportunity,owner_email_c,1.0
opportunity,owner_open_pipeline__c,opportunity,owner_open_pipeline_c,1.0
opportunity,owner_quota__c,opportunity,owner_quota_c,1.0
opportunity,owner_role__c,opportunity,owner_role_c,1.0
opportunity,owner_s_manager_email__c,opportunity,owner_s_manager_email_c,1.0
opportunity,owner_sales_quota__c,opportunity,owner_sales_quota_c,1.0
opportunity,ownerid,opportunity,owner_id,1.0
opportunity,paid_date__c,opportunity,paid_date_c,1.0
opportunity,paid_month__c,opportunity,paid_month_c,1.0
opportunity,paid_year__c,opportunity,paid_year_c,1.0
opportunity,partner1__c,opportunity,partner_1_c,1.0
opportunity,partner__c,opportunity,partner_c,1.0
opportunity,partner_id__c,opportunity,partner_id_c,1.0
opportunity,payment_terms__c,opportunity,payment_terms_c,1.0
opportunity,pd_implementation_notes__c,opportunity,pd_implementation_notes_c,1.0
opportunity,pd_scheduled__c,opportunity,pd_scheduled_c,1.0
opportunity,pd_services__c,opportunity,pd_services_c,1.0
opportunity,pilot_outcome__c,opportunity,pilot_outcome_c,1.0
opportunity,pipe_bucket__c,opportunity,pipe_bucket_c,1.0
opportunity,pipeline_needed_to_hit_quota__c,opportunity,pipeline_needed_to_hit_quota_c,1.0
opportunity,placeholder__c,opportunity,placeholder_c,1.0
opportunity,platform_name__c,opportunity,platform_name_c,1.0
opportunity,po1__c,opportunity,po_1_c,1.0
opportunity,po_amount__c,opportunity,po_amount_c,1.0
opportunity,po_amount_matches_primary_quote_amount__c,opportunity,po_amount_matches_primary_quote_amount_c,1.0
opportunity,po_hold__c,opportunity,po_hold_c,1.0
opportunity,po_number__c,opportunity,po_number_c,1.0
opportunity,po_received__c,opportunity,po_received_c,1.0
opportunity,po_received_counter__c,opportunity,po_received_counter_c,1.0
opportunity,po_received_date__c,opportunity,po_received_date_c,1.0
opportunity,po_received_date_time__c,opportunity,po_received_date_time_c,1.0
opportunity,po_variance_explanation__c,opportunity,po_variance_explanation_c,1.0
opportunity,populate_partner__c,opportunity,populate_partner_c,1.0
opportunity,potential_amount__c,opportunity,potential_amount_c,1.0
opportunity,present_date__c,opportunity,present_date_c,1.0
opportunity,price_increase_arr__c,opportunity,price_increase_arr_c,1.0
opportunity,pricebook2id,opportunity,pricebook_2_id,1.0
opportunity,primary_contact_identified__c,opportunity,primary_contact_identified_c,1.0
opportunity,primary_quote_approved__c,opportunity,primary_quote_approved_c,1.0
opportunity,probability,opportunity,probability,1.0
opportunity,process_builder_opp__c,opportunity,process_builder_opp_c,1.0
opportunity,progressive_billing__c,opportunity,progressive_billing_c,1.0
opportunity,progressive_term__c,opportunity,progressive_term_c,1.0
opportunity,progressive_term_length__c,opportunity,progressive_term_length_c,1.0
opportunity,propose_date__c,opportunity,propose_date_c,1.0
opportunity,prospect_goals_for_pilot__c,opportunity,prospect_goals_for_pilot_c,1.0
opportunity,purchase_level__c,opportunity,purchase_level_c,1.0
opportunity,purchase_level_number__c,opportunity,purchase_level_number_c,1.0
opportunity,purchase_order_num__c,opportunity,purchase_order_num_c,1.0
opportunity,purchasing_process__c,opportunity,purchasing_process_c,1.0
opportunity,pushcount,opportunity,push_count,1.0
opportunity,pushed_out__c,opportunity,pushed_out_c,1.0
opportunity,python_1_licenses__c,opportunity,python_1_licenses_c,1.0
opportunity,python_2_licenses__c,opportunity,python_2_licenses_c,1.0
opportunity,qualified_date__c,opportunity,qualified_date_c,1.0
opportunity,quota__c,opportunity,quota_c,1.0
opportunity,quote_contract_type__c,opportunity,quote_contract_type_c,1.0
opportunity,quote_created_date__c,opportunity,quote_created_date_c,1.0
opportunity,quote_expiry_date__c,opportunity,quote_expiry_date_c,1.0
opportunity,quote_list_amount__c,opportunity,quote_list_amount_c,1.0
opportunity,quote_name__c,opportunity,quote_name_c,1.0
opportunity,quote_notes__c,opportunity,quote_notes_c,1.0
opportunity,quote_start_date__c,opportunity,quote_start_date_c,1.0
opportunity,quote_synced__c,opportunity,quote_synced_c,1.0
opportunity,quote_total_discount__c,opportunity,quote_total_discount_c,1.0
opportunity,rai__c,opportunity,rai_c,1.0
opportunity,readyforintegration__c,opportunity,readyfor_integration_c,1.0
opportunity,reason_for_rejection__c,opportunity,reason_for_rejection_c,1.0
opportunity,rebuilt_during_migration__c,opportunity,rebuilt_during_migration_c,1.0
opportunity,recordtypeid,opportunity,record_type_id,1.0
opportunity,references_provided__c,opportunity,references_provided_c,1.0
opportunity,reject_counter__c,opportunity,reject_counter_c,1.0
opportunity,remaining_quota__c,opportunity,remaining_quota_c,1.0
opportunity,renewable_revenue__c,opportunity,renewable_revenue_c,1.0
opportunity,renewal_at_79__c,opportunity,renewal_at_79_c,1.0
opportunity,renewal_biz_trigger__c,opportunity,renewal_biz_trigger_c,1.0
opportunity,renewal_opportunity__c,opportunity,renewal_opportunity_c,1.0
opportunity,renewal_owner_email__c,opportunity,renewal_owner_email_c,1.0
opportunity,renewal_risk__c,opportunity,renewal_risk_c,1.0
opportunity,rep_says_go__c,opportunity,rep_says_go_c,1.0
opportunity,reseller_class_for_les__c,opportunity,reseller_class_for_les_c,1.0
opportunity,risk_identified__c,opportunity,risk_identified_c,1.0
opportunity,risk_opportunity__c,opportunity,risk_opportunity_c,1.0
opportunity,roi_analysis_completed__c,opportunity,roi_analysis_completed_c,1.0
opportunity,running_user_for_reporting__c,opportunity,running_user_for_reporting_c,1.0
opportunity,sales_forecast__c,opportunity,sales_forecast_c,1.0
opportunity,sales_status__c,opportunity,sales_status_c,1.0
opportunity,sales_support_email__c,opportunity,sales_support_email_c,1.0
opportunity,sales_support_rep__c,opportunity,sales_support_rep_c,1.0
opportunity,sbqq__amendedcontract__c,opportunity,sbqq_amended_contract_c,1.0
opportunity,sbqq__contracted__c,opportunity,sbqq_contracted_c,1.0
opportunity,sbqq__createcontractedprices__c,opportunity,sbqq_create_contracted_prices_c,1.0
opportunity,sbqq__ordered__c,opportunity,sbqq_ordered_c,1.0
opportunity,sbqq__ordergroupid__c,opportunity,sbqq_order_group_id_c,1.0
opportunity,sbqq__primaryquote__c,opportunity,sbqq_primary_quote_c,1.0
opportunity,sbqq__quotepricebookid__c,opportunity,sbqq_quote_pricebook_id_c,1.0
opportunity,sbqq__renewal__c,opportunity,sbqq_renewal_c,1.0
opportunity,sbqq__renewedcontract__c,opportunity,sbqq_renewed_contract_c,1.0
opportunity,school_list__c,opportunity,school_list_c,1.0
opportunity,school_year__c,opportunity,school_year_c,1.0
opportunity,schools_with_licenses__c,opportunity,schools_with_licenses_c,1.0
opportunity,second_call_date__c,opportunity,second_call_date_c,1.0
opportunity,second_call_notes__c,opportunity,second_call_notes_c,1.0
opportunity,secret__c,opportunity,secret_c,1.0
opportunity,send_odc__c,opportunity,send_odc_c,1.0
opportunity,service_level_for_opp__c,opportunity,service_level_for_opp_c,1.0
opportunity,set_initial_new_biz_arr_amount__c,opportunity,set_initial_new_biz_arr_amount_c,1.0
opportunity,set_up_for_processing__c,opportunity,set_up_for_processing_c,1.0
opportunity,shipping_addressee__c,opportunity,shipping_addressee_c,1.0
opportunity,shipping_attn__c,opportunity,shipping_attn_c,1.0
opportunity,shipping_city__c,opportunity,shipping_city_c,1.0
opportunity,shipping_country__c,opportunity,shipping_country_c,1.0
opportunity,shipping_state__c,opportunity,shipping_state_c,1.0
opportunity,shipping_street__c,opportunity,shipping_street_c,1.0
opportunity,shipping_zipcode__c,opportunity,shipping_zipcode_c,1.0
opportunity,sku__c,opportunity,sku_c,1.0
opportunity,source_opp_arr__c,opportunity,source_opp_arr_c,1.0
opportunity,spring_promo__c,opportunity,spring_promo_c,1.0
opportunity,stagename,opportunity,stage_name,1.0
opportunity,stakeholder_demo_date__c,opportunity,stakeholder_demo_date_c,1.0
opportunity,stakeholders_confirmed__c,opportunity,stakeholders_confirmed_c,1.0
opportunity,start_date__c,opportunity,start_date_c,1.0
opportunity,startdate__c,opportunity,start_date_c,1.0
opportunity,state_process_builder__c,opportunity,state_process_builder_c,1.0
opportunity,students_with_licenses__c,opportunity,students_with_licenses_c,1.0
opportunity,subscription_end_date__c,opportunity,subscription_end_date_c,1.0
opportunity,subscription_start_date__c,opportunity,subscription_start_date_c,1.0
opportunity,subscription_term__c,opportunity,subscription_term_c,1.0
opportunity,success_plan_agreed_upon__c,opportunity,success_plan_agreed_upon_c,1.0
opportunity,success_plan_shared__c,opportunity,success_plan_shared_c,1.0
opportunity,syncedquoteid,opportunity,synced_quote_id,1.0
opportunity,systemmodstamp,opportunity,system_modstamp,1.0
opportunity,terms__c,opportunity,terms_c,1.0
opportunity,test_account__c,opportunity,test_account_c,1.0
opportunity,time_moved_to_ready_for_sales_support__c,opportunity,time_moved_to_ready_for_sales_support_c,1.0
opportunity,total_arr_bookings__c,opportunity,total_arr_bookings_c,1.0
opportunity,total_credit_from_opp_product__c,opportunity,total_credit_from_opp_product_c,1.0
opportunity,totalopportunityquantity,opportunity,total_opportunity_quantity,1.0
opportunity,training_recipient__c,opportunity,training_recipient_c,1.0
opportunity,training_session_created__c,opportunity,training_session_created_c,1.0
opportunity,transacted_opp__c,opportunity,transacted_opp_c,1.0
opportunity,trigger_time_05__c,opportunity,trigger_time_05_c,1.0
opportunity,trigger_time_06__c,opportunity,trigger_time_06_c,1.0
opportunity,true_arr__c,opportunity,true_arr_c,1.0
opportunity,true_arr_formula__c,opportunity,true_arr_formula_c,1.0
opportunity,true_renewal_arr__c,opportunity,true_renewal_arr_c,1.0
opportunity,type,opportunity,type,1.0
opportunity,update_close_date__c,opportunity,update_close_date_c,1.0
opportunity,url__c,opportunity,url_c,1.0
opportunity,usage_issues__c,opportunity,usage_issues_c,1.0
opportunity,validated_date__c,opportunity,validated_date_c,1.0
opportunity,validationbypassdatetime__c,opportunity,validation_bypass_date_time_c,1.0
opportunity,variance__c,opportunity,variance_c,1.0
opportunity,vendor_of_choice__c,opportunity,vendor_of_choice_c,1.0
opportunity,verbal_commitment__c,opportunity,verbal_commitment_c,1.0
opportunity,vidcode_org_id__c,opportunity,vidcode_org_id_c,1.0
opportunity,welcome_letter__c,opportunity,welcome_letter_c,1.0
opportunity,who_fought_the_renewal__c,opportunity,who_fought_the_renewal_c,1.0
opportunity,who_were_the_champions__c,opportunity,who_were_the_champions_c,1.0
opportunity,win_loss_reason__c,opportunity,win_loss_reason_c,1.0
opportunity,win_reason__c,opportunity,win_reason_c,1.0
opportunity,x18_digit_opportunity_id__c,opportunity,x_18_digit_opportunity_id_c,1.0
opportunity,x18_digit_salesforce_account_id__c,opportunity,x_18_digit_salesforce_account_id_c,1.0
opportunity,x18_for_12__c,opportunity,x_18_for_12_c,1.0
opportunity,x1_contact__c,opportunity,x_1_contact_c,1.0
opportunity,x1st_contact__c,opportunity,x_1_st_contact_c,1.0
opportunity,x1st_contact_email__c,opportunity,x_1_st_contact_email_c,1.0
opportunity,x1st_contact_name__c,opportunity,x_1_st_contact_name_c,1.0
opportunity,x1st_contact_role__c,opportunity,x_1_st_contact_role_c,1.0
opportunity,x1st_contact_role_process_builder__c,opportunity,x_1_st_contact_role_process_builder_c,1.0
opportunity,x1st_contact_user_id__c,opportunity,x_1_st_contact_user_id_c,1.0
opportunity,x2nd_contact__c,opportunity,x_2_nd_contact_c,1.0
opportunity,x2nd_contact_email__c,opportunity,x_2_nd_contact_email_c,1.0
opportunity,x2nd_contact_name__c,opportunity,x_2_nd_contact_name_c,1.0
opportunity,x2nd_contact_role__c,opportunity,x_2_nd_contact_role_c,1.0
opportunity,x2nd_contact_role_process_builder__c,opportunity,x_2_nd_contact_role_process_builder_c,1.0
opportunity,x2nd_contact_user_id__c,opportunity,x_2_nd_contact_user_id_c,1.0
opportunity,x30_days_from_being_closed_lost__c,opportunity,x_30_days_from_being_closed_lost_c,1.0
opportunity,x3rd_contact__c,opportunity,x_3_rd_contact_c,1.0
opportunity,x3rd_contact_email__c,opportunity,x_3_rd_contact_email_c,1.0
opportunity,x3rd_contact_name__c,opportunity,x_3_rd_contact_name_c,1.0
opportunity,x3rd_contact_role__c,opportunity,x_3_rd_contact_role_c,1.0
opportunity,x3rd_contact_role_process_builder__c,opportunity,x_3_rd_contact_role_process_builder_c,1.0
opportunity,x3rd_contact_user_id__c,opportunity,x_3_rd_contact_user_id_c,1.0
opportunity,xloss_reason__c,opportunity,x_loss_reason_c,1.0
opportunitylineitem,account__c,opportunity_line_item,account_c,1.0
opportunitylineitem,assessment__c,opportunity_line_item,assessment_c,1.0
opportunitylineitem,assessment_detail__c,opportunity_line_item,assessment_detail_c,1.0
opportunitylineitem,business_type_opty_product__c,opportunity_line_item,business_type_opty_product_c,1.0
opportunitylineitem,class__c,opportunity_line_item,class_c,1.0
opportunitylineitem,class_id__c,opportunity_line_item,class_id_c,1.0
opportunitylineitem,codestersid__c,opportunity_line_item,codesters_id_c,1.0
opportunitylineitem,combine_new_biz_arr__c,opportunity_line_item,combine_new_biz_arr_c,1.0
opportunitylineitem,combine_renewal_arrs__c,opportunity_line_item,combine_renewal_arrs_c,1.0
opportunitylineitem,combine_upsell_arrs__c,opportunity_line_item,combine_upsell_arrs_c,1.0
opportunitylineitem,createdbyid,opportunity_line_item,created_by_id,1.0
opportunitylineitem,createddate,opportunity_line_item,created_date,1.0
opportunitylineitem,description,opportunity_line_item,description,1.0
opportunitylineitem,discount,opportunity_line_item,discount,1.0
opportunitylineitem,discount_applied__c,opportunity_line_item,discount_applied_c,1.0
opportunitylineitem,easycode_arr__c,opportunity_line_item,easy_code_arr_c,1.0
opportunitylineitem,easytech_arr__c,opportunity_line_item,easy_tech_arr_c,1.0
opportunitylineitem,enddate__c,opportunity_line_item,end_date_c,1.0
opportunitylineitem,gold_service_on_quote__c,opportunity_line_item,gold_service_on_quote_c,1.0
opportunitylineitem,id,opportunity_line_item,id,1.0
opportunitylineitem,isactiveoppproduct__c,opportunity_line_item,is_active_opp_product_c,1.0
opportunitylineitem,isdeleted,opportunity_line_item,is_deleted,1.0
opportunitylineitem,lastmodifiedbyid,opportunity_line_item,last_modified_by_id,1.0
opportunitylineitem,lastmodifieddate,opportunity_line_item,last_modified_date,1.0
opportunitylineitem,lastreferenceddate,opportunity_line_item,last_referenced_date,1.0
opportunitylineitem,lastvieweddate,opportunity_line_item,last_viewed_date,1.0
opportunitylineitem,learningsbxid__c,opportunity_line_item,learning_sbxid_c,1.0
opportunitylineitem,license_durations__c,opportunity_line_item,license_durations_c,1.0
opportunitylineitem,license_year_ranges__c,opportunity_line_item,license_year_ranges_c,1.0
opportunitylineitem,listprice,opportunity_line_item,list_price,1.0
opportunitylineitem,migrationtool__c,opportunity_line_item,migration_tool_c,1.0
opportunitylineitem,name,opportunity_line_item,name,1.0
opportunitylineitem,net_price_display__c,opportunity_line_item,net_price_display_c,1.0
opportunitylineitem,net_unit_price__c,opportunity_line_item,net_unit_price_c,1.0
opportunitylineitem,netsuite_id__c,opportunity_line_item,netsuite_id_c,1.0
opportunitylineitem,netsuite_sku__c,opportunity_line_item,netsuite_sku_c,1.0
opportunitylineitem,no_of_buildings__c,opportunity_line_item,no_of_buildings_c,1.0
opportunitylineitem,no_of_licenses__c,opportunity_line_item,no_of_licenses_c,1.0
opportunitylineitem,number_of_learning_com_orders_created__c,opportunity_line_item,number_of_learning_com_orders_created_c,1.0
opportunitylineitem,opp_probability__c,opportunity_line_item,opp_probability_c,1.0
opportunitylineitem,opportunity_product_arr__c,opportunity_line_item,opportunity_product_arr_c,1.0
opportunitylineitem,opportunity_product_line_id__c,opportunity_line_item,opportunity_product_line_id_c,1.0
opportunitylineitem,opportunityid,opportunity_line_item,opportunity_id,1.0
opportunitylineitem,opportunityrecordtype__c,opportunity_line_item,opportunity_record_type_c,1.0
opportunitylineitem,price_book_entry_id__c,opportunity_line_item,price_book_entry_id_c,1.0
opportunitylineitem,pricebookentryid,opportunity_line_item,pricebook_entry_id,1.0
opportunitylineitem,pricebookid__c,opportunity_line_item,pricebook_id_c,1.0
opportunitylineitem,pro_rate_adj_term__c,opportunity_line_item,pro_rate_adj_term_c,1.0
opportunitylineitem,product2id,opportunity_line_item,product_2_id,1.0
opportunitylineitem,product_description__c,opportunity_line_item,product_description_c,1.0
opportunitylineitem,product_revenue_family__c,opportunity_line_item,product_revenue_family_c,1.0
opportunitylineitem,productcode,opportunity_line_item,product_code,1.0
opportunitylineitem,qlbt__c,opportunity_line_item,qlbt_c,1.0
opportunitylineitem,quantity,opportunity_line_item,quantity,1.0
opportunitylineitem,quantity_for_service_only__c,opportunity_line_item,quantity_for_service_only_c,1.0
opportunitylineitem,quantity_for_services__c,opportunity_line_item,quantity_for_services_c,1.0
opportunitylineitem,record_type__c,opportunity_line_item,record_type_c,1.0
opportunitylineitem,rep_says_go__c,opportunity_line_item,rep_says_go_c,1.0
opportunitylineitem,sbqq__parentid__c,opportunity_line_item,sbqq_parent_id_c,1.0
opportunitylineitem,sbqq__quoteline__c,opportunity_line_item,sbqq_quote_line_c,1.0
opportunitylineitem,sbqq__subscriptiontype__c,opportunity_line_item,sbqq_subscription_type_c,1.0
opportunitylineitem,service_level_identifier__c,opportunity_line_item,service_level_identifier_c,1.0
opportunitylineitem,servicedate,opportunity_line_item,service_date,1.0
opportunitylineitem,sortorder,opportunity_line_item,sort_order,1.0
opportunitylineitem,startdate__c,opportunity_line_item,start_date_c,1.0
opportunitylineitem,subscription_term__c,opportunity_line_item,subscription_term_c,1.0
opportunitylineitem,subtotal,opportunity_line_item,subtotal,1.0
opportunitylineitem,systemmodstamp,opportunity_line_item,system_modstamp,1.0
opportunitylineitem,testing_window_open__c,opportunity_line_item,testing_window_open_c,1.0
opportunitylineitem,totalprice,opportunity_line_item,total_price,1.0
opportunitylineitem,training_recipient_email__c,opportunity_line_item,training_recipient_email_c,1.0
opportunitylineitem,unitprice,opportunity_line_item,unit_price,1.0
opportunitylineitem,vidcode_org_id__c,opportunity_line_item,vidcode_org_id_c,1.0
opportunitylineitem,weighted_opp_product_arr__c,opportunity_line_item,weighted_opp_product_arr_c,1.0
opportunitylineitem,weighted_total_price__c,opportunity_line_item,weighted_total_price_c,1.0
order,accountid,order,account_id,1.0
order,activatedbyid,order,activated_by_id,1.0
order,activateddate,order,activated_date,1.0
order,billing_instructions__c,order,billing_instructions_c,1.0
order,billtocontactid,order,bill_to_contact_id,1.0
order,companyauthorizedbyid,order,company_authorized_by_id,1.0
order,companyauthorizeddate,order,company_authorized_date,1.0
order,contractid,order,contract_id,1.0
order,createdbyid,order,created_by_id,1.0
order,createddate,order,created_date,1.0
order,customerauthorizedbyid,order,customer_authorized_by_id,1.0
order,customerauthorizeddate,order,customer_authorized_date,1.0
order,description,order,description,1.0
order,disable_pd_task_script__c,order,disable_pd_task_script_c,1.0
order,effectivedate,order,effective_date,1.0
order,enddate,order,end_date,1.0
order,fundingsource__c,order,funding_source_c,1.0
order,id,order,id,1.0
order,implementation_contact__c,order,implementation_contact_c,1.0
order,integration_status__c,order,integration_status_c,1.0
order,integrationerror__c,order,integration_error_c,1.0
order,integrationindicator__c,order,integration_indicator_c,1.0
order,isdeleted,order,is_deleted,1.0
order,isreductionorder,order,is_reduction_order,1.0
order,lastmodifiedbyid,order,last_modified_by_id,1.0
order,lastmodifieddate,order,last_modified_date,1.0
order,lastreferenceddate,order,last_referenced_date,1.0
order,lastvieweddate,order,last_viewed_date,1.0
order,lcom_account__c,order,lcom_account_c,1.0
order,migrationtool__c,order,migration_tool_c,1.0
order,minutes_last_modified__c,order,minutes_last_modified_c,1.0
order,name,order,name,1.0
order,netsuiteid__c,order,net_suite_id_c,1.0
order,netsuitelink__c,order,net_suite_link_c,1.0
order,opportunityid,order,opportunity_id,1.0
order,order_billed_date__c,order,order_billed_date_c,1.0
order,order_final_status__c,order,order_final_status_c,1.0
order,ordernumber,order,order_number,1.0
order,orderreferencenumber,order,order_reference_number,1.0
order,originalorderid,order,original_order_id,1.0
order,ownerid,order,owner_id,1.0
order,partner__c,order,partner_c,1.0
order,pd_contact__c,order,pd_contact_c,1.0
order,podate,order,po_date,1.0
order,ponumber,order,po_number,1.0
order,pricebook2id,order,pricebook_2_id,1.0
order,primarysalesrep__c,order,primary_sales_rep_c,1.0
order,primarysalesrepid__c,order,primary_sales_rep_id_c,1.0
order,quoteid,order,quote_id,1.0
order,sbqq__billingfrequency__c,order,sbqq_billing_frequency_c,1.0
order,sbqq__contracted__c,order,sbqq_contracted_c,1.0
order,sbqq__contractingmethod__c,order,sbqq_contracting_method_c,1.0
order,sbqq__firstcontractedorder__c,order,sbqq_first_contracted_order_c,1.0
order,sbqq__orderbookings__c,order,sbqq_order_bookings_c,1.0
order,sbqq__paymentterm__c,order,sbqq_payment_term_c,1.0
order,sbqq__pricecalcstatus__c,order,sbqq_price_calc_status_c,1.0
order,sbqq__pricecalcstatusmessage__c,order,sbqq_price_calc_status_message_c,1.0
order,sbqq__quote__c,order,sbqq_quote_c,1.0
order,sbqq__renewalterm__c,order,sbqq_renewal_term_c,1.0
order,sbqq__renewalupliftrate__c,order,sbqq_renewal_uplift_rate_c,1.0
order,sbqq__taxamount__c,order,sbqq_tax_amount_c,1.0
order,sbqq__totalamount__c,order,sbqq_total_amount_c,1.0
order,secondary_implementation_contact__c,order,secondary_implementation_contact_c,1.0
order,shiptocontactid,order,ship_to_contact_id,1.0
order,status,order,status,1.0
order,statuscode,order,status_code,1.0
order,systemmodstamp,order,system_modstamp,1.0
order,totalamount,order,total_amount,1.0
order,type,order,type,1.0
order,upload_contact__c,order,upload_contact_c,1.0
orderitem,availablequantity,order_item,available_quantity,1.0
orderitem,class__c,order_item,class_c,1.0
orderitem,createdbyid,order_item,created_by_id,1.0
orderitem,createddate,order_item,created_date,1.0
orderitem,description,order_item,description,1.0
orderitem,enddate,order_item,end_date,1.0
orderitem,id,order_item,id,1.0
orderitem,isdeleted,order_item,is_deleted,1.0
orderitem,lastmodifiedbyid,order_item,last_modified_by_id,1.0
orderitem,lastmodifieddate,order_item,last_modified_date,1.0
orderitem,listprice,order_item,list_price,1.0
orderitem,migrationtool__c,order_item,migration_tool_c,1.0
orderitem,netsuiteid__c,order_item,netsuite_id_c,1.0
orderitem,orderenddate__c,order_item,order_end_date_c,1.0
orderitem,orderid,order_item,order_id,1.0
orderitem,orderitemnumber,order_item,order_item_number,1.0
orderitem,orderstatus__c,order_item,order_status_c,1.0
orderitem,originalorderitemid,order_item,original_order_item_id,1.0
orderitem,pricebookentryid,order_item,pricebook_entry_id,1.0
orderitem,pricebookid__c,order_item,pricebook_id_c,1.0
orderitem,product2id,order_item,product_2_id,1.0
orderitem,quantity,order_item,quantity,1.0
orderitem,quotelinebusinesstype__c,order_item,quote_line_business_type_c,1.0
orderitem,quotelineitemid,order_item,quote_line_item_id,1.0
orderitem,revrec_schedule__c,order_item,revrec_schedule_c,1.0
orderitem,sbqq__activated__c,order_item,sbqq_activated_c,1.0
orderitem,sbqq__asset__c,order_item,sbqq_asset_c,1.0
orderitem,sbqq__billingfrequency__c,order_item,sbqq_billing_frequency_c,1.0
orderitem,sbqq__billingtype__c,order_item,sbqq_billing_type_c,1.0
orderitem,sbqq__blockprice__c,order_item,sbqq_block_price_c,1.0
orderitem,sbqq__bookingsindicator__c,order_item,sbqq_bookings_indicator_c,1.0
orderitem,sbqq__bundleroot__c,order_item,sbqq_bundle_root_c,1.0
orderitem,sbqq__chargetype__c,order_item,sbqq_charge_type_c,1.0
orderitem,sbqq__contract__c,order_item,sbqq_contract_c,1.0
orderitem,sbqq__contractaction__c,order_item,sbqq_contract_action_c,1.0
orderitem,sbqq__contracted__c,order_item,sbqq_contracted_c,1.0
orderitem,sbqq__contractingmethod__c,order_item,sbqq_contracting_method_c,1.0
orderitem,sbqq__defaultsubscriptionterm__c,order_item,sbqq_default_subscription_term_c,1.0
orderitem,sbqq__dimensiontype__c,order_item,sbqq_dimension_type_c,1.0
orderitem,sbqq__discountschedule__c,order_item,sbqq_discount_schedule_c,1.0
orderitem,sbqq__listprice__c,order_item,sbqq_list_price_c,1.0
orderitem,sbqq__orderedquantity__c,order_item,sbqq_ordered_quantity_c,1.0
orderitem,sbqq__orderproductbookings__c,order_item,sbqq_order_product_bookings_c,1.0
orderitem,sbqq__pricedimension__c,order_item,sbqq_price_dimension_c,1.0
orderitem,sbqq__priceschedule__c,order_item,sbqq_price_schedule_c,1.0
orderitem,sbqq__pricingmethod__c,order_item,sbqq_pricing_method_c,1.0
orderitem,sbqq__productsubscriptiontype__c,order_item,sbqq_product_subscription_type_c,1.0
orderitem,sbqq__proratemultiplier__c,order_item,sbqq_prorate_multiplier_c,1.0
orderitem,sbqq__quotedlistprice__c,order_item,sbqq_quoted_list_price_c,1.0
orderitem,sbqq__quotedquantity__c,order_item,sbqq_quoted_quantity_c,1.0
orderitem,sbqq__quoteline__c,order_item,sbqq_quote_line_c,1.0
orderitem,sbqq__requiredby__c,order_item,sbqq_required_by_c,1.0
orderitem,sbqq__revisedorderproduct__c,order_item,sbqq_revised_order_product_c,1.0
orderitem,sbqq__segmentindex__c,order_item,sbqq_segment_index_c,1.0
orderitem,sbqq__segmentkey__c,order_item,sbqq_segment_key_c,1.0
orderitem,sbqq__shippingaccount__c,order_item,sbqq_shipping_account_c,1.0
orderitem,sbqq__status__c,order_item,sbqq_status_c,1.0
orderitem,sbqq__subscription__c,order_item,sbqq_subscription_c,1.0
orderitem,sbqq__subscriptionpricing__c,order_item,sbqq_subscription_pricing_c,1.0
orderitem,sbqq__subscriptionterm__c,order_item,sbqq_subscription_term_c,1.0
orderitem,sbqq__subscriptiontype__c,order_item,sbqq_subscription_type_c,1.0
orderitem,sbqq__taxamount__c,order_item,sbqq_tax_amount_c,1.0
orderitem,sbqq__taxcode__c,order_item,sbqq_tax_code_c,1.0
orderitem,sbqq__termdiscountschedule__c,order_item,sbqq_term_discount_schedule_c,1.0
orderitem,sbqq__terminateddate__c,order_item,sbqq_terminated_date_c,1.0
orderitem,sbqq__totalamount__c,order_item,sbqq_total_amount_c,1.0
orderitem,sbqq__unproratednetprice__c,order_item,sbqq_unprorated_net_price_c,1.0
orderitem,sbqq__upgradedsubscription__c,order_item,sbqq_upgraded_subscription_c,1.0
orderitem,servicedate,order_item,service_date,1.0
orderitem,systemmodstamp,order_item,system_modstamp,1.0
orderitem,totalprice,order_item,total_price,1.0
orderitem,unitprice,order_item,unit_price,1.0
organization,compliancebccemail,organization,compliance_bcc_email,1.0
organization,createdbyid,organization,created_by_id,1.0
organization,createddate,organization,created_date,1.0
organization,defaultaccountaccess,organization,default_account_access,1.0
organization,defaultcalendaraccess,organization,default_calendar_access,1.0
organization,defaultcampaignaccess,organization,default_campaign_access,1.0
organization,defaultcaseaccess,organization,default_case_access,1.0
organization,defaultcontactaccess,organization,default_contact_access,1.0
organization,defaultleadaccess,organization,default_lead_access,1.0
organization,defaultlocalesidkey,organization,default_locale_sid_key,1.0
organization,defaultopportunityaccess,organization,default_opportunity_access,1.0
organization,defaultpricebookaccess,organization,default_pricebook_access,1.0
organization,division,organization,division,1.0
organization,fax,organization,fax,1.0
organization,fiscalyearstartmonth,organization,fiscal_year_start_month,1.0
organization,id,organization,id,1.0
organization,instancename,organization,instance_name,1.0
organization,isreadonly,organization,is_read_only,1.0
organization,issandbox,organization,is_sandbox,1.0
organization,languagelocalekey,organization,language_locale_key,1.0
organization,lastmodifiedbyid,organization,last_modified_by_id,1.0
organization,lastmodifieddate,organization,last_modified_date,1.0
organization,monthlypageviewsentitlement,organization,monthly_page_views_entitlement,1.0
organization,monthlypageviewsused,organization,monthly_page_views_used,1.0
organization,name,organization,name,1.0
organization,namespaceprefix,organization,namespace_prefix,1.0
organization,numknowledgeservice,organization,num_knowledge_service,1.0
organization,organizationtype,organization,organization_type,1.0
organization,phone,organization,phone,1.0
organization,primarycontact,organization,primary_contact,1.0
organization,receivesadmininfoemails,organization,receives_admin_info_emails,1.0
organization,receivesinfoemails,organization,receives_info_emails,1.0
organization,signupcountryisocode,organization,signup_country_iso_code,1.0
organization,systemmodstamp,organization,system_modstamp,1.0
organization,timezonesidkey,organization,time_zone_sid_key,1.0
organization,trialexpirationdate,organization,trial_expiration_date,1.0
organization,uiskin,organization,ui_skin,1.0
organization,usesstartdateasfiscalyearname,organization,uses_start_date_as_fiscal_year_name,1.0
organization,webtocasedefaultorigin,organization,web_to_case_default_origin,1.0
pricebook2,codestersid__c,pricebook_2,codesters_id_c,1.0
pricebook2,createdbyid,pricebook_2,created_by_id,1.0
pricebook2,createddate,pricebook_2,created_date,1.0
pricebook2,description,pricebook_2,description,1.0
pricebook2,id,pricebook_2,id,1.0
pricebook2,isactive,pricebook_2,is_active,1.0
pricebook2,isarchived,pricebook_2,is_archived,1.0
pricebook2,isdeleted,pricebook_2,is_deleted,1.0
pricebook2,isstandard,pricebook_2,is_standard,1.0
pricebook2,lastmodifiedbyid,pricebook_2,last_modified_by_id,1.0
pricebook2,lastmodifieddate,pricebook_2,last_modified_date,1.0
pricebook2,lastreferenceddate,pricebook_2,last_referenced_date,1.0
pricebook2,lastvieweddate,pricebook_2,last_viewed_date,1.0
pricebook2,learningsbxid__c,pricebook_2,learning_sbxid_c,1.0
pricebook2,migrated__c,pricebook_2,migrated_c,1.0
pricebook2,name,pricebook_2,name,1.0
pricebook2,systemmodstamp,pricebook_2,system_modstamp,1.0
pricebook2,vidcode_org_id__c,pricebook_2,vidcode_org_id_c,1.0
pricebookentry,codestersid__c,pricebook_entry,codesters_id_c,1.0
pricebookentry,createdbyid,pricebook_entry,created_by_id,1.0
pricebookentry,createddate,pricebook_entry,created_date,1.0
pricebookentry,id,pricebook_entry,id,1.0
pricebookentry,isactive,pricebook_entry,is_active,1.0
pricebookentry,isarchived,pricebook_entry,is_archived,1.0
pricebookentry,isdeleted,pricebook_entry,is_deleted,1.0
pricebookentry,lastmodifiedbyid,pricebook_entry,last_modified_by_id,1.0
pricebookentry,lastmodifieddate,pricebook_entry,last_modified_date,1.0
pricebookentry,learningsbxid__c,pricebook_entry,learning_sbxid_c,1.0
pricebookentry,migrated__c,pricebook_entry,migrated_c,1.0
pricebookentry,name,pricebook_entry,name,1.0
pricebookentry,pricebook2id,pricebook_entry,pricebook_2_id,1.0
pricebookentry,product2id,pricebook_entry,product_2_id,1.0
pricebookentry,productcode,pricebook_entry,product_code,1.0
pricebookentry,systemmodstamp,pricebook_entry,system_modstamp,1.0
pricebookentry,unitprice,pricebook_entry,unit_price,1.0
pricebookentry,usestandardprice,pricebook_entry,use_standard_price,1.0
pricebookentry,vidcode_org_id__c,pricebook_entry,vidcode_org_id_c,1.0
product2,active_in_platform__c,product_2,active_in_platform_c,1.0
product2,codestersid__c,product_2,codesters_id_c,1.0
product2,createdbyid,product_2,created_by_id,1.0
product2,createddate,product_2,created_date,1.0
product2,description,product_2,description,1.0
product2,displayurl,product_2,display_url,1.0
product2,does_not_prorate__c,product_2,does_not_prorate_c,1.0
product2,external_id__c,product_2,external_id_c,1.0
product2,externaldatasourceid,product_2,external_data_source_id,1.0
product2,externalid,product_2,external_id,1.0
product2,family,product_2,family,1.0
product2,id,product_2,id,1.0
product2,is_not_provisioned__c,product_2,is_not_provisioned_c,1.0
product2,isactive,product_2,is_active,1.0
product2,isarchived,product_2,is_archived,1.0
product2,isdeleted,product_2,is_deleted,1.0
product2,lastmodifiedbyid,product_2,last_modified_by_id,1.0
product2,lastmodifieddate,product_2,last_modified_date,1.0
product2,lastreferenceddate,product_2,last_referenced_date,1.0
product2,lastvieweddate,product_2,last_viewed_date,1.0
product2,lcom_suite__c,product_2,lcom_suite_c,1.0
product2,learningsbxid__c,product_2,learning_sbxid_c,1.0
product2,license_type__c,product_2,license_type_c,1.0
product2,multiplier__c,product_2,multiplier_c,1.0
product2,name,product_2,name,1.0
product2,netsuite_link__c,product_2,netsuite_link_c,1.0
product2,netsuite_sku__c,product_2,net_suite_sku_c,1.0
product2,nyc_license_quantity__c,product_2,nyc_license_quantity_c,1.0
product2,pricedimensions__c,product_2,price_dimensions_c,1.0
product2,product_family_filter__c,product_2,product_family_filter_c,1.0
product2,product_id__c,product_2,product_id_c,1.0
product2,product_sub_family__c,product_2,product_sub_family_c,1.0
product2,productcode,product_2,product_code,1.0
product2,quantityunitofmeasure,product_2,quantity_unit_of_measure,1.0
product2,sbqq__allocatepotonorders__c,product_2,sbqq_allocate_pot_on_orders_c,1.0
product2,sbqq__assetamendmentbehavior__c,product_2,sbqq_asset_amendment_behavior_c,1.0
product2,sbqq__assetconversion__c,product_2,sbqq_asset_conversion_c,1.0
product2,sbqq__batchquantity__c,product_2,sbqq_batch_quantity_c,1.0
product2,sbqq__billingfrequency__c,product_2,sbqq_billing_frequency_c,1.0
product2,sbqq__billingtype__c,product_2,sbqq_billing_type_c,1.0
product2,sbqq__blockpricingfield__c,product_2,sbqq_block_pricing_field_c,1.0
product2,sbqq__chargetype__c,product_2,sbqq_charge_type_c,1.0
product2,sbqq__component__c,product_2,sbqq_component_c,1.0
product2,sbqq__compounddiscountrate__c,product_2,sbqq_compound_discount_rate_c,1.0
product2,sbqq__configurationevent__c,product_2,sbqq_configuration_event_c,1.0
product2,sbqq__configurationfields__c,product_2,sbqq_configuration_fields_c,1.0
product2,sbqq__configurationfieldset__c,product_2,sbqq_configuration_field_set_c,1.0
product2,sbqq__configurationformtitle__c,product_2,sbqq_configuration_form_title_c,1.0
product2,sbqq__configurationtype__c,product_2,sbqq_configuration_type_c,1.0
product2,sbqq__configurationvalidator__c,product_2,sbqq_configuration_validator_c,1.0
product2,sbqq__configuredcodepattern__c,product_2,sbqq_configured_code_pattern_c,1.0
product2,sbqq__configureddescriptionpattern__c,product_2,sbqq_configured_description_pattern_c,1.0
product2,sbqq__costeditable__c,product_2,sbqq_cost_editable_c,1.0
product2,sbqq__costschedule__c,product_2,sbqq_cost_schedule_c,1.0
product2,sbqq__customconfigurationpage__c,product_2,sbqq_custom_configuration_page_c,1.0
product2,sbqq__customconfigurationrequired__c,product_2,sbqq_custom_configuration_required_c,1.0
product2,sbqq__customercommunityavailability__c,product_2,sbqq_customer_community_availability_c,1.0
product2,sbqq__defaultpricingtable__c,product_2,sbqq_default_pricing_table_c,1.0
product2,sbqq__defaultquantity__c,product_2,sbqq_default_quantity_c,1.0
product2,sbqq__descriptionlocked__c,product_2,sbqq_description_locked_c,1.0
product2,sbqq__discountcategory__c,product_2,sbqq_discount_category_c,1.0
product2,sbqq__discountschedule__c,product_2,sbqq_discount_schedule_c,1.0
product2,sbqq__dynamicpricingconstraint__c,product_2,sbqq_dynamic_pricing_constraint_c,1.0
product2,sbqq__enablelargeconfiguration__c,product_2,sbqq_enable_large_configuration_c,1.0
product2,sbqq__excludefrommaintenance__c,product_2,sbqq_exclude_from_maintenance_c,1.0
product2,sbqq__excludefromopportunity__c,product_2,sbqq_exclude_from_opportunity_c,1.0
product2,sbqq__externallyconfigurable__c,product_2,sbqq_externally_configurable_c,1.0
product2,sbqq__generatecontractedprice__c,product_2,sbqq_generate_contracted_price_c,1.0
product2,sbqq__hasconfigurationattributes__c,product_2,sbqq_has_configuration_attributes_c,1.0
product2,sbqq__hasconsumptionschedule__c,product_2,sbqq_has_consumption_schedule_c,1.0
product2,sbqq__hidden__c,product_2,sbqq_hidden_c,1.0
product2,sbqq__hidepriceinsearchresults__c,product_2,sbqq_hide_price_in_search_results_c,1.0
product2,sbqq__includeinmaintenance__c,product_2,sbqq_include_in_maintenance_c,1.0
product2,sbqq__newquotegroup__c,product_2,sbqq_new_quote_group_c,1.0
product2,sbqq__nondiscountable__c,product_2,sbqq_non_discountable_c,1.0
product2,sbqq__nonpartnerdiscountable__c,product_2,sbqq_non_partner_discountable_c,1.0
product2,sbqq__optional__c,product_2,sbqq_optional_c,1.0
product2,sbqq__optionlayout__c,product_2,sbqq_option_layout_c,1.0
product2,sbqq__optionselectionmethod__c,product_2,sbqq_option_selection_method_c,1.0
product2,sbqq__priceeditable__c,product_2,sbqq_price_editable_c,1.0
product2,sbqq__pricingguidance__c,product_2,sbqq_pricing_guidance_c,1.0
product2,sbqq__pricingmethod__c,product_2,sbqq_pricing_method_c,1.0
product2,sbqq__pricingmethodeditable__c,product_2,sbqq_pricing_method_editable_c,1.0
product2,sbqq__productpictureid__c,product_2,sbqq_product_picture_id_c,1.0
product2,sbqq__quantityeditable__c,product_2,sbqq_quantity_editable_c,1.0
product2,sbqq__quantityscale__c,product_2,sbqq_quantity_scale_c,1.0
product2,sbqq__reconfigurationdisabled__c,product_2,sbqq_reconfiguration_disabled_c,1.0
product2,sbqq__renewalproduct__c,product_2,sbqq_renewal_product_c,1.0
product2,sbqq__sortorder__c,product_2,sbqq_sort_order_c,1.0
product2,sbqq__specifications__c,product_2,sbqq_specifications_c,1.0
product2,sbqq__subscriptionbase__c,product_2,sbqq_subscription_base_c,1.0
product2,sbqq__subscriptioncategory__c,product_2,sbqq_subscription_category_c,1.0
product2,sbqq__subscriptionconversion__c,product_2,sbqq_subscription_conversion_c,1.0
product2,sbqq__subscriptionpercent__c,product_2,sbqq_subscription_percent_c,1.0
product2,sbqq__subscriptionpricing__c,product_2,sbqq_subscription_pricing_c,1.0
product2,sbqq__subscriptiontarget__c,product_2,sbqq_subscription_target_c,1.0
product2,sbqq__subscriptionterm__c,product_2,sbqq_subscription_term_c,1.0
product2,sbqq__subscriptiontype__c,product_2,sbqq_subscription_type_c,1.0
product2,sbqq__taxable__c,product_2,sbqq_taxable_c,1.0
product2,sbqq__taxcode__c,product_2,sbqq_tax_code_c,1.0
product2,sbqq__termdiscountlevel__c,product_2,sbqq_term_discount_level_c,1.0
product2,sbqq__termdiscountschedule__c,product_2,sbqq_term_discount_schedule_c,1.0
product2,sbqq__upgradecredit__c,product_2,sbqq_upgrade_credit_c,1.0
product2,sbqq__upgraderatio__c,product_2,sbqq_upgrade_ratio_c,1.0
product2,sbqq__upgradesource__c,product_2,sbqq_upgrade_source_c,1.0
product2,sbqq__upgradetarget__c,product_2,sbqq_upgrade_target_c,1.0
product2,stockkeepingunit,product_2,stock_keeping_unit,1.0
product2,students_with_licenses__c,product_2,students_with_licenses_c,1.0
product2,systemmodstamp,product_2,system_modstamp,1.0
product2,vidcode_org_id__c,product_2,vidcode_org_id_c,1.0
rcsfl__adminsetting__c,createdbyid,rcsfl_admin_setting_c,created_by_id,1.0
rcsfl__adminsetting__c,createddate,rcsfl_admin_setting_c,created_date,1.0
rcsfl__adminsetting__c,id,rcsfl_admin_setting_c,id,1.0
rcsfl__adminsetting__c,isdeleted,rcsfl_admin_setting_c,is_deleted,1.0
rcsfl__adminsetting__c,lastmodifiedbyid,rcsfl_admin_setting_c,last_modified_by_id,1.0
rcsfl__adminsetting__c,lastmodifieddate,rcsfl_admin_setting_c,last_modified_date,1.0
rcsfl__adminsetting__c,name,rcsfl_admin_setting_c,name,1.0
rcsfl__adminsetting__c,rcsfl__accountrelatedto__c,rcsfl_admin_setting_c,rcsfl_account_related_to_c,1.0
rcsfl__adminsetting__c,rcsfl__autofill__c,rcsfl_admin_setting_c,rcsfl_auto_fill_c,1.0
rcsfl__adminsetting__c,rcsfl__autosave__c,rcsfl_admin_setting_c,rcsfl_auto_save_c,1.0
rcsfl__adminsetting__c,rcsfl__autoselect__c,rcsfl_admin_setting_c,rcsfl_auto_select_c,1.0
rcsfl__adminsetting__c,rcsfl__fieldorder__c,rcsfl_admin_setting_c,rcsfl_field_order_c,1.0
rcsfl__adminsetting__c,rcsfl__hvsdispositionfield__c,rcsfl_admin_setting_c,rcsfl_hvs_disposition_field_c,1.0
rcsfl__adminsetting__c,rcsfl__hvsmode__c,rcsfl_admin_setting_c,rcsfl_hvs_mode_c,1.0
rcsfl__adminsetting__c,rcsfl__isunmandatory__c,rcsfl_admin_setting_c,rcsfl_is_un_mandatory_c,1.0
rcsfl__adminsetting__c,rcsfl__poponringing__c,rcsfl_admin_setting_c,rcsfl_pop_on_ringing_c,1.0
rcsfl__adminsetting__c,rcsfl__saveonringing__c,rcsfl_admin_setting_c,rcsfl_save_on_ringing_c,1.0
rcsfl__adminsetting__c,rcsfl__tovoicemail__c,rcsfl_admin_setting_c,rcsfl_to_voice_mail_c,1.0
rcsfl__adminsetting__c,setupownerid,rcsfl_admin_setting_c,setup_owner_id,1.0
rcsfl__adminsetting__c,systemmodstamp,rcsfl_admin_setting_c,system_modstamp,1.0
recordtype,businessprocessid,record_type,business_process_id,1.0
recordtype,createdbyid,record_type,created_by_id,1.0
recordtype,createddate,record_type,created_date,1.0
recordtype,description,record_type,description,1.0
recordtype,developername,record_type,developer_name,1.0
recordtype,id,record_type,id,1.0
recordtype,isactive,record_type,is_active,1.0
recordtype,lastmodifiedbyid,record_type,last_modified_by_id,1.0
recordtype,lastmodifieddate,record_type,last_modified_date,1.0
recordtype,name,record_type,name,1.0
recordtype,namespaceprefix,record_type,namespace_prefix,1.0
recordtype,sobjecttype,record_type,sobject_type,1.0
recordtype,systemmodstamp,record_type,system_modstamp,1.0
sbqq__fieldmetadata__c,createdbyid,sbqq_field_metadata_c,created_by_id,1.0
sbqq__fieldmetadata__c,createddate,sbqq_field_metadata_c,created_date,1.0
sbqq__fieldmetadata__c,id,sbqq_field_metadata_c,id,1.0
sbqq__fieldmetadata__c,isdeleted,sbqq_field_metadata_c,is_deleted,1.0
sbqq__fieldmetadata__c,lastmodifiedbyid,sbqq_field_metadata_c,last_modified_by_id,1.0
sbqq__fieldmetadata__c,lastmodifieddate,sbqq_field_metadata_c,last_modified_date,1.0
sbqq__fieldmetadata__c,name,sbqq_field_metadata_c,name,1.0
sbqq__fieldmetadata__c,sbqq__fieldname__c,sbqq_field_metadata_c,sbqq_field_name_c,1.0
sbqq__fieldmetadata__c,sbqq__objectname__c,sbqq_field_metadata_c,sbqq_object_name_c,1.0
sbqq__fieldmetadata__c,setupownerid,sbqq_field_metadata_c,setup_owner_id,1.0
sbqq__fieldmetadata__c,systemmodstamp,sbqq_field_metadata_c,system_modstamp,1.0
sbqq__productoption__c,createdbyid,sbqq_product_option_c,created_by_id,1.0
sbqq__productoption__c,createddate,sbqq_product_option_c,created_date,1.0
sbqq__productoption__c,id,sbqq_product_option_c,id,1.0
sbqq__productoption__c,isdeleted,sbqq_product_option_c,is_deleted,1.0
sbqq__productoption__c,lastmodifiedbyid,sbqq_product_option_c,last_modified_by_id,1.0
sbqq__productoption__c,lastmodifieddate,sbqq_product_option_c,last_modified_date,1.0
sbqq__productoption__c,lastreferenceddate,sbqq_product_option_c,last_referenced_date,1.0
sbqq__productoption__c,lastvieweddate,sbqq_product_option_c,last_viewed_date,1.0
sbqq__productoption__c,name,sbqq_product_option_c,name,1.0
sbqq__productoption__c,ownerid,sbqq_product_option_c,owner_id,1.0
sbqq__productoption__c,product_family_filter__c,sbqq_product_option_c,product_family_filter_c,1.0
sbqq__productoption__c,sbqq__appliedimmediately__c,sbqq_product_option_c,sbqq_applied_immediately_c,1.0
sbqq__productoption__c,sbqq__appliedimmediatelycontext__c,sbqq_product_option_c,sbqq_applied_immediately_context_c,1.0
sbqq__productoption__c,sbqq__bundled__c,sbqq_product_option_c,sbqq_bundled_c,1.0
sbqq__productoption__c,sbqq__componentcode__c,sbqq_product_option_c,sbqq_component_code_c,1.0
sbqq__productoption__c,sbqq__componentcodeposition__c,sbqq_product_option_c,sbqq_component_code_position_c,1.0
sbqq__productoption__c,sbqq__componentdescription__c,sbqq_product_option_c,sbqq_component_description_c,1.0
sbqq__productoption__c,sbqq__componentdescriptionposition__c,sbqq_product_option_c,sbqq_component_description_position_c,1.0
sbqq__productoption__c,sbqq__configuredsku__c,sbqq_product_option_c,sbqq_configured_sku_c,1.0
sbqq__productoption__c,sbqq__defaultpricingtable__c,sbqq_product_option_c,sbqq_default_pricing_table_c,1.0
sbqq__productoption__c,sbqq__discount__c,sbqq_product_option_c,sbqq_discount_c,1.0
sbqq__productoption__c,sbqq__discountamount__c,sbqq_product_option_c,sbqq_discount_amount_c,1.0
sbqq__productoption__c,sbqq__discountedbypackage__c,sbqq_product_option_c,sbqq_discounted_by_package_c,1.0
sbqq__productoption__c,sbqq__discountschedule__c,sbqq_product_option_c,sbqq_discount_schedule_c,1.0
sbqq__productoption__c,sbqq__existingquantity__c,sbqq_product_option_c,sbqq_existing_quantity_c,1.0
sbqq__productoption__c,sbqq__feature__c,sbqq_product_option_c,sbqq_feature_c,1.0
sbqq__productoption__c,sbqq__maxquantity__c,sbqq_product_option_c,sbqq_max_quantity_c,1.0
sbqq__productoption__c,sbqq__minquantity__c,sbqq_product_option_c,sbqq_min_quantity_c,1.0
sbqq__productoption__c,sbqq__number__c,sbqq_product_option_c,sbqq_number_c,1.0
sbqq__productoption__c,sbqq__optionalsku__c,sbqq_product_option_c,sbqq_optional_sku_c,1.0
sbqq__productoption__c,sbqq__priceeditable__c,sbqq_product_option_c,sbqq_price_editable_c,1.0
sbqq__productoption__c,sbqq__productcode__c,sbqq_product_option_c,sbqq_product_code_c,1.0
sbqq__productoption__c,sbqq__productconfigurationtype__c,sbqq_product_option_c,sbqq_product_configuration_type_c,1.0
sbqq__productoption__c,sbqq__productdescription__c,sbqq_product_option_c,sbqq_product_description_c,1.0
sbqq__productoption__c,sbqq__productfamily__c,sbqq_product_option_c,sbqq_product_family_c,1.0
sbqq__productoption__c,sbqq__productname__c,sbqq_product_option_c,sbqq_product_name_c,1.0
sbqq__productoption__c,sbqq__productquantityscale__c,sbqq_product_option_c,sbqq_product_quantity_scale_c,1.0
sbqq__productoption__c,sbqq__productsubscriptionpricing__c,sbqq_product_option_c,sbqq_product_subscription_pricing_c,1.0
sbqq__productoption__c,sbqq__quantity__c,sbqq_product_option_c,sbqq_quantity_c,1.0
sbqq__productoption__c,sbqq__quantityeditable__c,sbqq_product_option_c,sbqq_quantity_editable_c,1.0
sbqq__productoption__c,sbqq__quotelinevisibility__c,sbqq_product_option_c,sbqq_quote_line_visibility_c,1.0
sbqq__productoption__c,sbqq__renewalproductoption__c,sbqq_product_option_c,sbqq_renewal_product_option_c,1.0
sbqq__productoption__c,sbqq__required__c,sbqq_product_option_c,sbqq_required_c,1.0
sbqq__productoption__c,sbqq__selected__c,sbqq_product_option_c,sbqq_selected_c,1.0
sbqq__productoption__c,sbqq__subscriptionscope__c,sbqq_product_option_c,sbqq_subscription_scope_c,1.0
sbqq__productoption__c,sbqq__system__c,sbqq_product_option_c,sbqq_system_c,1.0
sbqq__productoption__c,sbqq__type__c,sbqq_product_option_c,sbqq_type_c,1.0
sbqq__productoption__c,sbqq__unitprice__c,sbqq_product_option_c,sbqq_unit_price_c,1.0
sbqq__productoption__c,sbqq__upliftedbypackage__c,sbqq_product_option_c,sbqq_uplifted_by_package_c,1.0
sbqq__productoption__c,systemmodstamp,sbqq_product_option_c,system_modstamp,1.0
sbqq__quote__c,account_current_arr__c,sbqq_quote_c,account_current_arr_c,1.0
sbqq__quote__c,additional_terms__c,sbqq_quote_c,additional_terms_c,1.0
sbqq__quote__c,avg_rep_discount__c,sbqq_quote_c,avg_rep_discount_c,1.0
sbqq__quote__c,clear_end_date__c,sbqq_quote_c,clear_end_date_c,1.0
sbqq__quote__c,contains_pd__c,sbqq_quote_c,contains_pd_c,1.0
sbqq__quote__c,contract_type__c,sbqq_quote_c,contract_type_c,1.0
sbqq__quote__c,count_of_gold_services__c,sbqq_quote_c,count_of_gold_services_c,1.0
sbqq__quote__c,count_of_gs__c,sbqq_quote_c,count_of_gs_c,1.0
sbqq__quote__c,createdbyid,sbqq_quote_c,created_by_id,1.0
sbqq__quote__c,createddate,sbqq_quote_c,created_date,1.0
sbqq__quote__c,discount__c,sbqq_quote_c,discount_c,1.0
sbqq__quote__c,discountablelistprice__c,sbqq_quote_c,discountable_list_price_c,1.0
sbqq__quote__c,extension__c,sbqq_quote_c,extension_c,1.0
sbqq__quote__c,gold_service_on_quote__c,sbqq_quote_c,gold_service_on_quote_c,1.0
sbqq__quote__c,has_coding_discount__c,sbqq_quote_c,has_coding_discount_c,1.0
sbqq__quote__c,has_enterprise_service__c,sbqq_quote_c,has_enterprise_service_c,1.0
sbqq__quote__c,has_premium_service__c,sbqq_quote_c,has_premium_service_c,1.0
sbqq__quote__c,id,sbqq_quote_c,id,1.0
sbqq__quote__c,include_acquisition_cover_sheet__c,sbqq_quote_c,include_acquisition_cover_sheet_c,1.0
sbqq__quote__c,include_payment_voucher__c,sbqq_quote_c,include_payment_voucher_c,1.0
sbqq__quote__c,include_w_9__c,sbqq_quote_c,include_w_9_c,1.0
sbqq__quote__c,is_not_discounted__c,sbqq_quote_c,is_not_discounted_c,1.0
sbqq__quote__c,isdeleted,sbqq_quote_c,is_deleted,1.0
sbqq__quote__c,isdiscounted__c,sbqq_quote_c,is_discounted_c,1.0
sbqq__quote__c,lastactivitydate,sbqq_quote_c,last_activity_date,1.0
sbqq__quote__c,lastmodifiedbyid,sbqq_quote_c,last_modified_by_id,1.0
sbqq__quote__c,lastmodifieddate,sbqq_quote_c,last_modified_date,1.0
sbqq__quote__c,lastreferenceddate,sbqq_quote_c,last_referenced_date,1.0
sbqq__quote__c,lastvieweddate,sbqq_quote_c,last_viewed_date,1.0
sbqq__quote__c,lcom_order_lines_count__c,sbqq_quote_c,lcom_order_lines_count_c,1.0
sbqq__quote__c,learningsbxid__c,sbqq_quote_c,learning_sbxid_c,1.0
sbqq__quote__c,mrdiscount__c,sbqq_quote_c,mr_discount_c,1.0
sbqq__quote__c,mrdiscountapprovalthreshold__c,sbqq_quote_c,mr_discount_approval_threshold_c,1.0
sbqq__quote__c,multiyeardiscountamount__c,sbqq_quote_c,multiyear_discount_amount_c,1.0
sbqq__quote__c,name,sbqq_quote_c,name,1.0
sbqq__quote__c,nc_bundle__c,sbqq_quote_c,nc_bundle_c,1.0
sbqq__quote__c,net_amount_without_services__c,sbqq_quote_c,net_amount_without_services_c,1.0
sbqq__quote__c,no_charge_pilot_or_demo__c,sbqq_quote_c,no_charge_pilot_or_demo_c,1.0
sbqq__quote__c,number_of_years_in_progressive__c,sbqq_quote_c,number_of_years_in_progressive_c,1.0
sbqq__quote__c,nyc_license_quantity__c,sbqq_quote_c,nyc_license_quantity_c,1.0
sbqq__quote__c,opp_end_date__c,sbqq_quote_c,opp_end_date_c,1.0
sbqq__quote__c,opp_owner__c,sbqq_quote_c,opp_owner_c,1.0
sbqq__quote__c,opp_stage__c,sbqq_quote_c,opp_stage_c,1.0
sbqq__quote__c,opp_start_date__c,sbqq_quote_c,opp_start_date_c,1.0
sbqq__quote__c,opportunity_invoiced_date__c,sbqq_quote_c,opportunity_invoiced_date_c,1.0
sbqq__quote__c,opportunity_stage__c,sbqq_quote_c,opportunity_stage_c,1.0
sbqq__quote__c,optyrecordtype20__c,sbqq_quote_c,opty_record_type_20_c,1.0
sbqq__quote__c,otc_enabled__c,sbqq_quote_c,otc_enabled_c,1.0
sbqq__quote__c,ownerid,sbqq_quote_c,owner_id,1.0
sbqq__quote__c,payment_details__c,sbqq_quote_c,payment_details_c,1.0
sbqq__quote__c,premium_service_amount__c,sbqq_quote_c,premium_service_amount_c,1.0
sbqq__quote__c,print_quote_as_invoice__c,sbqq_quote_c,print_quote_as_invoice_c,1.0
sbqq__quote__c,print_quote_as_quote__c,sbqq_quote_c,print_quote_as_quote_c,1.0
sbqq__quote__c,progressive_payment_amount_1a__c,sbqq_quote_c,progressive_payment_amount_1_a_c,1.0
sbqq__quote__c,progressive_payment_amount_2__c,sbqq_quote_c,progressive_payment_amount_2_c,1.0
sbqq__quote__c,progressive_payment_amount_3__c,sbqq_quote_c,progressive_payment_amount_3_c,1.0
sbqq__quote__c,progressive_payment_amount_4__c,sbqq_quote_c,progressive_payment_amount_4_c,1.0
sbqq__quote__c,progressive_payment_amount_5__c,sbqq_quote_c,progressive_payment_amount_5_c,1.0
sbqq__quote__c,progressive_payment_date_1__c,sbqq_quote_c,progressive_payment_date_1_c,1.0
sbqq__quote__c,progressive_payment_date_2__c,sbqq_quote_c,progressive_payment_date_2_c,1.0
sbqq__quote__c,progressive_payment_date_3__c,sbqq_quote_c,progressive_payment_date_3_c,1.0
sbqq__quote__c,progressive_payment_date_4__c,sbqq_quote_c,progressive_payment_date_4_c,1.0
sbqq__quote__c,progressive_payment_date_5__c,sbqq_quote_c,progressive_payment_date_5_c,1.0
sbqq__quote__c,proratedlistprice__c,sbqq_quote_c,prorated_list_price_c,1.0
sbqq__quote__c,proratedyears__c,sbqq_quote_c,prorated_years_c,1.0
sbqq__quote__c,provisioned_lines__c,sbqq_quote_c,provisioned_lines_c,1.0
sbqq__quote__c,q_number_counter__c,sbqq_quote_c,q_number_counter_c,1.0
sbqq__quote__c,quote_account_id__c,sbqq_quote_c,quote_account_id_c,1.0
sbqq__quote__c,quote_approver__c,sbqq_quote_c,quote_approver_c,1.0
sbqq__quote__c,quote_date__c,sbqq_quote_c,quote_date_c,1.0
sbqq__quote__c,quote_expiration_ram_renewals__c,sbqq_quote_c,quote_expiration_ram_renewals_c,1.0
sbqq__quote__c,quote_has_premium_service__c,sbqq_quote_c,quote_has_premium_service_c,1.0
sbqq__quote__c,quote_id__c,sbqq_quote_c,quote_id_c,1.0
sbqq__quote__c,quote_name__c,sbqq_quote_c,quote_name_c,1.0
sbqq__quote__c,quote_type__c,sbqq_quote_c,quote_type_c,1.0
sbqq__quote__c,quote_types__c,sbqq_quote_c,quote_types_c,1.0
sbqq__quote__c,record_type__c,sbqq_quote_c,record_type_c,1.0
sbqq__quote__c,regular_progressive__c,sbqq_quote_c,regular_progressive_c,1.0
sbqq__quote__c,regulardiscountamounttbd__c,sbqq_quote_c,regular_discount_amounttbd_c,1.0
sbqq__quote__c,rep_total_dis_amount__c,sbqq_quote_c,rep_total_dis_amount_c,1.0
sbqq__quote__c,reps_discount__c,sbqq_quote_c,reps_discount_c,1.0
sbqq__quote__c,sales_rep_quote_notes__c,sbqq_quote_c,sales_rep_quote_notes_c,1.0
sbqq__quote__c,sbqq__account__c,sbqq_quote_c,sbqq_account_c,1.0
sbqq__quote__c,sbqq__additionaldiscountamount__c,sbqq_quote_c,sbqq_additional_discount_amount_c,1.0
sbqq__quote__c,sbqq__averagecustomerdiscount__c,sbqq_quote_c,sbqq_average_customer_discount_c,1.0
sbqq__quote__c,sbqq__averagepartnerdiscount__c,sbqq_quote_c,sbqq_average_partner_discount_c,1.0
sbqq__quote__c,sbqq__billingcity__c,sbqq_quote_c,sbqq_billing_city_c,1.0
sbqq__quote__c,sbqq__billingcountry__c,sbqq_quote_c,sbqq_billing_country_c,1.0
sbqq__quote__c,sbqq__billingfrequency__c,sbqq_quote_c,sbqq_billing_frequency_c,1.0
sbqq__quote__c,sbqq__billingname__c,sbqq_quote_c,sbqq_billing_name_c,1.0
sbqq__quote__c,sbqq__billingpostalcode__c,sbqq_quote_c,sbqq_billing_postal_code_c,1.0
sbqq__quote__c,sbqq__billingstate__c,sbqq_quote_c,sbqq_billing_state_c,1.0
sbqq__quote__c,sbqq__billingstreet__c,sbqq_quote_c,sbqq_billing_street_c,1.0
sbqq__quote__c,sbqq__consumptionrateoverride__c,sbqq_quote_c,sbqq_consumption_rate_override_c,1.0
sbqq__quote__c,sbqq__contractingmethod__c,sbqq_quote_c,sbqq_contracting_method_c,1.0
sbqq__quote__c,sbqq__customeramount__c,sbqq_quote_c,sbqq_customer_amount_c,1.0
sbqq__quote__c,sbqq__customerdiscount__c,sbqq_quote_c,sbqq_customer_discount_c,1.0
sbqq__quote__c,sbqq__daysquoteopen__c,sbqq_quote_c,sbqq_days_quote_open_c,1.0
sbqq__quote__c,sbqq__defaulttemplate__c,sbqq_quote_c,sbqq_default_template_c,1.0
sbqq__quote__c,sbqq__deliverymethod__c,sbqq_quote_c,sbqq_delivery_method_c,1.0
sbqq__quote__c,sbqq__distributor__c,sbqq_quote_c,sbqq_distributor_c,1.0
sbqq__quote__c,sbqq__distributordiscount__c,sbqq_quote_c,sbqq_distributor_discount_c,1.0
sbqq__quote__c,sbqq__documentstatus__c,sbqq_quote_c,sbqq_document_status_c,1.0
sbqq__quote__c,sbqq__emailtemplateid__c,sbqq_quote_c,sbqq_email_template_id_c,1.0
sbqq__quote__c,sbqq__enddate__c,sbqq_quote_c,sbqq_end_date_c,1.0
sbqq__quote__c,sbqq__expirationdate__c,sbqq_quote_c,sbqq_expiration_date_c,1.0
sbqq__quote__c,sbqq__firstsegmenttermenddate__c,sbqq_quote_c,sbqq_first_segment_term_end_date_c,1.0
sbqq__quote__c,sbqq__generatecontractedprice__c,sbqq_quote_c,sbqq_generate_contracted_price_c,1.0
sbqq__quote__c,sbqq__introduction__c,sbqq_quote_c,sbqq_introduction_c,1.0
sbqq__quote__c,sbqq__key__c,sbqq_quote_c,sbqq_key_c,1.0
sbqq__quote__c,sbqq__lastcalculatedon__c,sbqq_quote_c,sbqq_last_calculated_on_c,1.0
sbqq__quote__c,sbqq__lastsavedon__c,sbqq_quote_c,sbqq_last_saved_on_c,1.0
sbqq__quote__c,sbqq__lineitemcount__c,sbqq_quote_c,sbqq_line_item_count_c,1.0
sbqq__quote__c,sbqq__lineitemsgrouped__c,sbqq_quote_c,sbqq_line_items_grouped_c,1.0
sbqq__quote__c,sbqq__lineitemsprinted__c,sbqq_quote_c,sbqq_line_items_printed_c,1.0
sbqq__quote__c,sbqq__listamount__c,sbqq_quote_c,sbqq_list_amount_c,1.0
sbqq__quote__c,sbqq__markuprate__c,sbqq_quote_c,sbqq_markup_rate_c,1.0
sbqq__quote__c,sbqq__mastercontract__c,sbqq_quote_c,sbqq_master_contract_c,1.0
sbqq__quote__c,sbqq__masterevergreencontract__c,sbqq_quote_c,sbqq_master_evergreen_contract_c,1.0
sbqq__quote__c,sbqq__netamount__c,sbqq_quote_c,sbqq_net_amount_c,1.0
sbqq__quote__c,sbqq__notes__c,sbqq_quote_c,sbqq_notes_c,1.0
sbqq__quote__c,sbqq__opportunity2__c,sbqq_quote_c,sbqq_opportunity_2_c,1.0
sbqq__quote__c,sbqq__orderby__c,sbqq_quote_c,sbqq_order_by_c,1.0
sbqq__quote__c,sbqq__orderbyquotelinegroup__c,sbqq_quote_c,sbqq_order_by_quote_line_group_c,1.0
sbqq__quote__c,sbqq__ordered__c,sbqq_quote_c,sbqq_ordered_c,1.0
sbqq__quote__c,sbqq__ordergroupid__c,sbqq_quote_c,sbqq_order_group_id_c,1.0
sbqq__quote__c,sbqq__originalquote__c,sbqq_quote_c,sbqq_original_quote_c,1.0
sbqq__quote__c,sbqq__papersize__c,sbqq_quote_c,sbqq_paper_size_c,1.0
sbqq__quote__c,sbqq__partner__c,sbqq_quote_c,sbqq_partner_c,1.0
sbqq__quote__c,sbqq__partnerdiscount__c,sbqq_quote_c,sbqq_partner_discount_c,1.0
sbqq__quote__c,sbqq__paymentterms__c,sbqq_quote_c,sbqq_payment_terms_c,1.0
sbqq__quote__c,sbqq__pricebook__c,sbqq_quote_c,sbqq_price_book_c,1.0
sbqq__quote__c,sbqq__pricebookid__c,sbqq_quote_c,sbqq_pricebook_id_c,1.0
sbqq__quote__c,sbqq__primary__c,sbqq_quote_c,sbqq_primary_c,1.0
sbqq__quote__c,sbqq__primarycontact__c,sbqq_quote_c,sbqq_primary_contact_c,1.0
sbqq__quote__c,sbqq__prorationdayofmonth__c,sbqq_quote_c,sbqq_proration_day_of_month_c,1.0
sbqq__quote__c,sbqq__quotelanguage__c,sbqq_quote_c,sbqq_quote_language_c,1.0
sbqq__quote__c,sbqq__quoteprocessid__c,sbqq_quote_c,sbqq_quote_process_id_c,1.0
sbqq__quote__c,sbqq__quotetemplateid__c,sbqq_quote_c,sbqq_quote_template_id_c,1.0
sbqq__quote__c,sbqq__regularamount__c,sbqq_quote_c,sbqq_regular_amount_c,1.0
sbqq__quote__c,sbqq__renewalterm__c,sbqq_quote_c,sbqq_renewal_term_c,1.0
sbqq__quote__c,sbqq__renewalupliftrate__c,sbqq_quote_c,sbqq_renewal_uplift_rate_c,1.0
sbqq__quote__c,sbqq__salesrep__c,sbqq_quote_c,sbqq_sales_rep_c,1.0
sbqq__quote__c,sbqq__shippingcity__c,sbqq_quote_c,sbqq_shipping_city_c,1.0
sbqq__quote__c,sbqq__shippingcountry__c,sbqq_quote_c,sbqq_shipping_country_c,1.0
sbqq__quote__c,sbqq__shippingname__c,sbqq_quote_c,sbqq_shipping_name_c,1.0
sbqq__quote__c,sbqq__shippingpostalcode__c,sbqq_quote_c,sbqq_shipping_postal_code_c,1.0
sbqq__quote__c,sbqq__shippingstate__c,sbqq_quote_c,sbqq_shipping_state_c,1.0
sbqq__quote__c,sbqq__shippingstreet__c,sbqq_quote_c,sbqq_shipping_street_c,1.0
sbqq__quote__c,sbqq__source__c,sbqq_quote_c,sbqq_source_c,1.0
sbqq__quote__c,sbqq__startdate__c,sbqq_quote_c,sbqq_start_date_c,1.0
sbqq__quote__c,sbqq__status__c,sbqq_quote_c,sbqq_status_c,1.0
sbqq__quote__c,sbqq__subscriptionterm__c,sbqq_quote_c,sbqq_subscription_term_c,1.0
sbqq__quote__c,sbqq__targetcustomeramount__c,sbqq_quote_c,sbqq_target_customer_amount_c,1.0
sbqq__quote__c,sbqq__totalcustomerdiscountamount__c,sbqq_quote_c,sbqq_total_customer_discount_amount_c,1.0
sbqq__quote__c,sbqq__type__c,sbqq_quote_c,sbqq_type_c,1.0
sbqq__quote__c,sbqq__uncalculated__c,sbqq_quote_c,sbqq_uncalculated_c,1.0
sbqq__quote__c,sbqq__unopened__c,sbqq_quote_c,sbqq_unopened_c,1.0
sbqq__quote__c,sbqq__watermarkshown__c,sbqq_quote_c,sbqq_watermark_shown_c,1.0
sbqq__quote__c,school_list__c,sbqq_quote_c,school_list_c,1.0
sbqq__quote__c,searchable_quote_name__c,sbqq_quote_c,searchable_quote_name_c,1.0
sbqq__quote__c,standard_discount__c,sbqq_quote_c,standard_discount_c,1.0
sbqq__quote__c,start_date_populated__c,sbqq_quote_c,start_date_populated_c,1.0
sbqq__quote__c,subscriptionyears__c,sbqq_quote_c,subscription_years_c,1.0
sbqq__quote__c,systemmodstamp,sbqq_quote_c,system_modstamp,1.0
sbqq__quote__c,texas_savings_v2__c,sbqq_quote_c,texas_savings_v_2_c,1.0
sbqq__quote__c,tier__c,sbqq_quote_c,tier_c,1.0
sbqq__quote__c,tiered_services_discount__c,sbqq_quote_c,tiered_services_discount_c,1.0
sbqq__quote__c,total_credit__c,sbqq_quote_c,total_credit_c,1.0
sbqq__quote__c,total_quote_lines__c,sbqq_quote_c,total_quote_lines_c,1.0
sbqq__quote__c,ultimate_parent_account__c,sbqq_quote_c,ultimate_parent_account_c,1.0
sbqq__quote__c,watermark_pb__c,sbqq_quote_c,watermark_pb_c,1.0
sbqq__quote__c,x2_year_progressive__c,sbqq_quote_c,x_2_year_progressive_c,1.0
sbqq__quote__c,x3_year_progressive__c,sbqq_quote_c,x_3_year_progressive_c,1.0
sbqq__quote__c,x4_year_progressive__c,sbqq_quote_c,x_4_year_progressive_c,1.0
sbqq__quote__c,x5_year_progressive__c,sbqq_quote_c,x_5_year_progressive_c,1.0
sbqq__quoteline__c,actualenddate__c,sbqq_quote_line_c,actual_end_date_c,1.0
sbqq__quoteline__c,actualproratedpyyears__c,sbqq_quote_line_c,actual_prorated_pyyears_c,1.0
sbqq__quoteline__c,actualproratedyears__c,sbqq_quote_line_c,actual_prorated_years_c,1.0
sbqq__quoteline__c,actualstartdate__c,sbqq_quote_line_c,actual_start_date_c,1.0
sbqq__quoteline__c,business_type__c,sbqq_quote_line_c,business_type_c,1.0
sbqq__quoteline__c,business_type_opty_product__c,sbqq_quote_line_c,business_type_opty_product_c,1.0
sbqq__quoteline__c,close_date__c,sbqq_quote_line_c,close_date_c,1.0
sbqq__quoteline__c,component_discount__c,sbqq_quote_line_c,component_discount_c,1.0
sbqq__quoteline__c,component_list_unit_price__c,sbqq_quote_line_c,component_list_unit_price_c,1.0
sbqq__quoteline__c,component_net_unit_price__c,sbqq_quote_line_c,component_net_unit_price_c,1.0
sbqq__quoteline__c,count_of_lcom_license_sites__c,sbqq_quote_line_c,count_of_lcom_license_sites_c,1.0
sbqq__quoteline__c,createdbyid,sbqq_quote_line_c,created_by_id,1.0
sbqq__quoteline__c,createddate,sbqq_quote_line_c,created_date,1.0
sbqq__quoteline__c,default_proration__c,sbqq_quote_line_c,default_proration_c,1.0
sbqq__quoteline__c,discountdisplay__c,sbqq_quote_line_c,discount_display_c,1.0
sbqq__quoteline__c,discountedprice__c,sbqq_quote_line_c,discounted_price_c,1.0
sbqq__quoteline__c,family__c,sbqq_quote_line_c,family_c,1.0
sbqq__quoteline__c,gold_service__c,sbqq_quote_line_c,gold_service_c,1.0
sbqq__quoteline__c,id,sbqq_quote_line_c,id,1.0
sbqq__quoteline__c,is_not_provisioned__c,sbqq_quote_line_c,is_not_provisioned_c,1.0
sbqq__quoteline__c,isdeleted,sbqq_quote_line_c,is_deleted,1.0
sbqq__quoteline__c,jitterbitenddate__c,sbqq_quote_line_c,jitterbit_end_date_c,1.0
sbqq__quoteline__c,jitterbitstartdate__c,sbqq_quote_line_c,jitterbit_start_date_c,1.0
sbqq__quoteline__c,lastmodifiedbyid,sbqq_quote_line_c,last_modified_by_id,1.0
sbqq__quoteline__c,lastmodifieddate,sbqq_quote_line_c,last_modified_date,1.0
sbqq__quoteline__c,lastreferenceddate,sbqq_quote_line_c,last_referenced_date,1.0
sbqq__quoteline__c,lastvieweddate,sbqq_quote_line_c,last_viewed_date,1.0
sbqq__quoteline__c,learningsbxid__c,sbqq_quote_line_c,learning_sbxid_c,1.0
sbqq__quoteline__c,list_price__c,sbqq_quote_line_c,list_price_c,1.0
sbqq__quoteline__c,mrnettotal__c,sbqq_quote_line_c,mr_net_total_c,1.0
sbqq__quoteline__c,mrnetunitprice__c,sbqq_quote_line_c,mr_net_unit_price_c,1.0
sbqq__quoteline__c,multi_year_disc__c,sbqq_quote_line_c,multi_year_disc_c,1.0
sbqq__quoteline__c,name,sbqq_quote_line_c,name,1.0
sbqq__quoteline__c,net_total_without_prem_serv__c,sbqq_quote_line_c,net_total_without_prem_serv_c,1.0
sbqq__quoteline__c,net_total_without_tiered_service__c,sbqq_quote_line_c,net_total_without_tiered_service_c,1.0
sbqq__quoteline__c,netpricedisplay__c,sbqq_quote_line_c,net_price_display_c,1.0
sbqq__quoteline__c,nonproratedpysubscriptionterm__c,sbqq_quote_line_c,non_prorated_pysubscription_term_c,1.0
sbqq__quoteline__c,nonproratedsubscriptionterm__c,sbqq_quote_line_c,non_prorated_subscription_term_c,1.0
sbqq__quoteline__c,noproration__c,sbqq_quote_line_c,no_proration_c,1.0
sbqq__quoteline__c,opp_record_type_20__c,sbqq_quote_line_c,opp_record_type_20_c,1.0
sbqq__quoteline__c,opportunityrecordtype__c,sbqq_quote_line_c,opportunity_record_type_c,1.0
sbqq__quoteline__c,owner__c,sbqq_quote_line_c,owner_c,1.0
sbqq__quoteline__c,packaged_total_frm__c,sbqq_quote_line_c,packaged_total_frm_c,1.0
sbqq__quoteline__c,product_sub_family__c,sbqq_quote_line_c,product_sub_family_c,1.0
sbqq__quoteline__c,proratedstartdate__c,sbqq_quote_line_c,prorated_start_date_c,1.0
sbqq__quoteline__c,pyproration__c,sbqq_quote_line_c,pyproration_c,1.0
sbqq__quoteline__c,pyterm__c,sbqq_quote_line_c,pyterm_c,1.0
sbqq__quoteline__c,quoteenddate__c,sbqq_quote_line_c,quoteend_date_c,1.0
sbqq__quoteline__c,record_type__c,sbqq_quote_line_c,record_type_c,1.0
sbqq__quoteline__c,rep_additional_discount__c,sbqq_quote_line_c,rep_additional_discount_c,1.0
sbqq__quoteline__c,sbqq__additionaldiscount__c,sbqq_quote_line_c,sbqq_additional_discount_c,1.0
sbqq__quoteline__c,sbqq__additionaldiscountamount__c,sbqq_quote_line_c,sbqq_additional_discount_amount_c,1.0
sbqq__quoteline__c,sbqq__additionalquantity__c,sbqq_quote_line_c,sbqq_additional_quantity_c,1.0
sbqq__quoteline__c,sbqq__allowassetrefund__c,sbqq_quote_line_c,sbqq_allow_asset_refund_c,1.0
sbqq__quoteline__c,sbqq__batchquantity__c,sbqq_quote_line_c,sbqq_batch_quantity_c,1.0
sbqq__quoteline__c,sbqq__billingfrequency__c,sbqq_quote_line_c,sbqq_billing_frequency_c,1.0
sbqq__quoteline__c,sbqq__billingtype__c,sbqq_quote_line_c,sbqq_billing_type_c,1.0
sbqq__quoteline__c,sbqq__blockprice__c,sbqq_quote_line_c,sbqq_block_price_c,1.0
sbqq__quoteline__c,sbqq__bundle__c,sbqq_quote_line_c,sbqq_bundle_c,1.0
sbqq__quoteline__c,sbqq__bundled__c,sbqq_quote_line_c,sbqq_bundled_c,1.0
sbqq__quoteline__c,sbqq__bundledquantity__c,sbqq_quote_line_c,sbqq_bundled_quantity_c,1.0
sbqq__quoteline__c,sbqq__carryoverline__c,sbqq_quote_line_c,sbqq_carryover_line_c,1.0
sbqq__quoteline__c,sbqq__chargetype__c,sbqq_quote_line_c,sbqq_charge_type_c,1.0
sbqq__quoteline__c,sbqq__completelycontracted__c,sbqq_quote_line_c,sbqq_completely_contracted_c,1.0
sbqq__quoteline__c,sbqq__componentcost__c,sbqq_quote_line_c,sbqq_component_cost_c,1.0
sbqq__quoteline__c,sbqq__componentdiscountedbypackage__c,sbqq_quote_line_c,sbqq_component_discounted_by_package_c,1.0
sbqq__quoteline__c,sbqq__componentlisttotal__c,sbqq_quote_line_c,sbqq_component_list_total_c,1.0
sbqq__quoteline__c,sbqq__componentsubscriptionscope__c,sbqq_quote_line_c,sbqq_component_subscription_scope_c,1.0
sbqq__quoteline__c,sbqq__componenttotal__c,sbqq_quote_line_c,sbqq_component_total_c,1.0
sbqq__quoteline__c,sbqq__componentupliftedbypackage__c,sbqq_quote_line_c,sbqq_component_uplifted_by_package_c,1.0
sbqq__quoteline__c,sbqq__componentvisibility__c,sbqq_quote_line_c,sbqq_component_visibility_c,1.0
sbqq__quoteline__c,sbqq__compounddiscountrate__c,sbqq_quote_line_c,sbqq_compound_discount_rate_c,1.0
sbqq__quoteline__c,sbqq__configurationrequired__c,sbqq_quote_line_c,sbqq_configuration_required_c,1.0
sbqq__quoteline__c,sbqq__contractedprice__c,sbqq_quote_line_c,sbqq_contracted_price_c,1.0
sbqq__quoteline__c,sbqq__cost__c,sbqq_quote_line_c,sbqq_cost_c,1.0
sbqq__quoteline__c,sbqq__costeditable__c,sbqq_quote_line_c,sbqq_cost_editable_c,1.0
sbqq__quoteline__c,sbqq__customerprice__c,sbqq_quote_line_c,sbqq_customer_price_c,1.0
sbqq__quoteline__c,sbqq__customertotal__c,sbqq_quote_line_c,sbqq_customer_total_c,1.0
sbqq__quoteline__c,sbqq__defaultsubscriptionterm__c,sbqq_quote_line_c,sbqq_default_subscription_term_c,1.0
sbqq__quoteline__c,sbqq__description__c,sbqq_quote_line_c,sbqq_description_c,1.0
sbqq__quoteline__c,sbqq__dimension__c,sbqq_quote_line_c,sbqq_dimension_c,1.0
sbqq__quoteline__c,sbqq__discount__c,sbqq_quote_line_c,sbqq_discount_c,1.0
sbqq__quoteline__c,sbqq__discountschedule__c,sbqq_quote_line_c,sbqq_discount_schedule_c,1.0
sbqq__quoteline__c,sbqq__discountscheduletype__c,sbqq_quote_line_c,sbqq_discount_schedule_type_c,1.0
sbqq__quoteline__c,sbqq__discounttier__c,sbqq_quote_line_c,sbqq_discount_tier_c,1.0
sbqq__quoteline__c,sbqq__distributordiscount__c,sbqq_quote_line_c,sbqq_distributor_discount_c,1.0
sbqq__quoteline__c,sbqq__dynamicoptionid__c,sbqq_quote_line_c,sbqq_dynamic_option_id_c,1.0
sbqq__quoteline__c,sbqq__earliestvalidamendmentstartdate__c,sbqq_quote_line_c,sbqq_earliest_valid_amendment_start_date_c,1.0
sbqq__quoteline__c,sbqq__effectiveenddate__c,sbqq_quote_line_c,sbqq_effective_end_date_c,1.0
sbqq__quoteline__c,sbqq__effectivequantity__c,sbqq_quote_line_c,sbqq_effective_quantity_c,1.0
sbqq__quoteline__c,sbqq__effectivestartdate__c,sbqq_quote_line_c,sbqq_effective_start_date_c,1.0
sbqq__quoteline__c,sbqq__effectivesubscriptionterm__c,sbqq_quote_line_c,sbqq_effective_subscription_term_c,1.0
sbqq__quoteline__c,sbqq__enddate__c,sbqq_quote_line_c,sbqq_end_date_c,1.0
sbqq__quoteline__c,sbqq__existing__c,sbqq_quote_line_c,sbqq_existing_c,1.0
sbqq__quoteline__c,sbqq__favorite__c,sbqq_quote_line_c,sbqq_favorite_c,1.0
sbqq__quoteline__c,sbqq__generatecontractedprice__c,sbqq_quote_line_c,sbqq_generate_contracted_price_c,1.0
sbqq__quoteline__c,sbqq__grossprofit__c,sbqq_quote_line_c,sbqq_gross_profit_c,1.0
sbqq__quoteline__c,sbqq__group__c,sbqq_quote_line_c,sbqq_group_c,1.0
sbqq__quoteline__c,sbqq__guidance__c,sbqq_quote_line_c,sbqq_guidance_c,1.0
sbqq__quoteline__c,sbqq__hasconsumptionschedule__c,sbqq_quote_line_c,sbqq_has_consumption_schedule_c,1.0
sbqq__quoteline__c,sbqq__hassplitorders__c,sbqq_quote_line_c,sbqq_has_split_orders_c,1.0
sbqq__quoteline__c,sbqq__hidden__c,sbqq_quote_line_c,sbqq_hidden_c,1.0
sbqq__quoteline__c,sbqq__incomplete__c,sbqq_quote_line_c,sbqq_incomplete_c,1.0
sbqq__quoteline__c,sbqq__listprice__c,sbqq_quote_line_c,sbqq_list_price_c,1.0
sbqq__quoteline__c,sbqq__listtotal__c,sbqq_quote_line_c,sbqq_list_total_c,1.0
sbqq__quoteline__c,sbqq__markup__c,sbqq_quote_line_c,sbqq_markup_c,1.0
sbqq__quoteline__c,sbqq__markupamount__c,sbqq_quote_line_c,sbqq_markup_amount_c,1.0
sbqq__quoteline__c,sbqq__markuprate__c,sbqq_quote_line_c,sbqq_markup_rate_c,1.0
sbqq__quoteline__c,sbqq__maximumprice__c,sbqq_quote_line_c,sbqq_maximum_price_c,1.0
sbqq__quoteline__c,sbqq__minimumprice__c,sbqq_quote_line_c,sbqq_minimum_price_c,1.0
sbqq__quoteline__c,sbqq__netprice__c,sbqq_quote_line_c,sbqq_net_price_c,1.0
sbqq__quoteline__c,sbqq__nettotal__c,sbqq_quote_line_c,sbqq_net_total_c,1.0
sbqq__quoteline__c,sbqq__nondiscountable__c,sbqq_quote_line_c,sbqq_non_discountable_c,1.0
sbqq__quoteline__c,sbqq__nonpartnerdiscountable__c,sbqq_quote_line_c,sbqq_non_partner_discountable_c,1.0
sbqq__quoteline__c,sbqq__number__c,sbqq_quote_line_c,sbqq_number_c,1.0
sbqq__quoteline__c,sbqq__optional__c,sbqq_quote_line_c,sbqq_optional_c,1.0
sbqq__quoteline__c,sbqq__optiondiscount__c,sbqq_quote_line_c,sbqq_option_discount_c,1.0
sbqq__quoteline__c,sbqq__optiondiscountamount__c,sbqq_quote_line_c,sbqq_option_discount_amount_c,1.0
sbqq__quoteline__c,sbqq__optionlevel__c,sbqq_quote_line_c,sbqq_option_level_c,1.0
sbqq__quoteline__c,sbqq__optiontype__c,sbqq_quote_line_c,sbqq_option_type_c,1.0
sbqq__quoteline__c,sbqq__originalprice__c,sbqq_quote_line_c,sbqq_original_price_c,1.0
sbqq__quoteline__c,sbqq__originalquotelineid__c,sbqq_quote_line_c,sbqq_original_quote_line_id_c,1.0
sbqq__quoteline__c,sbqq__originalsource__c,sbqq_quote_line_c,sbqq_original_source_c,1.0
sbqq__quoteline__c,sbqq__originalunitcost__c,sbqq_quote_line_c,sbqq_original_unit_cost_c,1.0
sbqq__quoteline__c,sbqq__packagecost__c,sbqq_quote_line_c,sbqq_package_cost_c,1.0
sbqq__quoteline__c,sbqq__packagelisttotal__c,sbqq_quote_line_c,sbqq_package_list_total_c,1.0
sbqq__quoteline__c,sbqq__packageproductcode__c,sbqq_quote_line_c,sbqq_package_product_code_c,1.0
sbqq__quoteline__c,sbqq__packageproductdescription__c,sbqq_quote_line_c,sbqq_package_product_description_c,1.0
sbqq__quoteline__c,sbqq__packagetotal__c,sbqq_quote_line_c,sbqq_package_total_c,1.0
sbqq__quoteline__c,sbqq__partnerdiscount__c,sbqq_quote_line_c,sbqq_partner_discount_c,1.0
sbqq__quoteline__c,sbqq__partnerprice__c,sbqq_quote_line_c,sbqq_partner_price_c,1.0
sbqq__quoteline__c,sbqq__partnertotal__c,sbqq_quote_line_c,sbqq_partner_total_c,1.0
sbqq__quoteline__c,sbqq__previoussegmentprice__c,sbqq_quote_line_c,sbqq_previous_segment_price_c,1.0
sbqq__quoteline__c,sbqq__previoussegmentuplift__c,sbqq_quote_line_c,sbqq_previous_segment_uplift_c,1.0
sbqq__quoteline__c,sbqq__pricebookentryid__c,sbqq_quote_line_c,sbqq_pricebook_entry_id_c,1.0
sbqq__quoteline__c,sbqq__priceeditable__c,sbqq_quote_line_c,sbqq_price_editable_c,1.0
sbqq__quoteline__c,sbqq__pricingmethod__c,sbqq_quote_line_c,sbqq_pricing_method_c,1.0
sbqq__quoteline__c,sbqq__pricingmethodeditable__c,sbqq_quote_line_c,sbqq_pricing_method_editable_c,1.0
sbqq__quoteline__c,sbqq__priorquantity__c,sbqq_quote_line_c,sbqq_prior_quantity_c,1.0
sbqq__quoteline__c,sbqq__product__c,sbqq_quote_line_c,sbqq_product_c,1.0
sbqq__quoteline__c,sbqq__productcode__c,sbqq_quote_line_c,sbqq_product_code_c,1.0
sbqq__quoteline__c,sbqq__productfamily__c,sbqq_quote_line_c,sbqq_product_family_c,1.0
sbqq__quoteline__c,sbqq__productname__c,sbqq_quote_line_c,sbqq_product_name_c,1.0
sbqq__quoteline__c,sbqq__productoption__c,sbqq_quote_line_c,sbqq_product_option_c,1.0
sbqq__quoteline__c,sbqq__productsubscriptiontype__c,sbqq_quote_line_c,sbqq_product_subscription_type_c,1.0
sbqq__quoteline__c,sbqq__proratedlistprice__c,sbqq_quote_line_c,sbqq_prorated_list_price_c,1.0
sbqq__quoteline__c,sbqq__proratedprice__c,sbqq_quote_line_c,sbqq_prorated_price_c,1.0
sbqq__quoteline__c,sbqq__proratemultiplier__c,sbqq_quote_line_c,sbqq_prorate_multiplier_c,1.0
sbqq__quoteline__c,sbqq__quantity__c,sbqq_quote_line_c,sbqq_quantity_c,1.0
sbqq__quoteline__c,sbqq__quote__c,sbqq_quote_line_c,sbqq_quote_c,1.0
sbqq__quoteline__c,sbqq__regularprice__c,sbqq_quote_line_c,sbqq_regular_price_c,1.0
sbqq__quoteline__c,sbqq__regulartotal__c,sbqq_quote_line_c,sbqq_regular_total_c,1.0
sbqq__quoteline__c,sbqq__renewal__c,sbqq_quote_line_c,sbqq_renewal_c,1.0
sbqq__quoteline__c,sbqq__renewedasset__c,sbqq_quote_line_c,sbqq_renewed_asset_c,1.0
sbqq__quoteline__c,sbqq__renewedsubscription__c,sbqq_quote_line_c,sbqq_renewed_subscription_c,1.0
sbqq__quoteline__c,sbqq__requiredby__c,sbqq_quote_line_c,sbqq_required_by_c,1.0
sbqq__quoteline__c,sbqq__segmentindex__c,sbqq_quote_line_c,sbqq_segment_index_c,1.0
sbqq__quoteline__c,sbqq__segmentkey__c,sbqq_quote_line_c,sbqq_segment_key_c,1.0
sbqq__quoteline__c,sbqq__segmentlabel__c,sbqq_quote_line_c,sbqq_segment_label_c,1.0
sbqq__quoteline__c,sbqq__source__c,sbqq_quote_line_c,sbqq_source_c,1.0
sbqq__quoteline__c,sbqq__specialprice__c,sbqq_quote_line_c,sbqq_special_price_c,1.0
sbqq__quoteline__c,sbqq__specialpricedescription__c,sbqq_quote_line_c,sbqq_special_price_description_c,1.0
sbqq__quoteline__c,sbqq__specialpricetype__c,sbqq_quote_line_c,sbqq_special_price_type_c,1.0
sbqq__quoteline__c,sbqq__startdate__c,sbqq_quote_line_c,sbqq_start_date_c,1.0
sbqq__quoteline__c,sbqq__subscribedassetids__c,sbqq_quote_line_c,sbqq_subscribed_asset_ids_c,1.0
sbqq__quoteline__c,sbqq__subscriptionbase__c,sbqq_quote_line_c,sbqq_subscription_base_c,1.0
sbqq__quoteline__c,sbqq__subscriptioncategory__c,sbqq_quote_line_c,sbqq_subscription_category_c,1.0
sbqq__quoteline__c,sbqq__subscriptionpercent__c,sbqq_quote_line_c,sbqq_subscription_percent_c,1.0
sbqq__quoteline__c,sbqq__subscriptionpricing__c,sbqq_quote_line_c,sbqq_subscription_pricing_c,1.0
sbqq__quoteline__c,sbqq__subscriptionscope__c,sbqq_quote_line_c,sbqq_subscription_scope_c,1.0
sbqq__quoteline__c,sbqq__subscriptiontargetprice__c,sbqq_quote_line_c,sbqq_subscription_target_price_c,1.0
sbqq__quoteline__c,sbqq__subscriptionterm__c,sbqq_quote_line_c,sbqq_subscription_term_c,1.0
sbqq__quoteline__c,sbqq__subscriptiontype__c,sbqq_quote_line_c,sbqq_subscription_type_c,1.0
sbqq__quoteline__c,sbqq__taxable__c,sbqq_quote_line_c,sbqq_taxable_c,1.0
sbqq__quoteline__c,sbqq__taxcode__c,sbqq_quote_line_c,sbqq_tax_code_c,1.0
sbqq__quoteline__c,sbqq__termdiscount__c,sbqq_quote_line_c,sbqq_term_discount_c,1.0
sbqq__quoteline__c,sbqq__termdiscountschedule__c,sbqq_quote_line_c,sbqq_term_discount_schedule_c,1.0
sbqq__quoteline__c,sbqq__termdiscounttier__c,sbqq_quote_line_c,sbqq_term_discount_tier_c,1.0
sbqq__quoteline__c,sbqq__totaldiscountamount__c,sbqq_quote_line_c,sbqq_total_discount_amount_c,1.0
sbqq__quoteline__c,sbqq__totaldiscountrate__c,sbqq_quote_line_c,sbqq_total_discount_rate_c,1.0
sbqq__quoteline__c,sbqq__unitcost__c,sbqq_quote_line_c,sbqq_unit_cost_c,1.0
sbqq__quoteline__c,sbqq__unproratednetprice__c,sbqq_quote_line_c,sbqq_unprorated_net_price_c,1.0
sbqq__quoteline__c,sbqq__upgradedasset__c,sbqq_quote_line_c,sbqq_upgraded_asset_c,1.0
sbqq__quoteline__c,sbqq__upgradedquantity__c,sbqq_quote_line_c,sbqq_upgraded_quantity_c,1.0
sbqq__quoteline__c,sbqq__upgradedsubscription__c,sbqq_quote_line_c,sbqq_upgraded_subscription_c,1.0
sbqq__quoteline__c,sbqq__uplift__c,sbqq_quote_line_c,sbqq_uplift_c,1.0
sbqq__quoteline__c,sbqq__upliftamount__c,sbqq_quote_line_c,sbqq_uplift_amount_c,1.0
sbqq__quoteline__c,sbqq__volumediscount__c,sbqq_quote_line_c,sbqq_volume_discount_c,1.0
sbqq__quoteline__c,services_discount__c,sbqq_quote_line_c,services_discount_c,1.0
sbqq__quoteline__c,stdunitpricedisplay__c,sbqq_quote_line_c,stdunit_price_display_c,1.0
sbqq__quoteline__c,subscription_term_in_years__c,sbqq_quote_line_c,subscription_term_in_years_c,1.0
sbqq__quoteline__c,systemmodstamp,sbqq_quote_line_c,system_modstamp,1.0
sbqq__quoteline__c,templatesortingorder__c,sbqq_quote_line_c,template_sorting_order_c,1.0
sbqq__quoteline__c,texas_savings__c,sbqq_quote_line_c,texas_savings_c,1.0
sbqq__quoteline__c,texas_techapps_total_savings__c,sbqq_quote_line_c,texas_tech_apps_total_savings_c,1.0
sbqq__quoteline__c,update__c,sbqq_quote_line_c,update_c,1.0
sbqq__quoteline__c,updated__c,sbqq_quote_line_c,updated_c,1.0
sbqq__quoteline__c,wholeyears__c,sbqq_quote_line_c,whole_years_c,1.0
sbqq__quotelinegroup__c,createdbyid,sbqq_quote_line_group_c,created_by_id,1.0
sbqq__quotelinegroup__c,createddate,sbqq_quote_line_group_c,created_date,1.0
sbqq__quotelinegroup__c,id,sbqq_quote_line_group_c,id,1.0
sbqq__quotelinegroup__c,isdeleted,sbqq_quote_line_group_c,is_deleted,1.0
sbqq__quotelinegroup__c,lastmodifiedbyid,sbqq_quote_line_group_c,last_modified_by_id,1.0
sbqq__quotelinegroup__c,lastmodifieddate,sbqq_quote_line_group_c,last_modified_date,1.0
sbqq__quotelinegroup__c,name,sbqq_quote_line_group_c,name,1.0
sbqq__quotelinegroup__c,sbqq__account__c,sbqq_quote_line_group_c,sbqq_account_c,1.0
sbqq__quotelinegroup__c,sbqq__additionaldiscountrate__c,sbqq_quote_line_group_c,sbqq_additional_discount_rate_c,1.0
sbqq__quotelinegroup__c,sbqq__billingfrequency__c,sbqq_quote_line_group_c,sbqq_billing_frequency_c,1.0
sbqq__quotelinegroup__c,sbqq__customertotal__c,sbqq_quote_line_group_c,sbqq_customer_total_c,1.0
sbqq__quotelinegroup__c,sbqq__description__c,sbqq_quote_line_group_c,sbqq_description_c,1.0
sbqq__quotelinegroup__c,sbqq__enddate__c,sbqq_quote_line_group_c,sbqq_end_date_c,1.0
sbqq__quotelinegroup__c,sbqq__favorite__c,sbqq_quote_line_group_c,sbqq_favorite_c,1.0
sbqq__quotelinegroup__c,sbqq__listtotal__c,sbqq_quote_line_group_c,sbqq_list_total_c,1.0
sbqq__quotelinegroup__c,sbqq__markuprate__c,sbqq_quote_line_group_c,sbqq_markup_rate_c,1.0
sbqq__quotelinegroup__c,sbqq__nettotal__c,sbqq_quote_line_group_c,sbqq_net_total_c,1.0
sbqq__quotelinegroup__c,sbqq__number__c,sbqq_quote_line_group_c,sbqq_number_c,1.0
sbqq__quotelinegroup__c,sbqq__optional__c,sbqq_quote_line_group_c,sbqq_optional_c,1.0
sbqq__quotelinegroup__c,sbqq__quote__c,sbqq_quote_line_group_c,sbqq_quote_c,1.0
sbqq__quotelinegroup__c,sbqq__quoteprocess__c,sbqq_quote_line_group_c,sbqq_quote_process_c,1.0
sbqq__quotelinegroup__c,sbqq__separatecontract__c,sbqq_quote_line_group_c,sbqq_separate_contract_c,1.0
sbqq__quotelinegroup__c,sbqq__solutiongroup__c,sbqq_quote_line_group_c,sbqq_solution_group_c,1.0
sbqq__quotelinegroup__c,sbqq__source__c,sbqq_quote_line_group_c,sbqq_source_c,1.0
sbqq__quotelinegroup__c,sbqq__startdate__c,sbqq_quote_line_group_c,sbqq_start_date_c,1.0
sbqq__quotelinegroup__c,sbqq__subscriptionterm__c,sbqq_quote_line_group_c,sbqq_subscription_term_c,1.0
sbqq__quotelinegroup__c,sbqq__targetcustomeramount__c,sbqq_quote_line_group_c,sbqq_target_customer_amount_c,1.0
sbqq__quotelinegroup__c,systemmodstamp,sbqq_quote_line_group_c,system_modstamp,1.0
state_profile__c,additional_notes_regarding_cs__c,state_profile_c,additional_notes_regarding_cs_c,1.0
state_profile__c,additional_notes_regarding_dei__c,state_profile_c,additional_notes_regarding_dei_c,1.0
state_profile__c,advisory_council_process__c,state_profile_c,advisory_council_process_c,1.0
state_profile__c,allow_computer_science_to_count_for_a__c,state_profile_c,allow_computer_science_to_count_for_a_c,1.0
state_profile__c,annual_transactions__c,state_profile_c,annual_transactions_c,1.0
state_profile__c,are_there_k_12_cs_curriculum_standards__c,state_profile_c,are_there_k_12_cs_curriculum_standards_c,1.0
state_profile__c,can_students_earn_credits_from_cte__c,state_profile_c,can_students_earn_credits_from_cte_c,1.0
state_profile__c,commissioner_of_ed__c,state_profile_c,commissioner_of_ed_c,1.0
state_profile__c,computer_science_data_source__c,state_profile_c,computer_science_data_source_c,1.0
state_profile__c,computer_science_funding__c,state_profile_c,computer_science_funding_c,1.0
state_profile__c,consortia__c,state_profile_c,consortia_c,1.0
state_profile__c,count_towards_graduation_summary__c,state_profile_c,count_towards_graduation_summary_c,1.0
state_profile__c,createdbyid,state_profile_c,created_by_id,1.0
state_profile__c,createddate,state_profile_c,created_date,1.0
state_profile__c,criminal_sanction_for_cyberbullying_law__c,state_profile_c,criminal_sanction_for_cyberbullying_law_c,1.0
state_profile__c,current_arr__c,state_profile_c,current_arr_c,1.0
state_profile__c,data_source_date__c,state_profile_c,data_source_date_c,1.0
state_profile__c,dedicated_state_funding_cs_pd__c,state_profile_c,dedicated_state_funding_cs_pd_c,1.0
state_profile__c,defines_bullying_policy__c,state_profile_c,defines_bullying_policy_c,1.0
state_profile__c,dei_funding_notes__c,state_profile_c,dei_funding_notes_c,1.0
state_profile__c,department_of_education__c,state_profile_c,department_of_education_c,1.0
state_profile__c,digital_equity_data_source__c,state_profile_c,digital_equity_data_source_c,1.0
state_profile__c,digital_equity_data_source_date__c,state_profile_c,digital_equity_data_source_date_c,1.0
state_profile__c,digital_equity_funding__c,state_profile_c,digital_equity_funding_c,1.0
state_profile__c,digital_equity_initiative__c,state_profile_c,digital_equity_initiative_c,1.0
state_profile__c,digital_equity_source_data__c,state_profile_c,digital_equity_source_data_c,1.0
state_profile__c,does_the_state_have_a__c,state_profile_c,does_the_state_have_a_c,1.0
state_profile__c,does_the_state_have_a_dual_enrollment__c,state_profile_c,does_the_state_have_a_dual_enrollment_c,1.0
state_profile__c,does_the_state_have_a_plan_for_k_12_cs__c,state_profile_c,does_the_state_have_a_plan_for_k_12_cs_c,1.0
state_profile__c,dor_renewal_date__c,state_profile_c,do_r_renewal_date_c,1.0
state_profile__c,fiscal_years_for_this_state_cs_funding__c,state_profile_c,fiscal_years_for_this_state_cs_funding_c,1.0
state_profile__c,fy_2020_budget_projection__c,state_profile_c,fy_2020_budget_projection_c,1.0
state_profile__c,general_dei_notes__c,state_profile_c,general_dei_notes_c,1.0
state_profile__c,governor__c,state_profile_c,governor_c,1.0
state_profile__c,governor_s_party_affiliation__c,state_profile_c,governor_s_party_affiliation_c,1.0
state_profile__c,how_are_funds_distributed__c,state_profile_c,how_are_funds_distributed_c,1.0
state_profile__c,id,state_profile_c,id,1.0
state_profile__c,identified_a_central_coordinator__c,state_profile_c,identified_a_central_coordinator_c,1.0
state_profile__c,if_yes_provide_details__c,state_profile_c,if_yes_provide_details_c,1.0
state_profile__c,if_yes_who__c,state_profile_c,if_yes_who_c,1.0
state_profile__c,includes_cyberbullying_law__c,state_profile_c,includes_cyberbullying_law_c,1.0
state_profile__c,includes_type_of_punishment_policy__c,state_profile_c,includes_type_of_punishment_policy_c,1.0
state_profile__c,is_there_a_state_plan_for_cs__c,state_profile_c,is_there_a_state_plan_for_cs_c,1.0
state_profile__c,is_there_dedicated_cs_funding__c,state_profile_c,is_there_dedicated_cs_funding_c,1.0
state_profile__c,isdeleted,state_profile_c,is_deleted,1.0
state_profile__c,key_district_partners__c,state_profile_c,key_district_partners_c,1.0
state_profile__c,key_state_leaders__c,state_profile_c,key_state_leaders_c,1.0
state_profile__c,known_competitors__c,state_profile_c,known_competitors_c,1.0
state_profile__c,last_audit_of__c,state_profile_c,last_audit_of_c,1.0
state_profile__c,last_audit_of_bullying__c,state_profile_c,last_audit_of_bullying_c,1.0
state_profile__c,last_audit_of_computer_science_section__c,state_profile_c,last_audit_of_computer_science_section_c,1.0
state_profile__c,last_audit_of_digital_equity_section__c,state_profile_c,last_audit_of_digital_equity_section_c,1.0
state_profile__c,last_audit_of_media_literacy_section__c,state_profile_c,last_audit_of_media_literacy_section_c,1.0
state_profile__c,last_audit_of_online_assessments_section__c,state_profile_c,last_audit_of_online_assessments_section_c,1.0
state_profile__c,last_audit_of_profile_of_a_grad_section__c,state_profile_c,last_audit_of_profile_of_a_grad_section_c,1.0
state_profile__c,last_audit_of_this_page__c,state_profile_c,last_audit_of_this_page_c,1.0
state_profile__c,lastmodifiedbyid,state_profile_c,last_modified_by_id,1.0
state_profile__c,lastmodifieddate,state_profile_c,last_modified_date,1.0
state_profile__c,lastreferenceddate,state_profile_c,last_referenced_date,1.0
state_profile__c,lastvieweddate,state_profile_c,last_viewed_date,1.0
state_profile__c,limited_prof_dev_requirement__c,state_profile_c,limited_prof_dev_requirement_c,1.0
state_profile__c,media_literacy_source_date__c,state_profile_c,media_literacy_source_date_c,1.0
state_profile__c,media_literacy_state_policy_legislation__c,state_profile_c,media_literacy_state_policy_legislation_c,1.0
state_profile__c,media_literacy_summary__c,state_profile_c,media_literacy_summary_c,1.0
state_profile__c,mentions_cyberbullying_policy__c,state_profile_c,mentions_cyberbullying_policy_c,1.0
state_profile__c,name,state_profile_c,name,1.0
state_profile__c,nexus_established__c,state_profile_c,nexus_established_c,1.0
state_profile__c,nexus_threshold__c,state_profile_c,nexus_threshold_c,1.0
state_profile__c,nexus_transaction_threshold__c,state_profile_c,nexus_transaction_threshold_c,1.0
state_profile__c,off_campus_behavior_included_law__c,state_profile_c,off_campus_behavior_included_law_c,1.0
state_profile__c,online_assessments__c,state_profile_c,online_assessments_c,1.0
state_profile__c,online_assessments_notes__c,state_profile_c,online_assessments_notes_c,1.0
state_profile__c,other_approaches_to_prioritize_ml__c,state_profile_c,other_approaches_to_prioritize_ml_c,1.0
state_profile__c,ownerid,state_profile_c,owner_id,1.0
state_profile__c,perkins_v_secondary_cte_program_quality__c,state_profile_c,perkins_v_secondary_cte_program_quality_c,1.0
state_profile__c,political_landscape__c,state_profile_c,political_landscape_c,1.0
state_profile__c,profile_of_a_grad_computer_science__c,state_profile_c,profile_of_a_grad_computer_science_c,1.0
state_profile__c,profile_of_a_grad_digital_literacy__c,state_profile_c,profile_of_a_grad_digital_literacy_c,1.0
state_profile__c,profile_of_a_grad_dl_state_standards__c,state_profile_c,profile_of_a_grad_dl_state_standards_c,1.0
state_profile__c,profile_of_a_grad_source_date__c,state_profile_c,profile_of_a_grad_source_date_c,1.0
state_profile__c,profile_of_a_grad_summary_notes__c,state_profile_c,profile_of_a_grad_summary_notes_c,1.0
state_profile__c,provides_a_model_bullying_policy__c,state_profile_c,provides_a_model_bullying_policy_c,1.0
state_profile__c,refers_to_off_campus_bullying_policy__c,state_profile_c,refers_to_off_campus_bullying_policy_c,1.0
state_profile__c,registered_agent__c,state_profile_c,registered_agent_c,1.0
state_profile__c,registered_with_dor__c,state_profile_c,registered_with_dor_c,1.0
state_profile__c,registered_with_sos__c,state_profile_c,registered_with_so_s_c,1.0
state_profile__c,require_all_k_12_schools_to_offer_cs__c,state_profile_c,require_all_k_12_schools_to_offer_cs_c,1.0
state_profile__c,require_comp_science_summary__c,state_profile_c,require_comp_science_summary_c,1.0
state_profile__c,requires_school_policy_law__c,state_profile_c,requires_school_policy_law_c,1.0
state_profile__c,s_e_a_must_create_a_model_curriculum__c,state_profile_c,s_e_a_must_create_a_model_curriculum_c,1.0
state_profile__c,school_quality_sucess_measure__c,state_profile_c,school_quality_sucess_measure_c,1.0
state_profile__c,school_sanction_for_cyberbullying_law__c,state_profile_c,school_sanction_for_cyberbullying_law_c,1.0
state_profile__c,schools_req_to_inc_in_more_limited_way__c,state_profile_c,schools_req_to_inc_in_more_limited_way_c,1.0
state_profile__c,schools_req_to_inc_instruc_in_all_k_12__c,state_profile_c,schools_req_to_inc_instruc_in_all_k_12_c,1.0
state_profile__c,sos_renewal_date__c,state_profile_c,sos_renewal_date_c,1.0
state_profile__c,state_abbreviation__c,state_profile_c,state_abbreviation_c,1.0
state_profile__c,state_aligned_funding__c,state_profile_c,state_aligned_funding_c,1.0
state_profile__c,state_assessment__c,state_profile_c,state_assessment_c,1.0
state_profile__c,state_champions__c,state_profile_c,state_champions_c,1.0
state_profile__c,state_conferences_events__c,state_profile_c,state_conferences_events_c,1.0
state_profile__c,state_contract_w_lcom__c,state_profile_c,state_contract_w_lcom_c,1.0
state_profile__c,state_cs_funding_amount__c,state_profile_c,state_cs_funding_amount_c,1.0
state_profile__c,state_cs_funding_summary__c,state_profile_c,state_cs_funding_summary_c,1.0
state_profile__c,state_disability_insurance_tax_required__c,state_profile_c,state_disability_insurance_tax_required_c,1.0
state_profile__c,state_educ_agency_must_create_k_12_stand__c,state_profile_c,state_educ_agency_must_create_k_12_stand_c,1.0
state_profile__c,state_educ_agency_must_create_some_stand__c,state_profile_c,state_educ_agency_must_create_some_stand_c,1.0
state_profile__c,state_nexus_established__c,state_profile_c,state_nexus_established_c,1.0
state_profile__c,state_plan_summary__c,state_profile_c,state_plan_summary_c,1.0
state_profile__c,state_policy_for_cte_establishment__c,state_profile_c,state_policy_for_cte_establishment_c,1.0
state_profile__c,state_requires_cs_at_high_schools__c,state_profile_c,state_requires_cs_at_high_schools_c,1.0
state_profile__c,state_rfp_in_2020__c,state_profile_c,state_rfp_in_2020_c,1.0
state_profile__c,state_standards__c,state_profile_c,state_standards_c,1.0
state_profile__c,state_standards_adoption_revision__c,state_profile_c,state_standards_adoption_revision_c,1.0
state_profile__c,state_standards_summary__c,state_profile_c,state_standards_summary_c,1.0
state_profile__c,systemmodstamp,state_profile_c,system_modstamp,1.0
state_profile__c,teacher_cert_licensure_requirements__c,state_profile_c,teacher_cert_licensure_requirements_c,1.0
state_profile__c,test__c,state_profile_c,test_c,1.0
state_profile__c,transaction_nexus_established__c,state_profile_c,transaction_nexus_established_c,1.0
state_profile__c,type_of_dei__c,state_profile_c,type_of_dei_c,1.0
state_profile__c,what_career_clusters_are__c,state_profile_c,what_career_clusters_are_c,1.0
state_profile__c,what_is_program__c,state_profile_c,what_is_program_c,1.0
state_profile__c,which_entity_house_the_state_cte_directo__c,state_profile_c,which_entity_house_the_state_cte_directo_c,1.0
switches__c,automation_off__c,switches_c,automation_off_c,1.0
switches__c,automation_off_code__c,switches_c,automation_off_code_c,1.0
switches__c,createdbyid,switches_c,created_by_id,1.0
switches__c,createddate,switches_c,created_date,1.0
switches__c,id,switches_c,id,1.0
switches__c,isdeleted,switches_c,is_deleted,1.0
switches__c,lastmodifiedbyid,switches_c,last_modified_by_id,1.0
switches__c,lastmodifieddate,switches_c,last_modified_date,1.0
switches__c,name,switches_c,name,1.0
switches__c,setupownerid,switches_c,setup_owner_id,1.0
switches__c,systemmodstamp,switches_c,system_modstamp,1.0
user,aboutme,user,about_me,1.0
user,accountid,user,account_id,1.0
user,alias,user,alias,1.0
user,badgetext,user,badge_text,1.0
user,bannerphotourl,user,banner_photo_url,1.0
user,callcenterid,user,call_center_id,1.0
user,codesterid__c,user,codester_id_c,1.0
user,communitynickname,user,community_nickname,1.0
user,companyname,user,company_name,1.0
user,contactid,user,contact_id,1.0
user,createdbyid,user,created_by_id,1.0
user,createddate,user,created_date,1.0
user,db_region__c,user,db_region_c,1.0
user,defaultgroupnotificationfrequency,user,default_group_notification_frequency,1.0
user,delegatedapproverid,user,delegated_approver_id,1.0
user,department,user,department,1.0
user,department_historical__c,user,department_historical_c,1.0
user,digestfrequency,user,digest_frequency,1.0
user,division,user,division,1.0
user,dstore__store__c,user,dstore_store_c,1.0
user,email,user,email,1.0
user,emailencodingkey,user,email_encoding_key,1.0
user,employeenumber,user,employee_number,1.0
user,endday,user,end_day,1.0
user,extension,user,extension,1.0
user,fax,user,fax,1.0
user,federationidentifier,user,federation_identifier,1.0
user,forecastenabled,user,forecast_enabled,1.0
user,fullphotourl,user,full_photo_url,1.0
user,id,user,id,1.0
user,individualid,user,individual_id,1.0
user,isactive,user,is_active,1.0
user,isextindicatorvisible,user,is_ext_indicator_visible,1.0
user,isprofilephotoactive,user,is_profile_photo_active,1.0
user,languagelocalekey,user,language_locale_key,1.0
user,lastlogindate,user,last_login_date,1.0
user,lastmodifiedbyid,user,last_modified_by_id,1.0
user,lastmodifieddate,user,last_modified_date,1.0
user,lastreferenceddate,user,last_referenced_date,1.0
user,lastvieweddate,user,last_viewed_date,1.0
user,learning_com_territory__c,user,learning_com_territory_c,1.0
user,localesidkey,user,locale_sid_key,1.0
user,managerid,user,manager_id,1.0
user,mediumbannerphotourl,user,medium_banner_photo_url,1.0
user,mediumphotourl,user,medium_photo_url,1.0
user,mobilephone,user,mobile_phone,1.0
user,name,user,name,1.0
user,ns_id__c,user,ns_id_c,1.0
user,number_in_the_queue__c,user,number_in_the_queue_c,1.0
user,offlinepdatrialexpirationdate,user,offline_pda_trial_expiration_date,1.0
user,offlinetrialexpirationdate,user,offline_trial_expiration_date,1.0
user,out_of_office__c,user,out_of_office_c,1.0
user,out_of_office_end_date__c,user,out_of_office_end_date_c,1.0
user,out_of_office_start_date__c,user,out_of_office_start_date_c,1.0
user,outofofficemessage,user,out_of_office_message,1.0
user,passwordexpirationdate,user,password_expiration_date,1.0
user,phone,user,phone,1.0
user,primary_demo_district__c,user,primary_demo_district_c,1.0
user,profileid,user,profile_id,1.0
user,quota__c,user,quota_c,1.0
user,receivesadmininfoemails,user,receives_admin_info_emails,1.0
user,receivesinfoemails,user,receives_info_emails,1.0
user,renewal_quota__c,user,renewal_quota_c,1.0
user,role_display__c,user,role_display_c,1.0
user,sales_engagement_beta__c,user,sales_engagement_beta_c,1.0
user,sales_quota__c,user,sales_quota_c,1.0
user,sbqq__defaultproductlookuptab__c,user,sbqq_default_product_lookup_tab_c,1.0
user,sbqq__diagnostictoolenabled__c,user,sbqq_diagnostic_tool_enabled_c,1.0
user,sbqq__outputformatchangeallowed__c,user,sbqq_output_format_change_allowed_c,1.0
user,sbqq__productsortpreference__c,user,sbqq_product_sort_preference_c,1.0
user,sbqq__resetproductlookup__c,user,sbqq_reset_product_lookup_c,1.0
user,sbqq__theme__c,user,sbqq_theme_c,1.0
user,senderemail,user,sender_email,1.0
user,sendername,user,sender_name,1.0
user,signature,user,signature,1.0
user,smallbannerphotourl,user,small_banner_photo_url,1.0
user,smallphotourl,user,small_photo_url,1.0
user,startday,user,start_day,1.0
user,stayintouchnote,user,stay_in_touch_note,1.0
user,stayintouchsignature,user,stay_in_touch_signature,1.0
user,stayintouchsubject,user,stay_in_touch_subject,1.0
user,suaccessexpirationdate,user,su_access_expiration_date,1.0
user,systemmodstamp,user,system_modstamp,1.0
user,timezonesidkey,user,time_zone_sid_key,1.0
user,title,user,title,1.0
user,user_calendly_link__c,user,user_calendly_link_c,1.0
user,username,user,username,1.0
user,userroleid,user,user_role_id,1.0
user,usertype,user,user_type,1.0
user,x2020_closed_won__c,user,x_2020_closed_won_c,1.0
user,x2020_open_pipline__c,user,x_2020_open_pipline_c,1.0
userrole,caseaccessforaccountowner,user_role,case_access_for_account_owner,1.0
userrole,contactaccessforaccountowner,user_role,contact_access_for_account_owner,1.0
userrole,developername,user_role,developer_name,1.0
userrole,forecastuserid,user_role,forecast_user_id,1.0
userrole,id,user_role,id,1.0
userrole,lastmodifiedbyid,user_role,last_modified_by_id,1.0
userrole,lastmodifieddate,user_role,last_modified_date,1.0
userrole,mayforecastmanagershare,user_role,may_forecast_manager_share,1.0
userrole,name,user_role,name,1.0
userrole,opportunityaccessforaccountowner,user_role,opportunity_access_for_account_owner,1.0
userrole,parentroleid,user_role,parent_role_id,1.0
userrole,portalaccountid,user_role,portal_account_id,1.0
userrole,portalaccountownerid,user_role,portal_account_owner_id,1.0
userrole,portaltype,user_role,portal_type,1.0
userrole,rollupdescription,user_role,rollup_description,1.0
userrole,systemmodstamp,user_role,system_modstamp,1.0
